<?xml version="1.0" encoding="UTF-8"?>
<?xml-stylesheet href="http://www.fda.gov/oc/datacouncil/stylesheets/spl/spl.xsl" type="text/xsl"?><document xmlns="urn:hl7-org:v3" xmlns:voc="http://www.hl7.org/v3/voc" xmlns:xsi="http://www.w3.org/2001/XMLSchema-instance" xsi:schemaLocation="urn:hl7-org:v3 http://www.fda.gov/oc/datacouncil/schemas/spl/spl.xsd">
<id root="304083C2-2B92-4514-A78D-5DE565A313B8" />
<code code="34391-3" codeSystem="2.16.840.1.113883.6.1" codeSystemName="LOINC" displayName="Human prescription drug label" />
<title mediaType="text/x-hl7-title+xml">RINGER&#8217;S IRRIGATION, USP</title>
<effectiveTime value="20060616" />
<setId root="304083C2-2B92-4514-A78D-5DE565A313B8" />
<versionNumber value="1" />
<author>
<time />
<assignedEntity>
<id root="6D554BF3-A5E3-43E2-95BC-37453E8D0708" />
<representedOrganization>
<name>Hospira</name>
<addr />
</representedOrganization>
</assignedEntity>
</author>
<component>
<structuredBody>
<component>
<section>
<id root="7021D2E8-A98B-9168-8342-A974B9816060" />
<effectiveTime value="20060616" />
<subject>
<manufacturedProduct>
<manufacturedMedicine>
<code code="0409-6140" codeSystem="2.16.840.1.113883.6.69" />
<name>Ringer's</name>
<formCode code="C42947" codeSystem="2.16.840.1.113883.3.26.1.1" displayName="IRRIGANT" />
<activeIngredient>
<quantity>
<numerator unit="mg" value="860">
<translation code="C28253" codeSystem="2.16.840.1.113883.3.26.1.1" displayName="MILLIGRAM" value="860" />
</numerator>
<denominator unit="mL" value="100">
<translation code="C28254" codeSystem="2.16.840.1.113883.3.26.1.1" displayName="MILLILITER" value="100" />
</denominator>
</quantity>
<activeIngredientSubstance>
<code code="451W47IQ8X" codeSystem="2.16.840.1.113883.4.9" codeSystemName="FDA SRS" />
<name>Sodium Chloride</name>
<activeMoiety>
<activeMoiety>
<code code="451W47IQ8X" codeSystem="2.16.840.1.113883.4.9" codeSystemName="FDA SRS" />
<name>sodium chloride</name>
</activeMoiety>
</activeMoiety>
</activeIngredientSubstance>
</activeIngredient>
<activeIngredient>
<quantity>
<numerator unit="mg" value="30">
<translation code="C28253" codeSystem="2.16.840.1.113883.3.26.1.1" displayName="MILLIGRAM" value="30" />
</numerator>
<denominator unit="mL" value="100">
<translation code="C28254" codeSystem="2.16.840.1.113883.3.26.1.1" displayName="MILLILITER" value="100" />
</denominator>
</quantity>
<activeIngredientSubstance>
<code code="660YQ98I10" codeSystem="2.16.840.1.113883.4.9" codeSystemName="FDA SRS" />
<name>Potassium Chloride</name>
<activeMoiety>
<activeMoiety>
<code code="660YQ98I10" codeSystem="2.16.840.1.113883.4.9" codeSystemName="FDA SRS" />
<name>Potassium chloride</name>
</activeMoiety>
</activeMoiety>
</activeIngredientSubstance>
</activeIngredient>
<activeIngredient>
<quantity>
<numerator unit="mg" value="33">
<translation code="C28253" codeSystem="2.16.840.1.113883.3.26.1.1" displayName="MILLIGRAM" value="33" />
</numerator>
<denominator unit="mL" value="100">
<translation code="C28254" codeSystem="2.16.840.1.113883.3.26.1.1" displayName="MILLILITER" value="100" />
</denominator>
</quantity>
<activeIngredientSubstance>
<code code="M4I0D6VV5M" codeSystem="2.16.840.1.113883.4.9" codeSystemName="FDA SRS" />
<name>Calcium Chloride Dihydrate</name>
<activeMoiety>
<activeMoiety>
<code code="M4I0D6VV5M" codeSystem="2.16.840.1.113883.4.9" codeSystemName="FDA SRS" />
<name>Calcium chloride</name>
</activeMoiety>
</activeMoiety>
</activeIngredientSubstance>
</activeIngredient>
<asEntityWithGeneric>
<genericMedicine>
<name>Sodium chloride, potassium chloride and calcium chloride</name>
</genericMedicine>
</asEntityWithGeneric>
<inactiveIngredient>
<inactiveIngredientSubstance>
<name>Water</name>
</inactiveIngredientSubstance>
</inactiveIngredient>
<asContent>
<quantity>
<numerator unit="mL" value="1000">
<translation code="C28254" codeSystem="2.16.840.1.113883.3.26.1.1" displayName="MILLILITER" value="1000" />
</numerator>
<denominator value="1">
<translation value="1" />
</denominator>
</quantity>
<containerPackagedMedicine>
<code />
<formCode code="C43173" codeSystem="2.16.840.1.113883.3.26.1.1" displayName="BOTTLE, PLASTIC" />
<asContent>
<quantity>
<numerator value="12">
<translation code="C48477" codeSystem="2.16.840.1.113883.3.26.1.1" displayName="BOTTLE" value="12" />
</numerator>
<denominator value="1">
<translation value="1" />
</denominator>
</quantity>
<containerPackagedMedicine>
<code code="0409-6140-09" codeSystem="2.16.840.1.113883.6.69" />
<formCode code="C43184" codeSystem="2.16.840.1.113883.3.26.1.1" displayName="CASE" />
</containerPackagedMedicine>
</asContent>
</containerPackagedMedicine>
</asContent>
</manufacturedMedicine>
<consumedIn>
<substanceAdministration>
<routeCode code="C38281" codeSystem="2.16.840.1.113883.3.26.1.1" displayName="IRRIGATION" />
</substanceAdministration>
</consumedIn>
</manufacturedProduct>
</subject>
</section>
</component>
<component>
<section>
<id root="DFCBC56D-C45C-80C9-8F7E-BB4DE0BDC478" />
<code code="42229-5" codeSystem="2.16.840.1.113883.6.1" codeSystemName="LOINC" displayName="SPL UNCLASSIFIED SECTION" />
<title mediaType="text/x-hl7-title+xml" />
<text><paragraph><content styleCode="bold italics">FOR ALL GENERAL IRRIGATION,
WASHING AND RINSING PURPOSES</content></paragraph><paragraph><content styleCode="bold">Not
For Injection By Usual Parenteral Routes</content></paragraph><paragraph><content styleCode="bold">Semi-rigid Irrigation Container</content></paragraph><paragraph>Rx
Only</paragraph></text>
<effectiveTime value="20060616" />
</section>
</component>
<component>
<section>
<id root="B614CDD4-B62B-4550-4BC0-74A24D44D1F6" />
<code code="34089-3" codeSystem="2.16.840.1.113883.6.1" codeSystemName="LOINC" displayName="DESCRIPTION SECTION" />
<title mediaType="text/x-hl7-title+xml">DESCRIPTION</title>
<text><paragraph>These products are sterile, nonpyrogenic solutions of electrolytes
in water for injection intended only for sterile irrigation, washing and rinsing
purposes.</paragraph><paragraph>Each 100 mL of Ringer&#8217;s Irrigation,
USP contains: Sodium chloride 860 mg; potassium chloride 30 mg; calcium chloride
dihydrate 33 mg. The pH is 5.7 (5.0 &#8212; 7.5). The solution is isotonic
(309 mOsmol/liter, calc.) and has the following electrolyte content (mEq/liter):
Na<sup>+</sup> 147.5; K<sup>+</sup> 4; Ca<sup>++</sup> 4.5; Cl<sup>&#8722;</sup> 156.</paragraph><paragraph>The
solution contains no bacteriostat, antimicrobial agent or added buffer and
is intended only for use as single-dose or short procedure irrigation. When
smaller volumes are required the unused portion should be discarded. Ringer&#8217;s
Irrigation, USP may be classified as a sterile irrigant, wash, rinse and pharmaceutical
vehicle.</paragraph><paragraph>Calcium Chloride, USP is chemically designated
calcium chloride dihydrate (CaCl<sub>2</sub>&#8226; 2H<sub>2</sub>O), white
fragments or granules freely soluble in water.</paragraph><paragraph>Potassium
Chloride, USP is chemically designated KCl, a white granular powder freely
soluble in water.</paragraph><paragraph>Sodium Chloride, USP is chemically
designated NaCl, a white crystalline powder freely soluble in water.</paragraph><paragraph>Water
for Injection, USP is chemically designated H<sub>2</sub>O.</paragraph><paragraph>The
semi-rigid container is fabricated from a specially formulated polyolefin.
It is a copolymer of ethylene and propylene. The container requires no vapor
barrier to maintain the proper drug concentration.</paragraph><paragraph>Solutions
in contact with the plastic container may leach out certain chemical components
from the plastic in very small amounts; however, biological testing was supportive
of the safety of the plastic container materials.</paragraph><paragraph>Exposure
to temperatures above 25&#176;C/77&#176;F during transport and storage will
lead to minor losses in moisture content. Higher temperatures lead to greater
losses. It is unlikely that these minor losses will lead to clinically significant
changes within the expiration period.</paragraph></text>
<effectiveTime value="20060616" />
</section>
</component>
<component>
<section>
<id root="9C3AA389-F8C6-249E-4672-883B49EAC031" />
<code code="34090-1" codeSystem="2.16.840.1.113883.6.1" codeSystemName="LOINC" displayName="CLINICAL PHARMACOLOGY SECTION" />
<title mediaType="text/x-hl7-title+xml">CLINICAL PHARMACOLOGY</title>
<text><paragraph>Ringer&#8217;s Irrigation, USP exerts a mechanical cleansing
action for sterile irrigation of body cavities, tissues or wounds, indwelling
urethral catheters and surgical drainage tubes, and for washing, rinsing or
soaking surgical dressings, instruments and laboratory specimens. It also
serves as a vehicle for drugs used for irrigation or other pharmaceutical
preparations.</paragraph><paragraph>Ringer&#8217;s Irrigation, USP provides
an isotonic irrigation with the same ionic constituents as Ringer&#8217;s
Injection, USP, a modification of Ringer&#8217;s solution (also called Ringer&#8217;s
mixture) originally used only as a topical physiologic salt solution.</paragraph><paragraph>Ringer&#8217;s
Irrigation, USP is considered generally compatible with living tissues and
organs.</paragraph><paragraph>Calcium Chloride in water dissociates to provide
calcium (Ca<sup>++</sup>) and chloride (Cl<sup>&#8722;</sup>) ions. They
are normal constituents of the body fluids and are dependent on various physiologic
mechanisms for maintenance of balance between intake and output. Approximately
80% of body calcium is excreted in the feces as insoluble salts; urinary excretion
accounts for the remaining 20%.</paragraph><paragraph>Potassium chloride in
water dissociates to provide potassium (K<sup>+</sup>) and chloride (Cl<sup>&#8722;</sup>)
ions. Potassium is the chief cation of body cells (160 mEq/liter of intracellular
water). It is found in low concentration in plasma and extracellular fluids
(3.5 to 5.0 mEq/liter in a healthy adult). Potassium plays an important role
in electrolyte balance.</paragraph><paragraph>Normally about 80 to 90% of
the potassium intake is excreted in the urine; the remainder in the stools
and to a small extent, in the perspiration. The kidney does not conserve potassium
well so that during fasting or in patients on a potassium free diet, potassium
loss from the body continues resulting in potassium depletion.</paragraph><paragraph>Sodium
chloride in water dissociates to provide sodium (Na<sup>+</sup>) and chloride
(Cl<sup>&#8722;</sup>) ions. Sodium (Na<sup>+</sup>) is the principal cation
of the extracellular fluid and plays a large part in the therapy of fluid
and electrolyte disturbances. Chloride (Cl<sup>&#8722;</sup>) has an integral
role in buffering action when oxygen and carbon dioxide exchange occurs in
the red blood cells. The distribution and excretion of sodium (Na<sup>+</sup>)
and chloride (Cl<sup>&#8722;</sup>) are largely under the control of the
kidney which maintains a balance between intake and output.</paragraph><paragraph>Water
is an essential constituent of all body tissues and accounts for approximately
70% of total body weight. Average normal adult daily requirement ranges from
two to three liters (1.0 to 1.5&#160;liters each for insensible water loss
by perspiration and urine production).</paragraph><paragraph>Water balance
is maintained by various regulatory mechanisms. Water distribution depends
primarily on the concentration of electrolytes in the body compartments and
sodium (Na<sup>+</sup>) plays a major role in maintaining physiologic equilibrium.</paragraph></text>
<effectiveTime value="20060616" />
</section>
</component>
<component>
<section>
<id root="7B7BC62F-6FCF-90EE-1F24-8339CF3A960B" />
<code code="34067-9" codeSystem="2.16.840.1.113883.6.1" codeSystemName="LOINC" displayName="INDICATIONS &amp; USAGE SECTION" />
<title mediaType="text/x-hl7-title+xml">INDICATIONS AND USAGE</title>
<text><paragraph>Ringer&#8217;s Irrigation, USP is indicated for all general
irrigation, washing and rinsing purposes which permit use of a sterile, nonpyrogenic
electrolyte solution.</paragraph></text>
<effectiveTime value="20060616" />
</section>
</component>
<component>
<section>
<id root="5BBC175A-397E-D2A7-E215-20FB270EC77F" />
<code code="34070-3" codeSystem="2.16.840.1.113883.6.1" codeSystemName="LOINC" displayName="CONTRAINDICATIONS SECTION" />
<title mediaType="text/x-hl7-title+xml">CONTRAINDICATIONS</title>
<text><paragraph>NOT FOR INJECTION BY USUAL PARENTERAL ROUTES.</paragraph><paragraph>An
electrolyte solution should not be used for irrigation during electrosurgical
procedures. </paragraph></text>
<effectiveTime value="20060616" />
</section>
</component>
<component>
<section>
<id root="0A408B06-04CE-CB93-E8F6-A04EF10A51F2" />
<code code="34071-1" codeSystem="2.16.840.1.113883.6.1" codeSystemName="LOINC" displayName="WARNINGS SECTION" />
<title mediaType="text/x-hl7-title+xml">WARNINGS</title>
<text><paragraph>FOR IRRIGATION ONLY. NOT FOR INJECTION.</paragraph><paragraph>Irrigating
fluids have been demonstrated to enter the systemic circulation in relatively
large volumes; thus this irrigation must be regarded as a systemic drug. Absorption
of large amounts can cause fluid and/or solute overloading resulting in dilution
of serum electrolyte concentrations, overhydration, congested states or pulmonary
edema.</paragraph><paragraph>The risk of dilutional states is inversely proportional
to the electrolyte concentrations of administered parenteral solutions. The
risk of solute overload causing congested states with peripheral and pulmonary
edema is directly proportional to the electrolyte concentrations of such solutions.</paragraph><paragraph>Do
not heat over 66&#176; C (150&#176; F).</paragraph></text>
<effectiveTime value="20060616" />
</section>
</component>
<component>
<section>
<id root="A7F9629F-0505-E00F-D46B-DEA67BF3467B" />
<code code="42232-9" codeSystem="2.16.840.1.113883.6.1" codeSystemName="LOINC" displayName="PRECAUTIONS SECTION" />
<title mediaType="text/x-hl7-title+xml">PRECAUTIONS</title>
<text><paragraph>Do not use for irrigation that may result in absorption into
the blood.</paragraph><paragraph>Caution should be observed when the solution
is used for continuous irrigation or allowed to &#8220;dwell&#8221; inside
body cavities because of possible absorption into the blood stream and the
production of circulatory overload.</paragraph><paragraph>Aseptic technique
is essential with the use of sterile solutions for irrigation of body cavities,
wounds and urethral catheters or for wetting dressings that come in contact
with body tissues.</paragraph><paragraph>When used as a &#8220;pour&#8221;
irrigation, no part of the contents should be allowed to contact the surface
below the outer protected thread area of the semi-rigid wide mouth container.
When used for irrigation via irrigation equipment, the administration set
should be attached promptly. Unused portions should be discarded and a fresh
container of appropriate size used for the start-up of each cycle or repeat
procedure. For repeated irrigations of urethral catheters, a separate container
should be used for each patient.</paragraph><paragraph>Do not administer unless
solution is clear, seal is intact and container is undamaged. Discard unused
portion.</paragraph></text>
<effectiveTime value="20060616" />
<component>
<section>
<id root="105F364A-FE1C-0F90-2C13-D36FD335C3F2" />
<code code="34073-7" codeSystem="2.16.840.1.113883.6.1" codeSystemName="LOINC" displayName="DRUG INTERACTIONS SECTION" />
<title mediaType="text/x-hl7-title+xml">Drug Interactions</title>
<text><paragraph>Additives may be incompatible. Consult with pharmacist, if
available. When introducing additives, use aseptic technique, mix thoroughly
and do not store.</paragraph></text>
<effectiveTime value="20060616" />
</section>
</component>
<component>
<section>
<id root="A353BA37-7445-509F-EEA8-94905E52C1C7" />
<code code="34083-6" codeSystem="2.16.840.1.113883.6.1" codeSystemName="LOINC" displayName="CARCINOGENESIS &amp; MUTAGENESIS &amp; IMPAIRMENT OF FERTILITY SECTION" />
<title mediaType="text/x-hl7-title+xml">Carcinogenesis, Mutagenesis, Impairment of Fertility:</title>
<text><paragraph>Studies with Ringer&#8217;s Irrigation, USP have not been
performed to evaluate carcinogenic potential, mutagenic potential, or effects
on fertility.</paragraph></text>
<effectiveTime value="20060616" />
</section>
</component>
<component>
<section>
<id root="523BB96C-1E97-CC6C-A15C-19F5FE32526E" />
<code code="34080-2" codeSystem="2.16.840.1.113883.6.1" codeSystemName="LOINC" displayName="Nursing Mothers section" />
<title mediaType="text/x-hl7-title+xml">Nursing Mothers:</title>
<text><paragraph>Caution should be exercised when Ringer&#8217;s Irrigation,
USP is administered to a nursing woman.</paragraph></text>
<effectiveTime value="20060616" />
</section>
</component>
<component>
<section>
<id root="81A9DEE0-F1EB-15DF-641B-3F2B58B0195C" />
<code code="42228-7" codeSystem="2.16.840.1.113883.6.1" codeSystemName="LOINC" displayName="PREGNANCY SECTION" />
<title mediaType="text/x-hl7-title+xml">Pregnancy:</title>
<text><paragraph><content styleCode="italics">Teratogenic Effects.</content></paragraph><paragraph><content styleCode="italics">Pregnancy Category C.</content> Animal reproduction studies
have not been conducted with Ringer&#8217;s Irrigation, USP. It is also not
known whether Ringer&#8217;s Irrigation, USP can cause fetal harm when administered
to a pregnant woman or can affect reproduction capacity. Ringer&#8217;s Irrigation,
USP should be given to a pregnant woman only if clearly needed.</paragraph></text>
<effectiveTime value="20060616" />
</section>
</component>
<component>
<section>
<id root="DD4E62E4-E0B1-82C4-41D1-9BE518E6A3EB" />
<code code="34081-0" codeSystem="2.16.840.1.113883.6.1" codeSystemName="LOINC" displayName="PEDIATRIC USE SECTION" />
<title mediaType="text/x-hl7-title+xml">Pediatric Use:</title>
<text><paragraph>Safety and effectiveness in pediatric patients have not been
established.</paragraph></text>
<effectiveTime value="20060616" />
</section>
</component>
<component>
<section>
<id root="E2B342FD-AE72-1AC0-F758-B694C1DC1345" />
<code code="34082-8" codeSystem="2.16.840.1.113883.6.1" codeSystemName="LOINC" displayName="GERIATRIC USE SECTION" />
<title mediaType="text/x-hl7-title+xml">Geriatric Use:</title>
<text><paragraph>Clinical studies of Ringer&#8217;s Irrigation have not been
performed to determine whether patients over 65 years respond differently
from younger subjects. Other reported clinical experience has not identified
differences in responses between elderly and younger patients. In general,
dose selection for an elderly patient should be cautious, reflecting the greater
frequency of decreased hepatic, renal, or cardiac function, and of concomitant
disease or other drug therapy.</paragraph><paragraph>This drug is known to
be substantially excreted by the kidney, and the risk of toxic reactions to
this drug may be greater in patients with impaired renal function. Because
elderly patients are more likely to have decreased renal function, care should
be taken in dose selection, and it may be useful to monitor renal function.</paragraph></text>
<effectiveTime value="20060616" />
</section>
</component>
</section>
</component>
<component>
<section>
<id root="C5AB5272-FAAD-876F-F1F9-E44DE4C38396" />
<code code="34084-4" codeSystem="2.16.840.1.113883.6.1" codeSystemName="LOINC" displayName="ADVERSE REACTIONS SECTION" />
<title mediaType="text/x-hl7-title+xml">ADVERSE REACTIONS</title>
<text><paragraph>Possible adverse effects arising from the irrigation of body
cavities, tissues, or indwelling catheters and tubes are usually avoidable
when proper procedures are followed. Displaced catheters or drainage tubes
can lead to irrigation or infiltration of unintended structures or cavities.
Excessive volume or pressure during irrigation of closed cavities may cause
undue distention or disruption of tissues. Accidental contamination from careless
technique may transmit infection.   Should any adverse reaction occur, discontinue
the irrigant, evaluate the patient, institute appropriate therapeutic countermeasures
and save the remainder of the fluid for examination if deemed necessary.</paragraph></text>
<effectiveTime value="20060616" />
</section>
</component>
<component>
<section>
<id root="299001E3-8090-5A92-0CF1-C911F66C6567" />
<code code="34088-5" codeSystem="2.16.840.1.113883.6.1" codeSystemName="LOINC" displayName="OVERDOSAGE SECTION" />
<title mediaType="text/x-hl7-title+xml">OVERDOSAGE</title>
<text><paragraph>In the event of overhydration or solute overload, re-evaluate
the patient and institute appropriate corrective measures. See WARNINGS, PRECAUTIONS
and ADVERSE REACTIONS.</paragraph></text>
<effectiveTime value="20060616" />
</section>
</component>
<component>
<section>
<id root="922F0DA8-C8F7-9E6B-99FF-69E16C1F4A2B" />
<code code="34068-7" codeSystem="2.16.840.1.113883.6.1" codeSystemName="LOINC" displayName="DOSAGE &amp; ADMINISTRATION SECTION" />
<title mediaType="text/x-hl7-title+xml">DOSAGE AND ADMINISTRATION</title>
<text><paragraph>The dose is dependent upon the capacity or surface area of
the structure to be irrigated and the nature of the procedure. When used as
a vehicle for other drugs, the manufacturer&#8217;s recommendations should
be followed.</paragraph><paragraph>Parenteral drug products should be inspected
visually for particulate matter and discoloration prior to administration,
whenever solution container permits. See PRECAUTIONS.</paragraph></text>
<effectiveTime value="20060616" />
</section>
</component>
<component>
<section>
<id root="4784D56B-5B02-A94F-D4A3-7C42FD9E258F" />
<code code="34069-5" codeSystem="2.16.840.1.113883.6.1" codeSystemName="LOINC" displayName="HOW SUPPLIED SECTION" />
<title mediaType="text/x-hl7-title+xml">HOW SUPPLIED</title>
<text><paragraph>Ringer&#8217;s Irrigation, USP is supplied in a single-dose
1000 mL semi-rigid irrigation container (List No. 6140).</paragraph><paragraph>Exposure
of pharmaceutical products to heat should be minimized. Avoid excessive heat.
Protect from freezing. It is recommended that the product be stored at room
temperature (25&#176; C).</paragraph><table frame="void"><caption />
<colgroup>
<col />
<col />
<col />
</colgroup>
<tbody>
<tr><td valign="top" /><td valign="top" /><td align="right" valign="top" /></tr>
<tr><td valign="top"><paragraph>&#169;Hospira 2004</paragraph></td><td align="center" valign="top"><paragraph>EN-0097</paragraph></td><td align="right" valign="top"><paragraph>Printed in USA</paragraph></td></tr>
</tbody>
</table><paragraph><content styleCode="italics">HOSPIRA, INC., LAKE FOREST,
IL 60045 USA</content></paragraph></text>
<effectiveTime value="20060616" />
</section>
</component>
</structuredBody>
</component>
</document>
