<?xml version="1.0" encoding="UTF-8"?>
<?xml-stylesheet href="http://www.fda.gov/oc/datacouncil/stylesheets/spl/spl.xsl" type="text/xsl"?><document xmlns="urn:hl7-org:v3" xmlns:voc="http://www.hl7.org/v3/voc" xmlns:xsi="http://www.w3.org/2001/XMLSchema-instance" xsi:schemaLocation="urn:hl7-org:v3 http://www.fda.gov/oc/datacouncil/schemas/spl/spl.xsd">
<id root="7AE2E497-285C-4881-B817-7098340B7E23" />
<code code="34391-3" codeSystem="2.16.840.1.113883.6.1" codeSystemName="LOINC" displayName="HUMAN PRESCRIPTION DRUG LABELING" />
<title mediaType="text/x-hl7-title+xml">HYPERSTAT<sup>&#174;</sup> I.V.<br />brand of diazoxide, USP<br />Injection</title>
<effectiveTime value="20060510" />
<setId root="7AE2E497-285C-4881-B817-7098340B7E23" />
<versionNumber value="2" />
<author>
  <time/>
  <assignedEntity>
   <representedOrganization>
    <name>Schering Corporation</name>
   </representedOrganization>
  </assignedEntity>
</author>
<component>
<structuredBody>
<component>
<section>
<id root="BDBDAB64-5D6F-7E30-A239-3F817F412590" />
<effectiveTime value="20060510" />
<subject>
<manufacturedProduct>
<manufacturedMedicine>
<code code="0085-0201" codeSystem="2.16.840.1.113883.6.69" />
<name>HYPERSTAT</name>
<formCode code="C42946" codeSystem="2.16.840.1.113883.3.26.1.1" displayName="INJECTION" />
<activeIngredient>
<quantity>
<numerator unit="mg" value="300">
<translation code="C28253" codeSystem="2.16.840.1.113883.3.26.1.1" displayName="MILLIGRAM" value="300" />
</numerator>
<denominator unit="mL" value="20">
<translation code="C28254" codeSystem="2.16.840.1.113883.3.26.1.1" displayName="MILLILITER" value="20" />
</denominator>
</quantity>
<activeIngredientSubstance>
<code code="O5CB12L4FN" codeSystem="2.16.840.1.113883.4.9" codeSystemName="FDA SRS" />
<name>diazoxide</name>
<activeMoiety>
<activeMoiety>
<code code="O5CB12L4FN" codeSystem="2.16.840.1.113883.4.9" codeSystemName="FDA SRS" />
<name>diazoxide</name>
</activeMoiety>
</activeMoiety>
</activeIngredientSubstance>
</activeIngredient>
<asEntityWithGeneric>
<genericMedicine>
<name>diazoxide</name>
</genericMedicine>
</asEntityWithGeneric>
<inactiveIngredient>
<inactiveIngredientSubstance>
<code code="55X04QC32I" codeSystem="2.16.840.1.113883.4.9" codeSystemName="FDA SRS" />
<name>Sodium Hydroxide</name>
</inactiveIngredientSubstance>
</inactiveIngredient>
<asContent>
<quantity>
<numerator unit="mL" value="20">
<translation code="C28254" codeSystem="2.16.840.1.113883.3.26.1.1" displayName="MILLILITER" value="20" />
</numerator>
<denominator value="1">
<translation value="1" />
</denominator>
</quantity>
<containerPackagedMedicine>
<code />
<formCode code="C43165" codeSystem="2.16.840.1.113883.3.26.1.1" displayName="AMPULE" />
<asContent>
<quantity>
<numerator value="1">
<translation code="C48473" codeSystem="2.16.840.1.113883.3.26.1.1" displayName="AMPULE" value="1" />
</numerator>
<denominator value="1">
<translation value="1" />
</denominator>
</quantity>
<containerPackagedMedicine>
<code code="0085-0201-05" codeSystem="2.16.840.1.113883.6.69" />
<formCode code="C43178" codeSystem="2.16.840.1.113883.3.26.1.1" displayName="BOX" />
</containerPackagedMedicine>
</asContent>
</containerPackagedMedicine>
</asContent>
</manufacturedMedicine>
<consumedIn>
<substanceAdministration>
<routeCode code="C38276" codeSystem="2.16.840.1.113883.3.26.1.1" displayName="INTRAVENOUS" />
</substanceAdministration>
</consumedIn>
</manufacturedProduct>
</subject>
</section>
</component>
<component>
<section>
<id root="131578C9-81BF-6B08-E8FC-FC1F811A4DEA" />
<code code="42229-5" codeSystem="2.16.840.1.113883.6.1" codeSystemName="LOINC" displayName="SPL UNCLASSIFIED SECTION" />
<title mediaType="text/x-hl7-title+xml" />
<text><paragraph><content styleCode="bold">For Intravenous Use in<br />Hospitalized Patients Only</content></paragraph><paragraph><content styleCode="bold">PRODUCT INFORMATION</content></paragraph></text>
<effectiveTime value="20060510" />
</section>
</component>
<component>
<section>
<id root="1A5A6D76-F8F2-99D8-AC6A-1A45E9291DB3" />
<code code="34089-3" codeSystem="2.16.840.1.113883.6.1" codeSystemName="LOINC" displayName="DESCRIPTION SECTION" />
<title mediaType="text/x-hl7-title+xml">DESCRIPTION</title>
<text><paragraph>HYPERSTAT I.V. Injection is a non-diuretic benzothiadiazine antihypertensive agent. Each ampule (20 mL) contains 300 mg diazoxide, USP, in a clear, sterile, colorless aqueous solution; the pH is adjusted to approximately 11.6 with sodium hydroxide.</paragraph><paragraph>Diazoxide has the following structural formula:</paragraph><renderMultiMedia referencedObject="MM1" /><paragraph>Diazoxide is 7-chloro-3-methyl-2<content styleCode="italics">H</content>-1,2,4-benzothiadiazine 1,1-dioxide, with the empirical formula C<sub>8</sub>H<sub>7</sub>ClN<sub>2</sub>O<sub>2</sub>S, and the molecular weight 230.7. It is a white crystalline powder practically insoluble to sparingly soluble in water.</paragraph></text>
<effectiveTime value="20060510" />
<component>
<observationMedia ID="MM1">
<value mediaType="image/jpeg" xsi:type="ED"><reference value="hyperstat-image01.jpg" /></value>
</observationMedia>
</component>
</section>
</component>
<component>
<section ID="clinical_pharmacology">
<id root="B1C9C59C-C609-91C7-9E62-E43AA47FC767" />
<code code="34090-1" codeSystem="2.16.840.1.113883.6.1" codeSystemName="LOINC" displayName="CLINICAL PHARMACOLOGY SECTION" />
<title mediaType="text/x-hl7-title+xml">CLINICAL PHARMACOLOGY</title>
<text><paragraph>HYPERSTAT I.V. Injection produces a prompt reduction of blood pressure in man by relaxing smooth muscle in the peripheral arterioles. Cardiac output is increased as blood pressure is reduced. Studies in animals demonstrate that coronary blood flow is maintained, while renal blood flow is increased after an initial decrease.</paragraph><paragraph>Transient hyperglycemia occurs in the majority of patients treated with HYPERSTAT, but usually requires treatment only in patients with diabetes mellitus. It will respond to the usual management measures, including insulin.</paragraph><paragraph>Blood glucose levels should be monitored, especially in patients with diabetes and in those requiring multiple injections of diazoxide. Cataracts have been observed in a few animals receiving repeated daily doses of intravenous diazoxide.</paragraph><paragraph>Since diazoxide causes sodium retention, repeated injections may precipitate edema and congestive heart failure. Increased volume of extracellular fluid may be a cause of treatment failure in nonresponsive patients. The increase in fluid volume characteristically responds to diuretic agents if adequate renal function exists. Concurrently administered thiazide diuretics may be expected to potentiate the antihypertensive and hyperuricemic actions of diazoxide. (See <content styleCode="bold"><linkHtml href="#drug_interactions">Drug Interactions</linkHtml></content>.)</paragraph><paragraph>Diazoxide is extensively bound to serum protein (&gt;90%). The plasma half-life is 28 &#177; 8.3 hours; however, the duration of its antihypertensive effect is variable, generally lasting less than 12 hours.</paragraph></text>
<effectiveTime value="20060510" />
</section>
</component>
<component>
<section ID="indications_usage">
<id root="ED52E66E-E787-6770-2EA4-95FE0AFE1101" />
<code code="34067-9" codeSystem="2.16.840.1.113883.6.1" codeSystemName="LOINC" displayName="INDICATIONS &amp; USAGE SECTION" />
<title mediaType="text/x-hl7-title+xml">INDICATIONS AND USAGE</title>
<text><paragraph>HYPERSTAT I.V. Injection is indicated for short-term use in the emergency reduction of blood pressure in severe, nonmalignant and malignant hypertension in hospitalized adults; and in acute severe hypertension in hospitalized children, when prompt and urgent decrease of diastolic pressure is required. Treatment with orally effective antihypertensive agents should not be instituted until blood pressure has stabilized. The use of HYPERSTAT I.V. Injection for longer than 10 days is not recommended.</paragraph><paragraph>HYPERSTAT I.V. Injection is ineffective against hypertension due to pheochromocytoma.</paragraph></text>
<effectiveTime value="20060510" />
</section>
</component>
<component>
<section>
<id root="3089EACD-1DEB-7766-2AC0-756556400885" />
<code code="34070-3" codeSystem="2.16.840.1.113883.6.1" codeSystemName="LOINC" displayName="CONTRAINDICATIONS SECTION" />
<title mediaType="text/x-hl7-title+xml">CONTRAINDICATIONS</title>
<text><paragraph>HYPERSTAT I.V. Injection should not be used in the treatment of compensatory hypertension, such as that associated with aortic coarctation or arteriovenous shunt, and should not be used in patients hypersensitive to diazoxide, other thiazides, or other sulfonamide-derived drugs.</paragraph></text>
<effectiveTime value="20060510" />
</section>
</component>
<component>
<section ID="warnings">
<id root="6C2902FF-D6A6-F9B7-A37D-018963967D48" />
<code code="34071-1" codeSystem="2.16.840.1.113883.6.1" codeSystemName="LOINC" displayName="WARNINGS SECTION" />
<title mediaType="text/x-hl7-title+xml">WARNINGS</title>
<effectiveTime value="20060510" />
<component>
<section>
<id root="947EFBE0-7320-04D4-F1DD-ED1D4F360344" />
<code code="42229-5" codeSystem="2.16.840.1.113883.6.1" codeSystemName="LOINC" displayName="SPL UNCLASSIFIED SECTION" />
<title mediaType="text/x-hl7-title+xml">Rapid Decrease of Blood Pressure</title>
<text><paragraph>Caution must be observed when reducing severely elevated blood pressure. Diazoxide should only be administered utilizing the new 150-mg minibolus dosage. The use of a 300-mg intravenous dose of diazoxide has been associated with angina and with myocardial and cerebral infarction. One instance of optic nerve infarction was reported when a 100-mmHg reduction in diastolic pressure occurred over ten minutes following a single 300-mg bolus. In one prospective trial conducted in patients with severe hypertension and coexistent coronary artery disease, a 50% incidence of ischemic changes in the electrocardiogram was observed following single 300-mg bolus injections of diazoxide. The desired blood pressure lowering should therefore be achieved over as long a period of time as is compatible with the patient's status. At least several hours and preferably 1 or 2 days is tentatively recommended.</paragraph><paragraph>Improved safety with equal efficacy can be achieved by administering HYPERSTAT I.V. Injection as a minibolus dose (1 to 3 mg/kg every 5 to 15 minutes up to a maximum of 150 mg in a single injection) until a diastolic blood pressure below 100 mmHg is achieved. HYPERSTAT I.V. Injection should not be administered in a bolus dose of 300 mg since this mode of administration is less predictable and less controllable than the minibolus dosage. If hypotension severe enough to require therapy results from the reduction in blood pressure, it will usually respond to the Trendelenberg maneuver. If necessary, sympathomimetic agents such as dopamine or norepinephrine may be administered.</paragraph><paragraph>Special attention is required for patients with diabetes mellitus and those in whom retention of salt and water may present serious problems.</paragraph></text>
<effectiveTime value="20060510" />
</section>
</component>
<component>
<section>
<id root="DC8F5CC1-BA5E-836D-162B-17EDBF623461" />
<code code="42229-5" codeSystem="2.16.840.1.113883.6.1" codeSystemName="LOINC" displayName="SPL UNCLASSIFIED SECTION" />
<title mediaType="text/x-hl7-title+xml">Myocardial Lesions in Animals</title>
<text><paragraph>Intravenous administration of diazoxide in dogs has induced subendocardial necrosis and necrosis of papillary muscles. These lesions, which are also produced by other vasodilator drugs (ie, hydralazine, minoxidil) and by catecholamines, are presumed to be related to anoxia resulting from a combination of reflex tachycardia and decreased perfusion.</paragraph></text>
<effectiveTime value="20060510" />
</section>
</component>
</section>
</component>
<component>
<section>
<id root="E18FC41A-C572-3A9D-506E-38475A31583C" />
<code code="42232-9" codeSystem="2.16.840.1.113883.6.1" codeSystemName="LOINC" displayName="PRECAUTIONS SECTION" />
<title mediaType="text/x-hl7-title+xml">PRECAUTIONS</title>
<effectiveTime value="20060510" />
<component>
<section>
<id root="E4A8CFD7-46EE-42B6-10AE-B2726E202478" />
<code code="34072-9" codeSystem="2.16.840.1.113883.6.1" codeSystemName="LOINC" displayName="GENERAL PRECAUTIONS SECTION" />
<title mediaType="text/x-hl7-title+xml">General</title>
<text><paragraph>HYPERSTAT (diazoxide) I.V. Injection is an effective antihypertensive agent requiring close monitoring of the patient's blood pressure at frequent intervals. Its administration may occasionally cause hypotension requiring treatment with sympathomimetic drugs. Therefore, HYPERSTAT I.V. Injection should be used primarily in the hospital or where adequate facilities exist to treat such untoward responses.</paragraph><paragraph>HYPERSTAT I.V. Injection should be administered only into a peripheral vein. Because the alkalinity of the solution is irritating to tissue, avoid extravascular injection or leakage. Subcutaneous administration has produced inflammation and pain without subsequent necrosis. If leakage into subcutaneous tissue occurs, the area should be treated with warm compresses and rest.</paragraph><paragraph>HYPERSTAT I.V. Injection should be used with care in patients who have impaired cerebral or cardiac circulation, that is, patients in whom abrupt reduction in blood pressure might be detrimental or those in whom mild tachycardia or decreased blood perfusion may be deleterious (see <content styleCode="bold"><linkHtml href="#warnings">WARNINGS</linkHtml></content>). Prolonged hypotension should be avoided so as not to aggravate preexisting renal failure.</paragraph></text>
<effectiveTime value="20060510" />
</section>
</component>
<component>
<section>
<id root="990097A5-1B32-CDBC-EBF8-0696C8E259DF" />
<code code="34076-0" codeSystem="2.16.840.1.113883.6.1" codeSystemName="LOINC" displayName="INFORMATION FOR PATIENTS SECTION" />
<title mediaType="text/x-hl7-title+xml">Information for Patients</title>
<text><paragraph>During and immediately following intravenous injection of HYPERSTAT I.V. Injection, the patient should remain supine.</paragraph></text>
<effectiveTime value="20060510" />
</section>
</component>
<component>
<section>
<id root="2BCB1EE7-EC7E-2B85-AD9D-0BD4F7A7901E" />
<code code="34075-2" codeSystem="2.16.840.1.113883.6.1" codeSystemName="LOINC" displayName="LABORATORY TESTS SECTION" />
<title mediaType="text/x-hl7-title+xml">Laboratory Tests</title>
<text><paragraph>Diagnostic laboratory tests necessary to establish the patient's condition and status should be carried out prior to treatment with HYPERSTAT I.V. Injection. During and following treatment with HYPERSTAT I.V. Injection, laboratory tests to monitor the effects of treatment with this drug and the patient's condition should be done. Among the tests (not necessarily inclusive) are: hematologic (hematocrit, hemoglobin, white blood cell and platelet counts); metabolic (glucose, uric acid, total protein, albumin); electrolyte (sodium, potassium) and osmolality; renal function (creatinine, urine-protein); electrocardiogram.</paragraph></text>
<effectiveTime value="20060510" />
</section>
</component>
<component>
<section ID="drug_interactions">
<id root="D4E12CDE-8155-AA6A-F94F-49C80B592F65" />
<code code="34073-7" codeSystem="2.16.840.1.113883.6.1" codeSystemName="LOINC" displayName="DRUG INTERACTIONS SECTION" />
<title mediaType="text/x-hl7-title+xml">Drug Interactions</title>
<text><paragraph>Diazoxide is highly bound to serum protein. It can be expected to displace other substances which are also bound to protein, such as bilirubin or coumarin and its derivatives; resulting in higher blood levels of these substances.</paragraph><paragraph>An undesirable hypotension may result when diazoxide is administered to patients who have received other antihypertensive medication within 6 hours.</paragraph><paragraph>One patient in a clinical study exhibited excessive hypotension after concomitant administration of HYPERSTAT with hydralazine and methyldopa. An episode of maternal hypotension and fetal bradycardia occurred in a patient in labor who received both reserpine and hydralazine prior to administration of diazoxide. Neonatal hyperglycemia following intrapartum administration of HYPERSTAT I.V. Injection has also been reported.</paragraph><paragraph>HYPERSTAT I.V. Injection should not be administered within 6 hours of the administration of: hydralazine, reserpine, alphaprodine, methyldopa, beta-blockers, prazosin, minoxidil, the nitrites and other papaverine-like compounds.</paragraph><paragraph>Concomitant administration with thiazides or other commonly used diuretics may be expected to potentiate the hyperuricemic and antihypertensive effects of diazoxide.</paragraph></text>
<effectiveTime value="20060510" />
</section>
</component>
<component>
<section>
<id root="66B9BDAD-1488-BCF1-2DE9-0877F9237931" />
<code code="34074-5" codeSystem="2.16.840.1.113883.6.1" codeSystemName="LOINC" displayName="DRUG &amp;OR LABORATORY TEST INTERACTIONS SECTION" />
<title mediaType="text/x-hl7-title+xml">Drug/Laboratory Test Interactions</title>
<text><paragraph>The hyperglycemic and hyperuricemic effects of diazoxide preclude proper assessment of these metabolic states. Increased renin secretion, IgG concentrations and decreased cortisol secretion have also been noted. Diazoxide inhibits glucagon-stimulated insulin release and will cause a false-negative insulin response to glucagon. In the rat, dog, and monkey, diazoxide increased serum free fatty acids and decreased plasma insulin levels.</paragraph></text>
<effectiveTime value="20060510" />
</section>
</component>
<component>
<section>
<id root="2CCC2EC8-2EAE-6340-2EB6-3DB85193D05F" />
<code code="34083-6" codeSystem="2.16.840.1.113883.6.1" codeSystemName="LOINC" displayName="CARCINOGENESIS &amp; MUTAGENESIS &amp; IMPAIRMENT OF FERTILITY SECTION" />
<title mediaType="text/x-hl7-title+xml">Carcinogenesis, Mutagenesis, Impairment of Fertility</title>
<text><paragraph>No long-term animal dosing study has been done to evaluate the carcinogenic potential of diazoxide. No laboratory studies of mutagenic potential or animal studies of effects on fertility have been done.</paragraph></text>
<effectiveTime value="20060510" />
</section>
</component>
<component>
<section>
<id root="3E261A4B-58FD-29C1-05CE-0D354B8BAF7C" />
<code code="42228-7" codeSystem="2.16.840.1.113883.6.1" codeSystemName="LOINC" displayName="PREGNANCY" />
<title mediaType="text/x-hl7-title+xml">Pregnancy Category C</title>
<text><paragraph>Diazoxide has been shown to reduce fetal and/or pup survival; and to reduce fetal growth in rats, rabbits, and dogs at daily doses of 30, 21, or 10 mg/kg, respectively. In rats treated at term, diazoxide, at doses of 10 mg/kg and above, prolonged parturition.</paragraph><paragraph>The safety of HYPERSTAT I.V. Injection in pregnancy has not been established.</paragraph></text>
<effectiveTime value="20060510" />
</section>
</component>
<component>
<section>
<id root="2E36BA52-7885-2A32-5ED0-1CEFB6FCA769" />
<code code="34078-6" codeSystem="2.16.840.1.113883.6.1" codeSystemName="LOINC" displayName="NONTERATOGENIC EFFECTS SECTION" />
<title mediaType="text/x-hl7-title+xml">Nonteratogenic Effects</title>
<text><paragraph>Diazoxide crosses the placental barrier and appears in cord blood. When given to the mother prior to delivery, the drug may produce fetal or neonatal hyperbilirubinemia, thrombocytopenia, altered carbohydrate metabolism, and possibly other side effects that have occurred in adults.</paragraph></text>
<effectiveTime value="20060510" />
</section>
</component>
<component>
<section>
<id root="C3578681-87B6-9875-F552-BDEB849903BD" />
<code code="34079-4" codeSystem="2.16.840.1.113883.6.1" codeSystemName="LOINC" displayName="LABOR &amp; DELIVERY SECTION" />
<title mediaType="text/x-hl7-title+xml">Labor and Delivery</title>
<text><paragraph>HYPERSTAT I.V. Injection is not indicated for use in pregnancy. Intravenous administration of the drug during labor may cause cessation of uterine contractions, requiring administration of an oxytocic agent.</paragraph></text>
<effectiveTime value="20060510" />
</section>
</component>
<component>
<section>
<id root="517BEAFF-8B90-7B22-C310-87B36D9FE04F" />
<code code="34080-2" codeSystem="2.16.840.1.113883.6.1" codeSystemName="LOINC" displayName="NURSING MOTHERS SECTION" />
<title mediaType="text/x-hl7-title+xml">Nursing Mothers</title>
<text><paragraph>Information is not available concerning the passage of HYPERSTAT in breast milk. Because many drugs are excreted in human milk and because of the potential for adverse reactions in nursing infants from diazoxide, a decision should be made whether to discontinue nursing or to discontinue the drug, taking into account the importance of the drug to the mother.</paragraph></text>
<effectiveTime value="20060510" />
</section>
</component>
<component>
<section>
<id root="38A52D9A-35B1-C5A2-11E3-F5E9DBE37373" />
<code code="34081-0" codeSystem="2.16.840.1.113883.6.1" codeSystemName="LOINC" displayName="PEDIATRIC USE SECTION" />
<title mediaType="text/x-hl7-title+xml">Pediatric Use</title>
<text><paragraph>See <content styleCode="bold"><linkHtml href="#indications_usage">INDICATIONS AND USAGE</linkHtml></content>.</paragraph></text>
<effectiveTime value="20060510" />
</section>
</component>
</section>
</component>
<component>
<section>
<id root="A6E05E7C-86BB-B48B-7120-EA4D694DBEE3" />
<code code="34084-4" codeSystem="2.16.840.1.113883.6.1" codeSystemName="LOINC" displayName="ADVERSE REACTIONS SECTION" />
<title mediaType="text/x-hl7-title+xml">ADVERSE REACTIONS</title>
<text><paragraph>It is reasonable to speculate that the currently recommended minibolus dosing regimen, which has replaced the 300-mg bolus dose in clinical practice, will result in adverse effects which are of similar character but of lesser frequency and severity.</paragraph><paragraph>In clinical experience with the rapid bolus administration of 300 mg, the most common adverse reactions reported were: hypotension (7%); nausea and vomiting (4%); dizziness and weakness (2%). Additional adverse reactions reported with bolus administration of 300 mg were as follows:</paragraph></text>
<effectiveTime value="20060510" />
<component>
<section>
<id root="1C87599D-3C41-2EE2-E413-028ABE6C92C6" />
<code code="42229-5" codeSystem="2.16.840.1.113883.6.1" codeSystemName="LOINC" displayName="SPL UNCLASSIFIED SECTION" />
<title mediaType="text/x-hl7-title+xml" />
<text><paragraph><content styleCode="Bold">Cardiovascular:</content> sodium and water retention after repeated injections, especially important in patients with impaired cardiac reserve; hypotension to shock levels; myocardial ischemia, usually transient and manifested by angina, atrial and ventricular arrhythmias, and marked electrocardiographic changes, but occasionally leading to myocardial infarction; optic nerve infarction following too rapid decrease in severely elevated blood pressure; supraventricular tachycardia and palpitation; bradycardia; chest discomfort or nonanginal "tightness in the chest."</paragraph></text>
<effectiveTime value="20060510" />
</section>
</component>
<component>
<section>
<id root="69AE4094-212F-E6F9-5DD8-E1AD7A63EB9B" />
<code code="42229-5" codeSystem="2.16.840.1.113883.6.1" codeSystemName="LOINC" displayName="SPL UNCLASSIFIED SECTION" />
<title mediaType="text/x-hl7-title+xml" />
<text><paragraph><content styleCode="Bold">Central Nervous System:</content> cerebral ischemia, usually transient but occasionally leading to infarction and manifested by unconsciousness, convulsions, paralysis, confusion, or focal neurological deficit such as numbness of the hands; vasodilative phenomena, such as orthostatic hypotension, sweating, flushing, and generalized or localized sensations of warmth; various transient neurological findings secondary to alteration in regional blood flow to brain, such as headache (sometimes throbbing), dizziness, lightheadedness, sleepiness (also reported as lethargy, somnolence or drowsiness), euphoria or "funny feeling," ringing in the ears and momentary hearing loss, and weakness of short duration; apprehension or anxiety.</paragraph></text>
<effectiveTime value="20060510" />
</section>
</component>
<component>
<section>
<id root="AD66345E-92E0-1363-2AC3-A5D9B255EFD9" />
<code code="42229-5" codeSystem="2.16.840.1.113883.6.1" codeSystemName="LOINC" displayName="SPL UNCLASSIFIED SECTION" />
<title mediaType="text/x-hl7-title+xml" />
<text><paragraph><content styleCode="Bold">Gastrointestinal:</content> rarely, acute pancreatitis; nausea, vomiting and/or abdominal discomfort; anorexia; alteration in taste; parotid swelling; salivation; dry mouth; lacrimation; ileus; constipation and diarrhea.</paragraph></text>
<effectiveTime value="20060510" />
</section>
</component>
<component>
<section>
<id root="0229C9DA-86BE-19E9-B3CC-FF06BE22BE28" />
<code code="42229-5" codeSystem="2.16.840.1.113883.6.1" codeSystemName="LOINC" displayName="SPL UNCLASSIFIED SECTION" />
<title mediaType="text/x-hl7-title+xml" />
<text><paragraph><content styleCode="Bold">Other:</content> hyperglycemia in diabetic patients, especially after repeated injections; hyperosmolar coma in an infant; transient hyperglycemia in nondiabetic patients; transient retention of nitrogenous wastes; various respiratory finding secondary to the relaxation of smooth muscle, such as dyspnea, cough and choking sensation; warmth or pain along the injected vein; cellulitis without sloughing and/or phlebitis at the injection site of extravasation; back pain and increased nocturia; hypersensitivity reactions, such as rash, leukopenia and fever; papilledema induced by plasma volume expansion secondary to the administration of diazoxide reported in a patient who had received eleven injections (300 mg/dose) over a 22-day period; malaise and blurred vision; transient cataract in an infant; hirsutism, and decreased libido.</paragraph></text>
<effectiveTime value="20060510" />
</section>
</component>
</section>
</component>
<component>
<section>
<id root="1BCB5425-268F-E80B-FB6E-3F7A5316247F" />
<code code="34088-5" codeSystem="2.16.840.1.113883.6.1" codeSystemName="LOINC" displayName="OVERDOSAGE SECTION" />
<title mediaType="text/x-hl7-title+xml">OVERDOSAGE</title>
<text><paragraph>Overdosage of HYPERSTAT I.V. Injection may cause undesirable hypotension. Usually, this can be controlled with the Trendelenberg maneuver. If necessary, sympathomimetic agents, such as dopamine or norepinephrine, may be administered. Failure of blood pressure to rise in response to such agents suggests that the hypotension may have been caused by something other than diazoxide. Excessive hyperglycemia resulting from overdosage will respond to conventional therapy of hyperglycemia.</paragraph></text>
<effectiveTime value="20060510" />
</section>
</component>
<component>
<section>
<id root="7B40B8B5-F172-8914-0910-3F5CFA546DE4" />
<code code="34068-7" codeSystem="2.16.840.1.113883.6.1" codeSystemName="LOINC" displayName="DOSAGE &amp; ADMINISTRATION SECTION" />
<title mediaType="text/x-hl7-title+xml">DOSAGE AND ADMINISTRATION</title>
<text><paragraph>HYPERSTAT I.V. Injection was originally recommended for use by bolus administration of 300 mg. Recent studies have shown that <content styleCode="underline">minibolus administration of HYPERSTAT I.V. Injection</content>, ie, doses of 1 to 3 mg/kg repeated at intervals of 5 to 15 minutes is as effective in reducing blood pressure. Minibolus administration usually provides a more gradual reduction in blood pressure and thus may be expected to reduce the circulatory and neurological risks associated with acute hypotension.</paragraph><paragraph>HYPERSTAT I.V. Injection is administered undiluted and rapidly by intravenous injections of 1 to 3 mg/kg up to a maximum of 150 mg in a single injection. This dose may be repeated at intervals of 5 to 15 minutes until a satisfactory reduction in blood pressure (diastolic pressure below 100 mmHg) has been achieved.</paragraph><paragraph>With the patient recumbent, the calculated dose of HYPERSTAT I.V. Injection is administered intravenously in 30 seconds or less.</paragraph><paragraph>HYPERSTAT I.V. Injection should only be given into a peripheral vein. Do not administer it intramuscularly, subcutaneously, or into body cavities. Avoid extravasation of the drug into subcutaneous tissues.</paragraph><paragraph>Following the use of HYPERSTAT I.V. Injection, the blood pressure should be monitored closely until it has stabilized. Thereafter, measurements taken hourly during the balance of the effect should indicate any unusual response. A further decrease in blood pressure 30 minutes or more after injection should be investigated for causes other than the action of HYPERSTAT I.V. Injection. It is preferable that the patient remain supine for at least 1 hour after injection. In ambulatory patients, the blood pressure should also be measured with the patient standing before surveillance is ended.</paragraph><paragraph>Repeated administration of HYPERSTAT I.V. Injection at intervals of 4 to 24 hours usually will maintain the blood pressure below pretreatment levels until a regimen of oral antihypertensive medication can be instituted. The interval between injections may be adjusted by the duration of the response to each injection. It is usually unnecessary to continue treatment with HYPERSTAT I.V. Injection for more than 4 to 5 days.</paragraph><paragraph>Since repeated administration of HYPERSTAT I.V. Injection can lead to sodium and water retention, administration of a diuretic may be necessary both for maximal blood pressure reduction and to avoid congestive heart failure. (See <content styleCode="bold"><linkHtml href="#clinical_pharmacology">CLINICAL PHARMACOLOGY</linkHtml></content>.)</paragraph><paragraph>Parenteral drug products should be inspected visually for particulate matter and discoloration prior to administration, whenever solution and container permit.</paragraph></text>
<effectiveTime value="20060510" />
</section>
</component>
<component>
<section>
<id root="F12184C3-13C4-59E7-66C8-14D7D9368D19" />
<code code="34069-5" codeSystem="2.16.840.1.113883.6.1" codeSystemName="LOINC" displayName="HOW SUPPLIED SECTION" />
<title mediaType="text/x-hl7-title+xml">HOW SUPPLIED</title>
<text><paragraph>HYPERSTAT I.V. Injection is supplied in a 20-mL ampule, containing 300 mg diazoxide, in a clear, sterile, colorless, aqueous solution; box of one ampule (NDC 0085-0201-05).</paragraph><paragraph><content styleCode="bold">Protect from light and freezing. Store at 25&#176;C (77&#176;F); excursions permitted to 15&#176;&#8211;30&#176;C (59&#176;&#8211;86&#176;F) [see USP Controlled Room Temperature].</content></paragraph></text>
<effectiveTime value="20060510" />
</section>
</component>
<component>
<section>
<id root="2EF21B85-D358-368D-217A-8140C289875F" />
<code code="42229-5" codeSystem="2.16.840.1.113883.6.1" codeSystemName="LOINC" displayName="SPL UNCLASSIFIED SECTION" />
<title mediaType="text/x-hl7-title+xml" />
<text><renderMultiMedia referencedObject="MM2" /><paragraph>Copyright &#169; 1972, 1984, 1985, Schering Corporation. All rights reserved.</paragraph><paragraph>B-13570817</paragraph></text>
<effectiveTime value="20060510" />
<component>
<observationMedia ID="MM2">
<value mediaType="image/jpeg" xsi:type="ED"><reference value="hyperstat-image02.jpg" /></value>
</observationMedia>
</component>
</section>
</component>
</structuredBody>
</component>
</document>
