<?xml version="1.0" encoding="utf-8"?>
<?xml-stylesheet href="http://www.fda.gov/oc/datacouncil/stylesheets/spl/spl.xsl" type="text/xsl"?>
<document xmlns:voc="http://www.hl7.org/v3/voc" xmlns="urn:hl7-org:v3" xmlns:xsi="http://www.w3.org/2001/XMLSchema-instance" xsi:schemaLocation="urn:hl7-org:v3 http://www.fda.gov/oc/datacouncil/schemas/spl/spl.xsd">
<id root="903FBD33-E5D9-41FB-9414-7BD6F42A8593" />
<code code="34391-3" codeSystem="2.16.840.1.113883.6.1" displayName="HUMAN PRESCRIPTION DRUG LABELING" />
<title mediaType="text/x-hl7-title+xml">GUANIDINE<br />HYDROCHLORIDE<br />Tablets</title>
<effectiveTime value="20060407" />
<setId root="903FBD33-E5D9-41FB-9414-7BD6F42A8593" />
<versionNumber value="1" />
<author>
  <time/>
  <assignedEntity>
   <representedOrganization>
    <name>Key Pharmaceuticals, Inc.</name>
   </representedOrganization>
  </assignedEntity>
</author>
<component>
<structuredBody>
<component>
<section>
<id root="D93BB230-042C-71A7-F26C-47EDFEED660B" />
<effectiveTime value="20060407" />
<subject>
<manufacturedProduct>
<manufacturedMedicine>
<code code="0085-0492" codeSystem="2.16.840.1.113883.6.69" />
<name>Guanidine hydrochloride</name>
<formCode code="C42998" codeSystem="2.16.840.1.113883.3.26.1.1" displayName="TABLET" />
<activeIngredient>
<quantity>
<numerator unit="mg" value="125">
<translation code="C28253" codeSystem="2.16.840.1.113883.3.26.1.1" displayName="MILLIGRAM" value="125" />
</numerator>
<denominator value="1">
<translation code="C48542" codeSystem="2.16.840.1.113883.3.26.1.1" displayName="TABLET" value="1" />
</denominator>
</quantity>
<activeIngredientSubstance>
<code code="3YQC9ZY4YB" codeSystem="2.16.840.1.113883.4.9" codeSystemName="FDA SRS" />
<name>Guanidine hydrochloride</name>
<activeMoiety>
<activeMoiety>
<code code="JU58VJ6Y3B" codeSystem="2.16.840.1.113883.4.9" codeSystemName="FDA SRS" />
<name>Guanidine</name>
</activeMoiety>
</activeMoiety>
</activeIngredientSubstance>
</activeIngredient>
<asEntityWithGeneric>
<genericMedicine>
<name>Guanidine hydrochloride</name>
</genericMedicine>
</asEntityWithGeneric>
<inactiveIngredient>
<inactiveIngredientSubstance>
<name>colloidal silicon dioxide</name>
</inactiveIngredientSubstance>
</inactiveIngredient>
<inactiveIngredient>
<inactiveIngredientSubstance>
<code code="70097M6I30" codeSystem="2.16.840.1.113883.4.9" codeSystemName="FDA SRS" />
<name>magnesium stearate</name>
</inactiveIngredientSubstance>
</inactiveIngredient>
<inactiveIngredient>
<inactiveIngredientSubstance>
<code code="3OWL53L36A" codeSystem="2.16.840.1.113883.4.9" codeSystemName="FDA SRS" />
<name>mannitol</name>
</inactiveIngredientSubstance>
</inactiveIngredient>
<inactiveIngredient>
<inactiveIngredientSubstance>
<name>microcrystalline cellulose</name>
</inactiveIngredientSubstance>
</inactiveIngredient>
<asContent>
<quantity>
<numerator value="100">
<translation code="C48542" codeSystem="2.16.840.1.113883.3.26.1.1" displayName="TABLET" value="100" />
</numerator>
<denominator value="1">
<translation value="1" />
</denominator>
</quantity>
<containerPackagedMedicine>
<code code="0085-0492-01" codeSystem="2.16.840.1.113883.6.69" />
<formCode code="C43169" codeSystem="2.16.840.1.113883.3.26.1.1" displayName="BOTTLE" />
</containerPackagedMedicine>
</asContent>
</manufacturedMedicine>
<subjectOf>
<characteristic classCode="OBS">
<code code="SPLCOLOR" codeSystem="2.16.840.1.113883.1.11.19255" />
<value code="C48325" codeSystem="2.16.840.1.113883.3.26.1.1" displayName="WHITE" xsi:type="CE"><originalText>white</originalText></value>
</characteristic>
</subjectOf>
<subjectOf>
<characteristic classCode="OBS">
<code code="SPLSCORE" codeSystem="2.16.840.1.113883.1.11.19255" />
<value value="1" xsi:type="INT" />
</characteristic>
</subjectOf>
<subjectOf>
<characteristic classCode="OBS">
<code code="SPLSHAPE" codeSystem="2.16.840.1.113883.1.11.19255" />
<value code="C48348" codeSystem="2.16.840.1.113883.3.26.1.1" displayName="ROUND" xsi:type="CE"><originalText>ROUND</originalText></value>
</characteristic>
</subjectOf>
<subjectOf>
<characteristic classCode="OBS">
<code code="SPLSIZE" codeSystem="2.16.840.1.113883.1.11.19255" />
<value unit="mm" value="10" xsi:type="PQ" />
</characteristic>
</subjectOf>
<subjectOf>
<characteristic classCode="OBS">
<code code="SPLCOATING" codeSystem="2.16.840.1.113883.1.11.19255" />
<value value="false" xsi:type="BL" />
</characteristic>
</subjectOf>
<subjectOf>
<characteristic classCode="OBS">
<code code="SPLSYMBOL" codeSystem="2.16.840.1.113883.1.11.19255" />
<value value="false" xsi:type="BL" />
</characteristic>
</subjectOf>
<subjectOf>
<characteristic classCode="OBS">
<code code="SPLIMPRINT" codeSystem="2.16.840.1.113883.1.11.19255" />
<value xsi:type="ST">KEY;74</value>
</characteristic>
</subjectOf>
<consumedIn>
<substanceAdministration>
<routeCode code="C38288" codeSystem="2.16.840.1.113883.3.26.1.1" displayName="ORAL" />
</substanceAdministration>
</consumedIn>
</manufacturedProduct>
</subject>
</section>
</component>
<component>
<section>
<id root="EBCE9F00-AE88-762C-55E8-4E63B88513C4" />
<code code="34089-3" codeSystem="2.16.840.1.113883.6.1" codeSystemName="LOINC" displayName="DESCRIPTION SECTION" />
<title mediaType="text/x-hl7-title+xml">DESCRIPTION</title>
<text><paragraph>Chemically, guanidine (aminomethanamidine) hydrochloride is a crystalline powder freely soluble in water and alcohol. The aqueous solution is neutral.</paragraph><paragraph>The structural formula is:</paragraph><renderMultiMedia referencedObject="MM1" /><paragraph>Each tablet contains 125 mg of guanidine hydrochloride with no color additive in the base. It also contains the following inactive ingredients: colloidal silicon dioxide, magnesium stearate, mannitol, and microcrystalline cellulose.</paragraph></text>
<effectiveTime value="20060407" />
<component>
<observationMedia ID="MM1">
<value mediaType="image/jpeg" xsi:type="ED"><reference value="guanidine-image01.jpg" /></value>
</observationMedia>
</component>
</section>
</component>
<component>
<section>
<id root="ECF5637A-7AC4-1D02-88E9-47A0010DD50B" />
<code code="34090-1" codeSystem="2.16.840.1.113883.6.1" codeSystemName="LOINC" displayName="CLINICAL PHARMACOLOGY SECTION" />
<title mediaType="text/x-hl7-title+xml">CLINICAL PHARMACOLOGY</title>
<text><paragraph>Guanidine apparently acts by enhancing the release of acetylcholine following a nerve impulse. It also appears to slow the rates of depolarization and repolarization of muscle cell membranes.</paragraph></text>
<effectiveTime value="20060407" />
</section>
</component>
<component>
<section>
<id root="26171558-2601-8B44-684E-C224A900E00D" />
<code code="34067-9" codeSystem="2.16.840.1.113883.6.1" codeSystemName="LOINC" displayName="INDICATIONS &amp; USAGE SECTION" />
<title mediaType="text/x-hl7-title+xml">INDICATIONS AND USAGE</title>
<text><paragraph>Guanidine is indicated for the reduction of the symptoms of muscle weakness and easy fatigability associated with the myasthenic syndrome of Eaton-Lambert. It is not indicated for treating myasthenia gravis. The Eaton-Lambert syndrome is ordinarily differentiated from myasthenia gravis by the usual association of the syndrome with small cell carcinoma of the lung, but myography may be necessary to make the diagnosis.</paragraph></text>
<effectiveTime value="20060407" />
</section>
</component>
<component>
<section>
<id root="FE8A748B-E575-2B54-91F5-322B1F04E0D3" />
<code code="34070-3" codeSystem="2.16.840.1.113883.6.1" codeSystemName="LOINC" displayName="CONTRAINDICATIONS SECTION" />
<title mediaType="text/x-hl7-title+xml">CONTRAINDICATIONS</title>
<text><paragraph>Guanidine is contraindicated in individuals with a history of intolerance or allergy to this drug.</paragraph></text>
<effectiveTime value="20060407" />
</section>
</component>
<component>
<section>
<id root="C3B6E2F4-D444-0730-2BF7-548E2A81621D" />
<code code="34071-1" codeSystem="2.16.840.1.113883.6.1" codeSystemName="LOINC" displayName="WARNINGS SECTION" />
<title mediaType="text/x-hl7-title+xml">WARNINGS</title>
<text><paragraph>Fatal bone-marrow suppression, apparently dose related, can occur with guanidine. </paragraph><paragraph>Safe use of guanidine hydrochloride in pregnancy has not been established.  Therefore, the benefits of therapy must be weighed against the potential hazards. Because guanidine is excreted in milk, patients on this drug should discontinue breast-feeding.</paragraph><paragraph>Since there is inadequate experience in children who have received this drug, safety and efficacy in children have not been established.</paragraph></text>
<effectiveTime value="20060407" />
</section>
</component>
<component>
<section>
<id root="B851FC2F-DC60-FA65-EAE8-5F6EA2599307" />
<code code="42232-9" codeSystem="2.16.840.1.113883.6.1" codeSystemName="LOINC" displayName="PRECAUTIONS SECTION" />
<title mediaType="text/x-hl7-title+xml">PRECAUTIONS</title>
<text><paragraph>Baseline blood studies should be followed by frequent red and white blood cell and differential counts.  The drug should be discontinued upon appearance of bone-marrow suppression. Concurrent therapy with other drugs that may cause bone-marrow suppression should be avoided.</paragraph><paragraph>Renal function may be affected in some patients receiving guanidine. Patients should therefore have regular urine examinations and serum creatinine determinations while taking this drug.</paragraph><paragraph>Physicians should be given adequate precautions pertaining to the gastrointestinal side effects and the possibility of induced behavior disorders.</paragraph><paragraph>Treatment should not be continued longer than necessary.</paragraph></text>
<effectiveTime value="20060407" />
</section>
</component>
<component>
<section>
<id root="7A50740D-DC1D-A49D-9783-84C50B623BBF" />
<code code="34084-4" codeSystem="2.16.840.1.113883.6.1" codeSystemName="LOINC" displayName="ADVERSE REACTIONS SECTION" />
<title mediaType="text/x-hl7-title+xml">ADVERSE REACTIONS</title>
<text><paragraph>Anemia, leukopenia, and thrombocytopenia resulting from bone-marrow suppression attributable to guanidine have been reported. Other adverse reactions that have been observed are:</paragraph><paragraph><content styleCode="bold">General:</content> sore throat, rash, fever.</paragraph><paragraph><content styleCode="bold">Neurologic:</content> paresthesia of lips, face, hands, feet; cold sensations in hands and feet; nervousness, lightheadedness, jitteriness, increased irritability; tremor, trembling sensation; ataxia; emotional lability; psychotic state; confusion; mood changes, and hallucinations.</paragraph><paragraph><content styleCode="bold">Gastrointestinal:</content> dry mouth; gastric irritation; anorexia; nausea; diarrhea; abdominal cramping. Gastrointestinal side effects may preclude the use of guanidine as a desired form of therapy.</paragraph><paragraph><content styleCode="bold">Dermatologic:</content> rash, flushing or pink complexion; folliculitis; petechiae, purpura, ecchymoses; sweating; skin eruptions; dryness and scaling of the skin.</paragraph><paragraph><content styleCode="bold">Renal:</content> elevation of blood creatinine, uremia; chronic interstitial nephritis, acute interstitial nephritis, and renal tubular necrosis.</paragraph><paragraph><content styleCode="bold">Hepatic:</content> abnormal liver function tests.</paragraph><paragraph><content styleCode="bold">Cardiac:</content> palpitation, tachycardia, atrial fibrillation, hypotension.</paragraph></text>
<effectiveTime value="20060407" />
</section>
</component>
<component>
<section>
<id root="C286CB27-F914-4AE1-1C0E-88F37FA69E73" />
<code code="34068-7" codeSystem="2.16.840.1.113883.6.1" codeSystemName="LOINC" displayName="DOSAGE &amp; ADMINISTRATION SECTION" />
<title mediaType="text/x-hl7-title+xml">DOSAGE AND ADMINISTRATION</title>
<text><paragraph>Initial dosage is usually between 10 and 15 mg/kg (5 to 7 mg/pound) of body weight per day in 3 or 4 divided doses. This dosage may be gradually increased to a total daily dosage of 35 mg/kg (16 mg/pound) of body weight per day or up to the development of side effects. As individual tolerance is highly variable, the dosage must be carefully titrated.  Once a tolerable dose has been established, it should be continued.  Occasionally removal of the primary neoplastic lesion may result in improvement of symptoms, permitting the discontinuance of guanidine.</paragraph></text>
<effectiveTime value="20060407" />
</section>
</component>
<component>
<section>
<id root="CE96805F-44D2-E1E8-B060-EED0CE486361" />
<code code="34088-5" codeSystem="2.16.840.1.113883.6.1" codeSystemName="LOINC" displayName="OVERDOSAGE SECTION" />
<title mediaType="text/x-hl7-title+xml">OVERDOSAGE</title>
<text><paragraph>Mild gastrointestinal disorders, such as anorexia, increased peristalsis, or diarrhea are early warnings that tolerance is being exceeded. These symptoms may be relieved by atropine, but nevertheless note should be taken of these symptoms and dosage reductions considered.  Slight numbness or tingling of the lips and fingertips shortly after taking a dose of guanidine has been reported. This per se is not an indication to discontinue treatment and/or reduce dosage.</paragraph><paragraph>Severe guanidine intoxication is characterized by nervous hyperirritability, fibrillary tremors and convulsive contractions of muscle, salivation, vomiting, diarrhea, hypoglycemia, and circulatory disturbances.  Administration of intravenous calcium gluconate may control the neuromuscular and convulsive symptoms and provide some relief of other toxic manifestations.</paragraph><paragraph>Atropine is more effective than calcium in relieving the G.I. symptoms, circulatory disturbances, and changes in blood sugar.</paragraph></text>
<effectiveTime value="20060407" />
</section>
</component>
<component>
<section>
<id root="7C63C3F7-C332-3348-ACFE-1630421B8CD8" />
<code code="34069-5" codeSystem="2.16.840.1.113883.6.1" codeSystemName="LOINC" displayName="HOW SUPPLIED SECTION" />
<title mediaType="text/x-hl7-title+xml">HOW SUPPLIED</title>
<text><paragraph>Guanidine hydrochloride tablets: 125 mg, white, round tablet; impressed with the product identification number "KEY 74" on one side. Guanidine hydrochloride tablets are available in bottles of 100 (NDC 0085-0492-01).</paragraph><paragraph><content styleCode="bold">Store at 25&#176;C (77&#176;F); excursions permitted to 15&#8211;30&#176;C (59&#8211;86&#176;F) [see USP Controlled Room Temperature].</content></paragraph></text>
<effectiveTime value="20060407" />
</section>
</component>
<component>
<section>
<id root="0F89B159-5357-80EB-21A0-484390496EAF" />
<code code="42229-5" codeSystem="2.16.840.1.113883.6.1" codeSystemName="LOINC" displayName="SPL UNCLASSIFIED SECTION" />
<title mediaType="text/x-hl7-title+xml" />
<text><paragraph>Manufactured by</paragraph><paragraph>Schering Canada, Inc.</paragraph><paragraph>Pointe Claire, Quebec, Canada for</paragraph><paragraph>Key Pharmaceuticals, Inc.</paragraph><paragraph>Kenilworth, NJ 07033 USA</paragraph><paragraph>27051812</paragraph><paragraph>81-483544</paragraph><paragraph>Copyright &#169; 1987, 1992,</paragraph><paragraph>Key Pharmaceuticals, Inc.,</paragraph><paragraph>Kenilworth, NJ 07033</paragraph><paragraph>USA. All rights reserved.</paragraph></text>
<effectiveTime value="20060407" />
</section>
</component>
</structuredBody>
</component>
</document>
