<?xml version="1.0" encoding="UTF-8"?>
<?xml-stylesheet href="http://www.fda.gov/oc/datacouncil/stylesheets/spl/spl.xsl" type="text/xsl"?><document xmlns="urn:hl7-org:v3" xmlns:voc="http://www.hl7.org/v3/voc" xmlns:xsi="http://www.w3.org/2001/XMLSchema-instance" xsi:schemaLocation="urn:hl7-org:v3 http://www.fda.gov/oc/datacouncil/schemas/spl/spl.xsd">
<id root="146f7be7-5cd4-4279-a482-794d0cd554e1" />
<code code="34391-3" codeSystem="2.16.840.1.113883.6.1" displayName="HUMAN PRESCRIPTION DRUG LABELING" />
<title mediaType="text/x-hl7-title+xml">Dantrium&#174; (dantrolene sodium) capsules</title>
<effectiveTime value="20060328" />
<setId root="146f7be7-5cd4-4279-a482-794d0cd554e1" />
<versionNumber value="1" />
<author>
<time />
<assignedEntity>
<representedOrganization>
<name>Procter &amp; Gamble Pharmaceuticals</name>
</representedOrganization>
</assignedEntity>
</author>
<component>
<structuredBody>
<component>
<section ID="dpl">
<id root="B6C84F99-B214-3A0B-F774-303D2A89F16A" />
<effectiveTime value="20060328" />
<subject>
<manufacturedProduct>
<manufacturedMedicine>
<code code="0149-0030" codeSystem="2.16.840.1.113883.6.69" />
<name>Dantrium</name>
<formCode code="C25158" codeSystem="2.16.840.1.113883.3.26.1.1" displayName="CAPSULE" />
<activeIngredient>
<quantity>
<numerator unit="mg" value="25">
<translation code="C28253" codeSystem="2.16.840.1.113883.3.26.1.1" displayName="MILLIGRAM" value="25" />
</numerator>
<denominator value="1">
<translation code="C48336" codeSystem="2.16.840.1.113883.3.26.1.1" displayName="CAPSULE" value="1" />
</denominator>
</quantity>
<activeIngredientSubstance>
<code code="287M0347EV" codeSystem="2.16.840.1.113883.4.9" codeSystemName="FDA SRS" />
<name>dantrolene sodium</name>
<activeMoiety>
<activeMoiety>
<code code="F64QU97QCR" codeSystem="2.16.840.1.113883.4.9" codeSystemName="FDA SRS" />
<name>dantrolene</name>
</activeMoiety>
</activeMoiety>
</activeIngredientSubstance>
</activeIngredient>
<asEntityWithGeneric>
<genericMedicine>
<name>dantrolene sodium</name>
</genericMedicine>
</asEntityWithGeneric>
<inactiveIngredient>
<inactiveIngredientSubstance>
<name>edible black ink</name>
</inactiveIngredientSubstance>
</inactiveIngredient>
<inactiveIngredient>
<inactiveIngredientSubstance>
<name>FD&amp;C Yellow No. 6</name>
</inactiveIngredientSubstance>
</inactiveIngredient>
<inactiveIngredient>
<inactiveIngredientSubstance>
<name>gelatin</name>
</inactiveIngredientSubstance>
</inactiveIngredient>
<inactiveIngredient>
<inactiveIngredientSubstance>
<name>lactose</name>
</inactiveIngredientSubstance>
</inactiveIngredient>
<inactiveIngredient>
<inactiveIngredientSubstance>
<code code="70097M6I30" codeSystem="2.16.840.1.113883.4.9" codeSystemName="FDA SRS" />
<name>magnesium stearate</name>
</inactiveIngredientSubstance>
</inactiveIngredient>
<inactiveIngredient>
<inactiveIngredientSubstance>
<name>starch</name>
</inactiveIngredientSubstance>
</inactiveIngredient>
<inactiveIngredient>
<inactiveIngredientSubstance>
<name>synthetic iron oxide red</name>
</inactiveIngredientSubstance>
</inactiveIngredient>
<inactiveIngredient>
<inactiveIngredientSubstance>
<name>synthetic iron oxide yellow</name>
</inactiveIngredientSubstance>
</inactiveIngredient>
<inactiveIngredient>
<inactiveIngredientSubstance>
<code code="7SEV7J4R1U" codeSystem="2.16.840.1.113883.4.9" codeSystemName="FDA SRS" />
<name>talc</name>
</inactiveIngredientSubstance>
</inactiveIngredient>
<inactiveIngredient>
<inactiveIngredientSubstance>
<code code="15FIX9V2JP" codeSystem="2.16.840.1.113883.4.9" codeSystemName="FDA SRS" />
<name>titanium dioxide</name>
</inactiveIngredientSubstance>
</inactiveIngredient>
<asContent>
<quantity>
<numerator value="100">
<translation code="C48480" codeSystem="2.16.840.1.113883.3.26.1.1" displayName="CAPSULE" value="100" />
</numerator>
<denominator value="1">
<translation value="1" />
</denominator>
</quantity>
<containerPackagedMedicine>
<code code="0149-0030-05" codeSystem="2.16.840.1.113883.6.69" />
<formCode code="C43169" codeSystem="2.16.840.1.113883.3.26.1.1" displayName="BOTTLE" />
</containerPackagedMedicine>
</asContent>
<asContent>
<quantity>
<numerator value="500">
<translation code="C48480" codeSystem="2.16.840.1.113883.3.26.1.1" displayName="CAPSULE" value="500" />
</numerator>
<denominator value="1">
<translation value="1" />
</denominator>
</quantity>
<containerPackagedMedicine>
<code code="0149-0030-66" codeSystem="2.16.840.1.113883.6.69" />
<formCode code="C43169" codeSystem="2.16.840.1.113883.3.26.1.1" displayName="BOTTLE" />
</containerPackagedMedicine>
</asContent>
</manufacturedMedicine>
<subjectOf>
<characteristic classCode="OBS">
<code code="SPLCOLOR" codeSystem="2.16.840.1.113883.1.11.19255" />
<value code="C48331" codeSystem="2.16.840.1.113883.3.26.1.1" displayName="ORANGE" xsi:type="CE"><originalText>orange</originalText></value>
</characteristic>
</subjectOf>
<subjectOf>
<characteristic classCode="OBS">
<code code="SPLCOLOR" codeSystem="2.16.840.1.113883.1.11.19255" />
<value code="C48332" codeSystem="2.16.840.1.113883.3.26.1.1" displayName="BROWN" xsi:type="CE"><originalText>tan</originalText></value>
</characteristic>
</subjectOf>
<subjectOf>
<characteristic classCode="OBS">
<code code="SPLSHAPE" codeSystem="2.16.840.1.113883.1.11.19255" />
<value code="C48336" codeSystem="2.16.840.1.113883.3.26.1.1" displayName="CAPSULE" xsi:type="CE"><originalText>capsule</originalText></value>
</characteristic>
</subjectOf>
<subjectOf>
<characteristic classCode="OBS">
<code code="SPLSIZE" codeSystem="2.16.840.1.113883.1.11.19255" />
<value unit="mm" value="16" xsi:type="PQ" />
</characteristic>
</subjectOf>
<subjectOf>
<characteristic classCode="OBS">
<code code="SPLCOATING" />
<value value="false" xsi:type="BL" />
</characteristic>
</subjectOf>
<subjectOf>
<characteristic classCode="OBS">
<code code="SPLSYMBOL" />
<value value="false" xsi:type="BL" />
</characteristic>
</subjectOf>
<subjectOf>
<characteristic classCode="OBS">
<code code="SPLSCORE" codeSystem="2.16.840.1.113883.1.11.19255" />
<value value="1" xsi:type="INT" />
</characteristic>
</subjectOf>
<subjectOf>
<characteristic classCode="OBS">
<code code="SPLIMPRINT" codeSystem="2.16.840.1.113883.1.11.19255" />
<value xsi:type="ST">DANTRIUM;25;mg;0149;0030</value>
</characteristic>
</subjectOf>
<consumedIn>
<substanceAdministration>
<routeCode code="C38288" codeSystem="2.16.840.1.113883.3.26.1.1" displayName="ORAL" />
</substanceAdministration>
</consumedIn>
</manufacturedProduct>
</subject>
<subject>
<manufacturedProduct>
<manufacturedMedicine>
<code code="0149-0031" codeSystem="2.16.840.1.113883.6.69" />
<name>Dantrium</name>
<formCode code="C25158" codeSystem="2.16.840.1.113883.3.26.1.1" displayName="CAPSULE" />
<activeIngredient>
<quantity>
<numerator unit="mg" value="50">
<translation code="C28253" codeSystem="2.16.840.1.113883.3.26.1.1" displayName="MILLIGRAM" value="50" />
</numerator>
<denominator value="1">
<translation code="C48336" codeSystem="2.16.840.1.113883.3.26.1.1" displayName="CAPSULE" value="1" />
</denominator>
</quantity>
<activeIngredientSubstance>
<code code="287M0347EV" codeSystem="2.16.840.1.113883.4.9" codeSystemName="FDA SRS" />
<name>dantrolene sodium</name>
<activeMoiety>
<activeMoiety>
<code code="F64QU97QCR" codeSystem="2.16.840.1.113883.4.9" codeSystemName="FDA SRS" />
<name>dantrolene</name>
</activeMoiety>
</activeMoiety>
</activeIngredientSubstance>
</activeIngredient>
<asEntityWithGeneric>
<genericMedicine>
<name>dantrolene sodium</name>
</genericMedicine>
</asEntityWithGeneric>
<inactiveIngredient>
<inactiveIngredientSubstance>
<name>edible black ink</name>
</inactiveIngredientSubstance>
</inactiveIngredient>
<inactiveIngredient>
<inactiveIngredientSubstance>
<name>FD&amp;C Yellow No. 6</name>
</inactiveIngredientSubstance>
</inactiveIngredient>
<inactiveIngredient>
<inactiveIngredientSubstance>
<name>gelatin</name>
</inactiveIngredientSubstance>
</inactiveIngredient>
<inactiveIngredient>
<inactiveIngredientSubstance>
<name>lactose</name>
</inactiveIngredientSubstance>
</inactiveIngredient>
<inactiveIngredient>
<inactiveIngredientSubstance>
<code code="70097M6I30" codeSystem="2.16.840.1.113883.4.9" codeSystemName="FDA SRS" />
<name>magnesium stearate</name>
</inactiveIngredientSubstance>
</inactiveIngredient>
<inactiveIngredient>
<inactiveIngredientSubstance>
<name>starch</name>
</inactiveIngredientSubstance>
</inactiveIngredient>
<inactiveIngredient>
<inactiveIngredientSubstance>
<name>synthetic iron oxide red</name>
</inactiveIngredientSubstance>
</inactiveIngredient>
<inactiveIngredient>
<inactiveIngredientSubstance>
<name>synthetic iron oxide yellow</name>
</inactiveIngredientSubstance>
</inactiveIngredient>
<inactiveIngredient>
<inactiveIngredientSubstance>
<code code="7SEV7J4R1U" codeSystem="2.16.840.1.113883.4.9" codeSystemName="FDA SRS" />
<name>talc</name>
</inactiveIngredientSubstance>
</inactiveIngredient>
<inactiveIngredient>
<inactiveIngredientSubstance>
<code code="15FIX9V2JP" codeSystem="2.16.840.1.113883.4.9" codeSystemName="FDA SRS" />
<name>titanium dioxide</name>
</inactiveIngredientSubstance>
</inactiveIngredient>
<asContent>
<quantity>
<numerator value="100">
<translation code="C48480" codeSystem="2.16.840.1.113883.3.26.1.1" displayName="CAPSULE" value="100" />
</numerator>
<denominator value="1">
<translation value="1" />
</denominator>
</quantity>
<containerPackagedMedicine>
<code code="0149-0031-05" codeSystem="2.16.840.1.113883.6.69" />
<formCode code="C43169" codeSystem="2.16.840.1.113883.3.26.1.1" displayName="BOTTLE" />
</containerPackagedMedicine>
</asContent>
</manufacturedMedicine>
<subjectOf>
<characteristic classCode="OBS">
<code code="SPLCOLOR" codeSystem="2.16.840.1.113883.1.11.19255" />
<value code="C48331" codeSystem="2.16.840.1.113883.3.26.1.1" displayName="ORANGE" xsi:type="CE"><originalText>orange</originalText></value>
</characteristic>
</subjectOf>
<subjectOf>
<characteristic classCode="OBS">
<code code="SPLCOLOR" codeSystem="2.16.840.1.113883.1.11.19255" />
<value code="C48332" codeSystem="2.16.840.1.113883.3.26.1.1" displayName="BROWN" xsi:type="CE"><originalText>tan</originalText></value>
</characteristic>
</subjectOf>
<subjectOf>
<characteristic classCode="OBS">
<code code="SPLSHAPE" codeSystem="2.16.840.1.113883.1.11.19255" />
<value code="C48336" codeSystem="2.16.840.1.113883.3.26.1.1" displayName="CAPSULE" xsi:type="CE"><originalText>capsule</originalText></value>
</characteristic>
</subjectOf>
<subjectOf>
<characteristic classCode="OBS">
<code code="SPLSIZE" codeSystem="2.16.840.1.113883.1.11.19255" />
<value unit="mm" value="18" xsi:type="PQ" />
</characteristic>
</subjectOf>
<subjectOf>
<characteristic classCode="OBS">
<code code="SPLCOATING" />
<value value="false" xsi:type="BL" />
</characteristic>
</subjectOf>
<subjectOf>
<characteristic classCode="OBS">
<code code="SPLSYMBOL" />
<value value="false" xsi:type="BL" />
</characteristic>
</subjectOf>
<subjectOf>
<characteristic classCode="OBS">
<code code="SPLSCORE" codeSystem="2.16.840.1.113883.1.11.19255" />
<value value="1" xsi:type="INT" />
</characteristic>
</subjectOf>
<subjectOf>
<characteristic classCode="OBS">
<code code="SPLIMPRINT" codeSystem="2.16.840.1.113883.1.11.19255" />
<value xsi:type="ST">DANTRIUM;50;mg;0149;0031</value>
</characteristic>
</subjectOf>
<consumedIn>
<substanceAdministration>
<routeCode code="C38288" codeSystem="2.16.840.1.113883.3.26.1.1" displayName="ORAL" />
</substanceAdministration>
</consumedIn>
</manufacturedProduct>
</subject>
<subject>
<manufacturedProduct>
<manufacturedMedicine>
<code code="0149-0033" codeSystem="2.16.840.1.113883.6.69" />
<name>Dantrium</name>
<formCode code="C25158" codeSystem="2.16.840.1.113883.3.26.1.1" displayName="CAPSULE" />
<activeIngredient>
<quantity>
<numerator unit="mg" value="100">
<translation code="C28253" codeSystem="2.16.840.1.113883.3.26.1.1" displayName="MILLIGRAM" value="100" />
</numerator>
<denominator value="1">
<translation code="C48336" codeSystem="2.16.840.1.113883.3.26.1.1" displayName="CAPSULE" value="1" />
</denominator>
</quantity>
<activeIngredientSubstance>
<code code="287M0347EV" codeSystem="2.16.840.1.113883.4.9" codeSystemName="FDA SRS" />
<name>dantrolene sodium</name>
<activeMoiety>
<activeMoiety>
<code code="F64QU97QCR" codeSystem="2.16.840.1.113883.4.9" codeSystemName="FDA SRS" />
<name>dantrolene</name>
</activeMoiety>
</activeMoiety>
</activeIngredientSubstance>
</activeIngredient>
<asEntityWithGeneric>
<genericMedicine>
<name>dantrolene sodium</name>
</genericMedicine>
</asEntityWithGeneric>
<inactiveIngredient>
<inactiveIngredientSubstance>
<name>edible black ink</name>
</inactiveIngredientSubstance>
</inactiveIngredient>
<inactiveIngredient>
<inactiveIngredientSubstance>
<name>FD&amp;C Yellow No. 6</name>
</inactiveIngredientSubstance>
</inactiveIngredient>
<inactiveIngredient>
<inactiveIngredientSubstance>
<name>gelatin</name>
</inactiveIngredientSubstance>
</inactiveIngredient>
<inactiveIngredient>
<inactiveIngredientSubstance>
<name>lactose</name>
</inactiveIngredientSubstance>
</inactiveIngredient>
<inactiveIngredient>
<inactiveIngredientSubstance>
<code code="70097M6I30" codeSystem="2.16.840.1.113883.4.9" codeSystemName="FDA SRS" />
<name>magnesium stearate</name>
</inactiveIngredientSubstance>
</inactiveIngredient>
<inactiveIngredient>
<inactiveIngredientSubstance>
<name>starch</name>
</inactiveIngredientSubstance>
</inactiveIngredient>
<inactiveIngredient>
<inactiveIngredientSubstance>
<name>synthetic iron oxide red</name>
</inactiveIngredientSubstance>
</inactiveIngredient>
<inactiveIngredient>
<inactiveIngredientSubstance>
<name>synthetic iron oxide yellow</name>
</inactiveIngredientSubstance>
</inactiveIngredient>
<inactiveIngredient>
<inactiveIngredientSubstance>
<code code="7SEV7J4R1U" codeSystem="2.16.840.1.113883.4.9" codeSystemName="FDA SRS" />
<name>talc</name>
</inactiveIngredientSubstance>
</inactiveIngredient>
<inactiveIngredient>
<inactiveIngredientSubstance>
<code code="15FIX9V2JP" codeSystem="2.16.840.1.113883.4.9" codeSystemName="FDA SRS" />
<name>titanium dioxide</name>
</inactiveIngredientSubstance>
</inactiveIngredient>
<asContent>
<quantity>
<numerator value="100">
<translation code="C48480" codeSystem="2.16.840.1.113883.3.26.1.1" displayName="CAPSULE" value="100" />
</numerator>
<denominator value="1">
<translation value="1" />
</denominator>
</quantity>
<containerPackagedMedicine>
<code code="0149-0033-05" codeSystem="2.16.840.1.113883.6.69" />
<formCode code="C43169" codeSystem="2.16.840.1.113883.3.26.1.1" displayName="BOTTLE" />
</containerPackagedMedicine>
</asContent>
</manufacturedMedicine>
<subjectOf>
<characteristic classCode="OBS">
<code code="SPLCOLOR" codeSystem="2.16.840.1.113883.1.11.19255" />
<value code="C48331" codeSystem="2.16.840.1.113883.3.26.1.1" displayName="ORANGE" xsi:type="CE"><originalText>orange</originalText></value>
</characteristic>
</subjectOf>
<subjectOf>
<characteristic classCode="OBS">
<code code="SPLCOLOR" codeSystem="2.16.840.1.113883.1.11.19255" />
<value code="C48332" codeSystem="2.16.840.1.113883.3.26.1.1" displayName="BROWN" xsi:type="CE"><originalText>tan</originalText></value>
</characteristic>
</subjectOf>
<subjectOf>
<characteristic classCode="OBS">
<code code="SPLSHAPE" codeSystem="2.16.840.1.113883.1.11.19255" />
<value code="C48336" codeSystem="2.16.840.1.113883.3.26.1.1" displayName="CAPSULE" xsi:type="CE"><originalText>capsule</originalText></value>
</characteristic>
</subjectOf>
<subjectOf>
<characteristic classCode="OBS">
<code code="SPLSIZE" codeSystem="2.16.840.1.113883.1.11.19255" />
<value unit="mm" value="20" xsi:type="PQ" />
</characteristic>
</subjectOf>
<subjectOf>
<characteristic classCode="OBS">
<code code="SPLCOATING" />
<value value="false" xsi:type="BL" />
</characteristic>
</subjectOf>
<subjectOf>
<characteristic classCode="OBS">
<code code="SPLSYMBOL" />
<value value="false" xsi:type="BL" />
</characteristic>
</subjectOf>
<subjectOf>
<characteristic classCode="OBS">
<code code="SPLSCORE" codeSystem="2.16.840.1.113883.1.11.19255" />
<value value="1" xsi:type="INT" />
</characteristic>
</subjectOf>
<subjectOf>
<characteristic classCode="OBS">
<code code="SPLIMPRINT" codeSystem="2.16.840.1.113883.1.11.19255" />
<value xsi:type="ST">DANTRIUM;100;mg;0149;0033</value>
</characteristic>
</subjectOf>
<consumedIn>
<substanceAdministration>
<routeCode code="C38288" codeSystem="2.16.840.1.113883.3.26.1.1" displayName="ORAL" />
</substanceAdministration>
</consumedIn>
</manufacturedProduct>
</subject>
</section>
</component>
<component>
<section ID="s1">
<id root="9BCA9D9D-D16A-51EC-37FF-63CBFBBFF345" />
<code code="34066-1" codeSystem="2.16.840.1.113883.6.1" displayName="BOXED WARNING SECTION" />
<text><paragraph><content styleCode="bold">Dantrium</content> (dantrolene sodium) has a potential for hepatotoxicity, and should not be used in conditions other than those recommended.  Symptomatic hepatitis (fatal and non-fatal) has been reported at various dose levels of the drug.  The incidence reported in patients taking up to 400 mg/day is much lower than in those taking doses of 800 mg or more per day.  Even sporadic short courses of these higher dose levels within a treatment regimen markedly increased the risk of serious hepatic injury.  Liver dysfunction as evidenced by blood chemical abnormalities alone (liver enzyme elevations) has been observed in patients exposed to <content styleCode="bold">Dantrium</content> for varying periods of time.  Overt hepatitis has occurred at varying intervals after initiation of therapy, but has been most frequently observed between the third and twelfth month of therapy.  The risk of hepatic injury appears to be greater in females, in patients over 35 years of age, and in patients taking other medication(s) in addition to <content styleCode="bold">Dantrium</content> (dantrolene sodium).  <content styleCode="bold">Dantrium</content> should be used only in conjunction with appropriate monitoring of hepatic function including frequent determination of SGOT or SGPT.  If no observable benefit is derived from the administration of <content styleCode="bold">Dantrium</content> after a total of 45 days, therapy should be discontinued.  The lowest possible effective dose for the individual patient should be prescribed.</paragraph></text>
<effectiveTime value="20060328" />
</section>
</component>
<component>
<section ID="s2">
<id root="F0A14D63-927B-912C-CE3E-EC6949264DE7" />
<code code="34089-3" codeSystem="2.16.840.1.113883.6.1" displayName="DESCRIPTION SECTION" />
<title mediaType="text/x-hl7-title+xml">DESCRIPTION</title>
<text><paragraph>The chemical formula of <content styleCode="bold">Dantrium</content> (dantrolene sodium) is hydrated 1-[[[5-(4-nitrophenyl)-2-furanyl]methylene]amino]-2, 4-imidazolidinedione sodium salt.  It is an orange powder, slightly soluble in water, but due to its slightly acidic nature the solubility increases somewhat in alkaline solution.  The anhydrous salt has a molecular weight of 336.  The hydrated salt contains approximately 15% water (3-1/2 moles) and has a molecular weight of 399.  The structural formula for the hydrated salt is:</paragraph><renderMultiMedia ID="f1" referencedObject="mm1" /><paragraph><content styleCode="bold">Dantrium</content> is supplied in capsules of 25 mg, 50 mg, and 100 mg.</paragraph></text>
<effectiveTime value="20060328" />
<component>
<observationMedia ID="mm1">
<value mediaType="image/jpeg" xsi:type="ED"><reference value="dantrium-capsules-01.jpg" /></value>
</observationMedia>
</component>
<component>
<section ID="s3">
<id root="1EA1BA14-AD1E-FF2B-9A30-D63EFD7BAF0F" />
<code code="42229-5" codeSystem="2.16.840.1.113883.6.1" displayName="SPL UNCLASSIFIED SECTION" />
<text><paragraph><content styleCode="bold">Inactive Ingredients:</content>  Each capsule contains edible black ink, FD&amp;C Yellow No. 6, gelatin, lactose, magnesium stearate, starch, synthetic iron oxide red, synthetic iron oxide yellow, talc, and titanium dioxide.</paragraph></text>
<effectiveTime value="20060328" />
</section>
</component>
</section>
</component>
<component>
<section ID="s4">
<id root="DC8564F2-B24D-81F0-9AAA-ADE5E51AA641" />
<code code="34090-1" codeSystem="2.16.840.1.113883.6.1" displayName="CLINICAL PHARMACOLOGY SECTION" />
<title mediaType="text/x-hl7-title+xml">CLINICAL PHARMACOLOGY</title>
<text><paragraph>In isolated nerve-muscle preparation, <content styleCode="bold">Dantrium</content> has been shown to produce relaxation by affecting the contractile response of the skeletal muscle at a site beyond the myoneural junction, directly on the muscle itself.  In skeletal muscle, <content styleCode="bold">Dantrium</content> dissociates the excitation-contraction coupling, probably by interfering with the release of Ca<sup>++</sup> from the sarcoplasmic reticulum.  This effect appears to be more pronounced in fast muscle fibers as compared to slow ones, but generally affects both.  A central nervous system effect occurs, with drowsiness, dizziness, and generalized weakness occasionally present.  Although <content styleCode="bold">Dantrium</content> does not appear to directly affect the CNS, the extent of its indirect effect is unknown.  The absorption of <content styleCode="bold">Dantrium</content> after oral administration in humans is incomplete and slow but consistent, and dose-related blood levels are obtained.  The duration and intensity of skeletal muscle relaxation is related to the dosage and blood levels.  The mean biologic half-life of <content styleCode="bold">Dantrium</content> in adults is 8.7 hours after a 100-mg dose.  Specific metabolic pathways in the degradation and elimination of <content styleCode="bold">Dantrium</content> in human subjects have been established.  Metabolic patterns are similar in adults and pediatric patients.  In addition to the parent compound, dantrolene, which is found in measurable amounts in blood and urine, the major metabolites noted in body fluids are the 5-hydroxy analog and the acetamido analog.  Since <content styleCode="bold">Dantrium</content> is probably metabolized by hepatic microsomal enzymes, enhancement of its metabolism by other drugs is possible.  However, neither phenobarbital nor diazepam appears to affect <content styleCode="bold">Dantrium</content> metabolism.</paragraph><paragraph>Clinical experience in the management of fulminant human malignant hyperthermia, as well as experiments conducted in malignant hyperthermia susceptible swine, have revealed that the administration of intravenous dantrolene, combined with indicated supportive measures, is effective in reversing the hypermetabolic process of malignant hyperthermia.  Known differences between human and swine malignant hyperthermia are minor.  The prophylactic administration of oral or intravenous dantrolene to malignant hyperthermia susceptible swine will attenuate or prevent the development of signs of malignant hyperthermia in a manner dependent upon the dosage of dantrolene administered and the intensity of the malignant hyperthermia triggering stimulus.  Limited clinical experience with the administration of oral dantrolene to patients judged malignant hyperthermia susceptible, when combined with clinical experience in the use of intravenous dantrolene for the treatment of malignant hyperthermia and data derived from the above cited animal model experiments, suggests that oral dantrolene will also attenuate or prevent the development of signs of human malignant hyperthermia, provided that currently accepted practices in the management of such patients are adhered to (see <content styleCode="bold"><linkHtml href="#s5">INDICATIONS AND USAGE</linkHtml></content>); intravenous dantrolene should also be available for use should the signs of malignant hyperthermia appear.</paragraph></text>
<effectiveTime value="20060328" />
</section>
</component>
<component>
<section ID="s5">
<id root="C7CBC4F0-8418-100A-EAE7-8C3559D49816" />
<code code="34067-9" codeSystem="2.16.840.1.113883.6.1" displayName="INDICATIONS &amp; USAGE SECTION" />
<title mediaType="text/x-hl7-title+xml">INDICATIONS AND USAGE</title>
<effectiveTime value="20060328" />
<component>
<section ID="s6">
<id root="DAB8B95C-41E2-E1E1-D43A-AAC47A84481B" />
<code code="42229-5" codeSystem="2.16.840.1.113883.6.1" displayName="SPL UNCLASSIFIED SECTION" />
<text><paragraph><content styleCode="bold">In Chronic Spasticity:  Dantrium</content> is indicated in controlling the manifestations of clinical spasticity resulting from upper motor neuron disorders (e.g., spinal cord injury, stroke, cerebral palsy, or multiple sclerosis).  It is of particular benefit to the patient whose functional rehabilitation has been retarded by the sequelae of spasticity.  Such patients must have presumably reversible spasticity where relief of spasticity will aid in restoring residual function.  <content styleCode="bold">Dantrium</content> is not indicated in the treatment of skeletal muscle spasm resulting from rheumatic disorders.</paragraph><paragraph>If improvement occurs, it will ordinarily occur within the dosage titration (see <content styleCode="bold"><linkHtml href="#s20">DOSAGE AND ADMINISTRATION</linkHtml></content>), and will be manifested by a decrease in the severity of spasticity and the ability to resume a daily function not quite attainable without <content styleCode="bold">Dantrium.</content></paragraph><paragraph>Occasionally, subtle but meaningful improvement in spasticity may occur with <content styleCode="bold">Dantrium</content> therapy.  In such instances, information regarding improvement should be solicited from the patient and those who are in constant daily contact and attendance with him.  Brief withdrawal of <content styleCode="bold">Dantrium</content> for a period of 2 to 4 days will frequently demonstrate exacerbation of the manifestations of spasticity and may serve to confirm a clinical impression.</paragraph><paragraph>A decision to continue the administration of <content styleCode="bold">Dantrium</content> on a long-term basis is justified if introduction of the drug into the patient's regimen:</paragraph><list listType="unordered" styleCode="disc"><item><caption>&#160;</caption><br />produces a significant reduction in painful and/or disabling spasticity such as clonus, or</item><item><caption>&#160;</caption><br />permits a significant reduction in the intensity and/or degree of nursing care required, or</item><item><caption>&#160;</caption><br />rids the patient of any annoying manifestation of spasticity considered important by the patient himself.</item></list></text>
<effectiveTime value="20060328" />
</section>
</component>
<component>
<section ID="s7">
<id root="B501E539-90C9-06B1-806D-68C1C1D66BDE" />
<code code="42229-5" codeSystem="2.16.840.1.113883.6.1" displayName="SPL UNCLASSIFIED SECTION" />
<text><paragraph><content styleCode="bold">In Malignant Hyperthermia:</content>  Oral <content styleCode="bold">Dantrium</content> is also indicated preoperatively to prevent or attenuate the development of signs of malignant hyperthermia in known, or strongly suspect, malignant hyperthermia susceptible patients who require anesthesia and/or surgery.  Currently accepted clinical practices in the management of such patients must still be adhered to (careful monitoring for early signs of malignant hyperthermia, minimizing exposure to triggering mechanisms and prompt use of intravenous dantrolene sodium and indicated supportive measures should signs of malignant hyperthermia appear); see also the package insert for <content styleCode="bold">Dantrium</content><sup>&#174;</sup> (dantrolene sodium) <content styleCode="bold">Intravenous.</content></paragraph><paragraph>Oral <content styleCode="bold">Dantrium</content> should be administered following a malignant hyperthermic crisis to prevent recurrence of the signs of malignant hyperthermia.</paragraph></text>
<effectiveTime value="20060328" />
</section>
</component>
</section>
</component>
<component>
<section ID="s8">
<id root="FF6F4BE8-C1E0-88CD-2264-7853F328EC12" />
<code code="34070-3" codeSystem="2.16.840.1.113883.6.1" displayName="CONTRAINDICATIONS SECTION" />
<title mediaType="text/x-hl7-title+xml">CONTRAINDICATIONS</title>
<text><paragraph>Active hepatic disease, such as hepatitis and cirrhosis, is a contraindication for use of <content styleCode="bold">Dantrium.  Dantrium</content> is contraindicated where spasticity is utilized to sustain upright posture and balance in locomotion or whenever spasticity is utilized to obtain or maintain increased function.</paragraph></text>
<effectiveTime value="20060328" />
</section>
</component>
<component>
<section ID="s9">
<id root="A5D6DBEE-ECCC-C1BC-E3B5-598E9AA6AA0E" />
<code code="34071-1" codeSystem="2.16.840.1.113883.6.1" displayName="WARNINGS SECTION" />
<title mediaType="text/x-hl7-title+xml">WARNINGS</title>
<text><paragraph>It is important to recognize that fatal and non-fatal liver disorders of an idiosyncratic or hypersensitivity type may occur with <content styleCode="bold">Dantrium</content> therapy.</paragraph><paragraph>At the start of <content styleCode="bold">Dantrium</content> therapy, it is desirable to do liver function studies (SGOT, SGPT, alkaline phosphatase, total bilirubin) for a baseline or to establish whether there is pre-existing liver disease.  If baseline liver abnormalities exist and are confirmed, there is a clear possibility that the potential for <content styleCode="bold">Dantrium</content> hepatotoxicity could be enhanced, although such a possibility has not yet been established.</paragraph><paragraph>Liver function studies (e.g., SGOT or SGPT) should be performed at appropriate intervals during <content styleCode="bold">Dantrium</content> therapy.  If such studies reveal abnormal values, therapy should generally be discontinued.  Only where benefits of the drug have been of major importance to the patient, should reinitiation or continuation of therapy be considered.  Some patients have revealed a return to normal laboratory values in the face of continued therapy while others have not.</paragraph><paragraph>If symptoms compatible with hepatitis, accompanied by abnormalities in liver function tests or jaundice appear, <content styleCode="bold">Dantrium</content> should be discontinued.  If caused by <content styleCode="bold">Dantrium</content> and detected early, the abnormalities in liver function characteristically have reverted to normal when the drug was discontinued.  <content styleCode="bold">Dantrium</content> therapy has been reinstituted in a few patients who have developed clinical and/or laboratory evidence of hepatocellular injury.  If such reinstitution of therapy is done, it should be attempted only in patients who clearly need <content styleCode="bold">Dantrium</content> and only after previous symptoms and laboratory abnormalities have cleared.  The patient should be hospitalized and the drug should be restarted in very small and gradually increasing doses.  Laboratory monitoring should be frequent and the drug should be withdrawn immediately if there is any indication of recurrent liver involvement.  Some patients have reacted with unmistakable signs of liver abnormality upon administration of a challenge dose, while others have not.</paragraph><paragraph><content styleCode="bold">Dantrium</content> should be used with particular caution in females and in patients over 35 years of age in view of apparent greater likelihood of drug-induced, potentially fatal, hepatocellular disease in these groups.</paragraph></text>
<effectiveTime value="20060328" />
<component>
<section ID="s10">
<id root="41348786-A328-1816-4C54-F68F35C4D1FD" />
<code code="34083-6" codeSystem="2.16.840.1.113883.6.1" displayName="CARCINOGENESIS &amp; MUTAGENESIS &amp; IMPAIRMENT OF FERTILITY SECTION" />
<text><paragraph><content styleCode="bold">Carcinogenesis, Mutagenesis, Impairment of Fertility:</content> Long-term safety of <content styleCode="bold">Dantrium</content> in humans has not been established.  Chronic studies in rats, dogs, and monkeys at dosages greater than 30 mg/kg/day showed growth or weight depression and signs of hepatopathy and possible occlusion nephropathy, all of which were reversible upon cessation of treatment. Sprague-Dawley female rats fed dantrolene sodium for 18 months at dosage levels of 15, 30, and 60 mg/kg/day showed an increased incidence of benign and malignant mammary tumors compared with concurrent controls.  At the highest dose level, there was an increase in the incidence of benign hepatic lymphatic neoplasms.  In a 30-month study at the same dose levels also in Sprague-Dawley rats, dantrolene sodium produced a decrease in the time of onset of mammary neoplasms.  Female rats at the highest dose level showed an increased incidence of hepatic lymphangiomas and hepatic angiosarcomas.</paragraph><paragraph>The only drug-related effect seen in a 30-month study in Fischer-344 rats was a dose-related reduction in the time of onset of mammary and testicular tumors.  A 24-month study in HaM/ICR mice revealed no evidence of carcinogenic activity.  Carcinogenicity in humans cannot be fully excluded, so that this possible risk of chronic administration must be weighed against the benefits of the drug (i.e., after a brief trial) for the individual patient.</paragraph><paragraph>Dantrolene sodium has produced positive results in the Ames S. Typhimurium bacterial mutagenesis assay in the presence and absence of a liver activating system.</paragraph></text>
<effectiveTime value="20060328" />
</section>
</component>
<component>
<section ID="s11">
<id root="7EC9C09A-F0FA-998C-7C2F-54D1ED202D1A" />
<code code="42228-7" codeSystem="2.16.840.1.113883.6.1" displayName="PREGNANCY SECTION" />
<text><paragraph><content styleCode="bold">Pregnancy:</content>   Pregnancy Category C: <content styleCode="bold">Dantrium</content> has been shown to be embryocidal in the rabbit and has been shown to decrease pup survival in the rat when given at doses seven times the human oral dose. There are no adequate and well-controlled studies in pregnant women (see <linkHtml href="#s12">Labor and Delivery</linkHtml> subheading for information regarding placental transfer of the drug). <content styleCode="bold">Dantrium</content> capsules should be used during pregnancy only if the potential benefit justifies the potential risk to the fetus.</paragraph></text>
<effectiveTime value="20060328" />
</section>
</component>
<component>
<section ID="s12">
<id root="807F73EC-8F8E-1300-19F5-1C3BB653A126" />
<code code="34079-4" codeSystem="2.16.840.1.113883.6.1" displayName="LABOR &amp; DELIVERY SECTION" />
<text><paragraph><content styleCode="bold">Labor and Delivery:</content> In one non-randomized open-label study, 21 term pregnant patients received prophylactic oral Dantrium 100 mg per day for 2 to 10 days prior to delivery.  Dantrolene readily crossed the placenta with maternal and fetal whole blood levels approximately equal at delivery; neonatal levels then fell approximately 50% per day for 2 days before declining sharply.  No neonatal respiratory and neuromuscular side effects were detected at low dose. More data, at higher doses, are needed before more definitive conclusions can be made.</paragraph></text>
<effectiveTime value="20060328" />
</section>
</component>
<component>
<section ID="s13">
<id root="48B9D7B7-51DE-A89B-C8EF-2A0324349225" />
<code code="34080-2" codeSystem="2.16.840.1.113883.6.1" displayName="NURSING MOTHERS SECTION" />
<text><paragraph><content styleCode="bold">Nursing Mothers:  Dantrium</content> should not be used in nursing mothers.</paragraph></text>
<effectiveTime value="20060328" />
</section>
</component>
<component>
<section ID="s14">
<id root="B6A5FBF5-0F63-CCB2-DD55-DF138D4F2281" />
<code code="34081-0" codeSystem="2.16.840.1.113883.6.1" displayName="PEDIATRIC USE SECTION" />
<text><paragraph><content styleCode="bold">Usage in Pediatric Patients:</content>  The long-term safety of <content styleCode="bold">Dantrium</content> in pediatric patients under the age of 5 years has not been established.  Because of the possibility that adverse effects of the drug could become apparent only after many years, a benefit-risk consideration of the long-term use of <content styleCode="bold">Dantrium</content> is particularly important in pediatric patients.</paragraph></text>
<effectiveTime value="20060328" />
</section>
</component>
<component>
<section ID="s15">
<id root="2B13F069-62F9-B987-6898-0D72E1EDA712" />
<code code="34073-7" codeSystem="2.16.840.1.113883.6.1" displayName="DRUG INTERACTIONS SECTION" />
<text><paragraph><content styleCode="bold">Drug Interactions:</content>  Drowsiness may occur with <content styleCode="bold">Dantrium</content> therapy, and the concomitant administration of CNS depressants such as sedatives and tranquilizing agents may result in further drowsiness.</paragraph><paragraph>While a definite drug interaction with estrogen therapy has not yet been established, caution should be observed if the two drugs are to be given concomitantly.  Hepatotoxicity has occurred more often in women over 35 years of age receiving concomitant estrogen therapy.</paragraph><paragraph>Cardiovascular collapse in patients treated simultaneously with verapamil and dantrolene sodium is rare.  The combination of therapeutic doses of intravenous dantrolene sodium and verapamil in halothane/&#945;-chloralose anesthetized swine has resulted in ventricular fibrillation and cardiovascular collapse in association with marked hyperkalemia.  Until the relevance of these findings to humans is established, the combination of dantrolene sodium and calcium channel blockers is not recommended during the management of malignant hyperthermia.</paragraph><paragraph>Administration of <content styleCode="bold">Dantrium</content> may potentiate vecuronium-induced neuromuscular block.</paragraph></text>
<effectiveTime value="20060328" />
</section>
</component>
</section>
</component>
<component>
<section ID="s16">
<id root="43D8F1C9-57CC-005A-8D1D-27558EBE8843" />
<code code="42232-9" codeSystem="2.16.840.1.113883.6.1" displayName="PRECAUTIONS SECTION" />
<title mediaType="text/x-hl7-title+xml">PRECAUTIONS</title>
<text><paragraph><content styleCode="bold">Dantrium</content> should be used with caution in patients with impaired pulmonary function, particularly those with obstructive pulmonary disease, and in patients with severely impaired cardiac function due to myocardial disease. It should be used with caution in patients with a history of previous liver disease or dysfunction (see <content styleCode="bold"><linkHtml href="#s9">WARNINGS</linkHtml></content>).</paragraph></text>
<effectiveTime value="20060328" />
<component>
<section ID="e16">
<id root="2865DFEC-D0A4-77EF-5781-10266C58BC8B" />
<code code="34076-0" codeSystem="2.16.840.1.113883.6.1" displayName="INFORMATION FOR PATIENTS SECTION" />
<text><paragraph><content styleCode="bold">Information for Patients:</content>  Patients should be cautioned against driving a motor vehicle or participating in hazardous occupations while taking <content styleCode="bold">Dantrium</content>.  Caution should be exercised in the concomitant administration of tranquilizing agents.</paragraph><paragraph><content styleCode="bold">Dantrium</content> might possibly evoke a photosensitivity reaction; patients should be cautioned about exposure to sunlight while taking it.</paragraph></text>
<effectiveTime value="20060328" />
</section>
</component>
</section>
</component>
<component>
<section ID="s17">
<id root="09E28649-CAFF-BDB3-39C0-8FF7C43E068A" />
<code code="34084-4" codeSystem="2.16.840.1.113883.6.1" displayName="ADVERSE REACTIONS SECTION" />
<title mediaType="text/x-hl7-title+xml">ADVERSE REACTIONS</title>
<text><paragraph>The most frequently occurring side effects of <content styleCode="bold">Dantrium</content> have been drowsiness, dizziness, weakness, general malaise, fatigue, and diarrhea.  These are generally transient, occurring early in treatment, and can often be obviated by beginning with a low dose and increasing dosage gradually until an optimal regimen is established.  Diarrhea may be severe and may necessitate temporary withdrawal of <content styleCode="bold">Dantrium</content> therapy.  If diarrhea recurs upon readministration of <content styleCode="bold">Dantrium</content>, therapy should probably be withdrawn permanently.</paragraph><paragraph>Other less frequent side effects, listed according to system, are:</paragraph><paragraph><content styleCode="bold">Gastrointestinal:</content>  Constipation, rarely progressing to signs of intestinal obstruction, GI bleeding, anorexia, swallowing difficulty, gastric irritation, abdominal cramps, nausea and/or vomiting.</paragraph><paragraph><content styleCode="bold">Hepatobiliary:</content>  Hepatitis (see <content styleCode="bold"><linkHtml href="#s9">WARNINGS</linkHtml></content>).</paragraph><paragraph><content styleCode="bold">Neurologic:</content>  Speech disturbance, seizure, headache, light-headedness, visual disturbance, diplopia, alteration of taste, insomnia, drooling.</paragraph><paragraph><content styleCode="bold">Cardiovascular:</content>  Tachycardia, erratic blood pressure, phlebitis, heart failure.</paragraph><paragraph><content styleCode="bold">Hematologic:</content>  Aplastic anemia, anemia, leukopenia, lymphocytic lymphoma, thrombocytopenia.</paragraph><paragraph><content styleCode="bold">Psychiatric:</content>  Mental depression, mental confusion, increased nervousness.</paragraph><paragraph><content styleCode="bold">Urogenital:</content>  Increased urinary frequency, crystalluria, hematuria, difficult erection, urinary incontinence and/or nocturia, difficult urination and/or urinary retention.</paragraph><paragraph><content styleCode="bold">Integumentary:</content>  Abnormal hair growth, acne-like rash, pruritus, urticaria, eczematoid eruption, sweating.</paragraph><paragraph><content styleCode="bold">Musculoskeletal:</content>  Myalgia, backache.</paragraph><paragraph><content styleCode="bold">Respiratory:</content>  Feeling of suffocation, respiratory depression.</paragraph><paragraph><content styleCode="bold">Special Senses:</content>  Excessive tearing.</paragraph><paragraph><content styleCode="bold">Hypersensitivity:</content>  Pleural effusion with pericarditis, anaphylaxis.</paragraph><paragraph><content styleCode="bold">Other:</content>  Chills and fever.</paragraph><paragraph>The published literature has included some reports of <content styleCode="bold">Dantrium</content> use in patients with Neuroleptic Malignant Syndrome (NMS).  <content styleCode="bold">Dantrium</content> capsules are not indicated for the treatment of NMS and patients may expire despite treatment with <content styleCode="bold">Dantrium</content> capsules.</paragraph></text>
<effectiveTime value="20060328" />
</section>
</component>
<component>
<section ID="s18">
<id root="206B12B2-CBA1-B44C-E733-A2DC91FEDE62" />
<code code="42227-9" codeSystem="2.16.840.1.113883.6.1" displayName="DRUG ABUSE AND DEPENDENCE" />
<title mediaType="text/x-hl7-title+xml">DRUG ABUSE AND DEPENDENCE</title>
<text><paragraph>Drug abuse and dependency potential has not been evaluated in human or animal studies.</paragraph></text>
<effectiveTime value="20060328" />
</section>
</component>
<component>
<section ID="s19">
<id root="7969864C-7004-F7AF-6AB5-79B3BC069E15" />
<code code="34088-5" codeSystem="2.16.840.1.113883.6.1" displayName="OVERDOSAGE SECTION" />
<title mediaType="text/x-hl7-title+xml">OVERDOSE</title>
<text><paragraph>Symptoms which may occur in case of overdose include, but are not limited to, muscular weakness and alterations in the state of consciousness (e.g. lethargy, coma), vomiting, diarrhea, and crystalluria.  For acute overdose, general supportive measures should be employed along with immediate gastric lavage.</paragraph><paragraph>Intravenous fluids should be administered in fairly large quantities to avert the possibility of crystalluria.  An adequate airway should be maintained and artificial resuscitation equipment should be at hand.  Electrocardiographic monitoring should be instituted, and the patient carefully observed.  To date, no experience has been reported with dialysis and its value in Dantrium overdose is not known.</paragraph></text>
<effectiveTime value="20060328" />
</section>
</component>
<component>
<section ID="s20">
<id root="36570B30-ECC0-3DA7-6D82-ED18001BE809" />
<code code="34068-7" codeSystem="2.16.840.1.113883.6.1" displayName="DOSAGE &amp; ADMINISTRATION SECTION" />
<title mediaType="text/x-hl7-title+xml">DOSAGE AND ADMINISTRATION</title>
<effectiveTime value="20060328" />
<component>
<section ID="s21">
<id root="57EA47BA-AC8B-CF2E-5B21-1718810BFA81" />
<code code="42229-5" codeSystem="2.16.840.1.113883.6.1" displayName="SPL UNCLASSIFIED SECTION" />
<text><paragraph><content styleCode="bold">For Use in Chronic Spasticity:</content>  Prior to the administration of <content styleCode="bold">Dantrium</content>, consideration should be given to the potential response to treatment.  A decrease in spasticity sufficient to allow a daily function not otherwise attainable should be the therapeutic goal of treatment with <content styleCode="bold">Dantrium</content>.  Refer to <content styleCode="bold">INDICATIONS AND USAGE</content> section for description of response to be anticipated.</paragraph><paragraph>It is important to establish a therapeutic goal (regain and maintain a specific function such as therapeutic exercise program, utilization of braces, transfer maneuvers, etc.) before beginning <content styleCode="bold">Dantrium</content> therapy.  Dosage should be increased until the maximum performance compatible with the dysfunction due to underlying disease is achieved.  No further increase in dosage is then indicated.</paragraph></text>
<effectiveTime value="20060328" />
</section>
</component>
<component>
<section ID="s22">
<id root="46F4A196-244F-9D19-5849-20ECA634B368" />
<code code="42229-5" codeSystem="2.16.840.1.113883.6.1" displayName="SPL UNCLASSIFIED SECTION" />
<text><paragraph><content styleCode="bold">Usual Dosage:</content>  It is important that the dosage be titrated and individualized for maximum effect.  The lowest dose compatible with optimal response is recommended.</paragraph><paragraph><content styleCode="italics">In view of the potential for liver damage in long-term</content><content styleCode="bold">Dantrium</content><content styleCode="italics">use, therapy should be stopped if benefits are not evident within 45 days.</content></paragraph></text>
<effectiveTime value="20060328" />
</section>
</component>
<component>
<section ID="s23">
<id root="F7A8DB36-89CC-4823-F17D-A667E65EE6C3" />
<code code="42229-5" codeSystem="2.16.840.1.113883.6.1" displayName="SPL UNCLASSIFIED SECTION" />
<text><paragraph><content styleCode="bold">Adults:</content>  The following gradual titration schedule is suggested.  Some patients will not respond until higher daily dosage is achieved.  Each dosage level should be maintained for seven days to determine the patient's response.  If no further benefit is observed at the next higher dose, dosage should be decreased to the previous lower dose.</paragraph><list listType="unordered" styleCode="disc"><item><caption>&#160;</caption>25 mg once daily for seven days, then</item><item><caption>&#160;</caption>
25 mg t.i.d. for seven days</item><item><caption>&#160;</caption>
50 mg t.i.d. for seven days</item><item><caption>&#160;</caption>
100 mg t.i.d.</item></list><paragraph>Therapy with a dose four times daily may be necessary for some individuals.  Doses higher than 100 mg four times daily should not be used.  (See <linkHtml href="#s1">Box Warning.</linkHtml>)</paragraph></text>
<effectiveTime value="20060328" />
</section>
</component>
<component>
<section ID="s24">
<id root="7B1E088D-9627-3C36-F7B7-091A018E1BA7" />
<code code="42229-5" codeSystem="2.16.840.1.113883.6.1" displayName="SPL UNCLASSIFIED SECTION" />
<text><paragraph><content styleCode="bold">Pediatric Patients:</content>  The following gradual titration schedule is suggested.  Some patients will not respond until higher daily dosage is achieved.  Each dosage level should be maintained for seven days to determine the patient's response.  If no further benefit is observed at the next higher dose, dosage should be decreased to the previous lower dose.</paragraph><list listType="unordered" styleCode="disc"><item><caption>&#160;</caption>0.5 mg/kg once daily for seven days, then</item><item><caption>&#160;</caption>0.5 mg/kg t.i.d. for seven days</item><item><caption>&#160;</caption>1 mg/kg t.i.d. for seven days</item><item><caption>&#160;</caption>2 mg/kg t.i.d.</item></list><paragraph>Therapy with a dose four times daily may be necessary for some individuals.  Doses higher than 100 mg four times daily should not be used.  (See <linkHtml href="#s1">Box Warning.</linkHtml>)</paragraph></text>
<effectiveTime value="20060328" />
<component>
<section ID="s25">
<id root="E00282E8-12E9-F38F-AC7B-1751622AEABD" />
<code code="42229-5" codeSystem="2.16.840.1.113883.6.1" displayName="SPL UNCLASSIFIED SECTION" />
<title mediaType="text/x-hl7-title+xml">For Malignant Hyperthermia:</title>
<effectiveTime value="20060328" />
<component>
<section ID="s26">
<id root="77E7EBC4-5D66-A0FE-27D4-53E550D639B3" />
<code code="42229-5" codeSystem="2.16.840.1.113883.6.1" displayName="SPL UNCLASSIFIED SECTION" />
<text><paragraph><content styleCode="bold">Preoperatively:</content>  Administer 4 to 8 mg/kg/day of oral <content styleCode="bold">Dantrium</content> in 3 or 4 divided doses for one or two days prior to surgery, with the last dose being given approximately 3 to 4 hours before scheduled surgery with a minimum of water.</paragraph><paragraph>This dosage will usually be associated with skeletal muscle weakness and sedation (sleepiness or drowsiness); adjustment can usually be made within the recommended dosage range to avoid incapacitation or excessive gastrointestinal irritation (including nausea and/or vomiting).</paragraph></text>
<effectiveTime value="20060328" />
</section>
</component>
<component>
<section ID="s27">
<id root="A20390E3-C9B9-0B18-7259-8047BA24F730" />
<code code="42229-5" codeSystem="2.16.840.1.113883.6.1" displayName="SPL UNCLASSIFIED SECTION" />
<text><paragraph><content styleCode="bold">Post Crisis Follow-up:</content>  Oral <content styleCode="bold">Dantrium</content> should also be administered following a malignant hyperthermia crisis, in doses of 4 to 8 mg/kg per day in four divided doses, for a one to three day period to prevent recurrence of the manifestations of malignant hyperthermia.</paragraph></text>
<effectiveTime value="20060328" />
</section>
</component>
</section>
</component>
</section>
</component>
</section>
</component>
<component>
<section ID="s28">
<id root="38DC73E2-AE4A-68F4-3E98-C900F478FD58" />
<code code="34069-5" codeSystem="2.16.840.1.113883.6.1" displayName="HOW SUPPLIED SECTION" />
<title mediaType="text/x-hl7-title+xml">HOW SUPPLIED</title>
<text><paragraph><content styleCode="bold">Dantrium</content>  (dantrolene sodium) is available in:</paragraph><paragraph>25-mg opaque, orange and tan capsules:</paragraph><paragraph><content styleCode="bold">NDC</content>  0149-0030-05 bottle of 100<br /><content styleCode="bold">NDC</content>  0149-0030-66 bottle of 500</paragraph><paragraph>50-mg opaque, orange and tan capsules:<br /><content styleCode="bold">NDC</content>  0149-0031-05 bottle of 100</paragraph><paragraph>100-mg opaque, orange and tan capsules:<br /><content styleCode="bold">NDC</content>  0149-0033-05 bottle of 100</paragraph><paragraph><content styleCode="bold">Avoid excessive heat (over 104&#176;F or 40&#176;C).</content></paragraph><paragraph>Address medical inquiries to Procter &amp; Gamble Pharmaceuticals, Medical Communications Department, PO Box 8006, Mason, Ohio 45040-8006.</paragraph></text>
<effectiveTime value="20060328" />
</section>
</component>
</structuredBody>
</component>
</document>
