<?xml version="1.0" encoding="UTF-8"?>
<?xml-stylesheet href="http://www.fda.gov/oc/datacouncil/stylesheets/spl/spl.xsl" type="text/xsl"?><document xmlns="urn:hl7-org:v3" xmlns:voc="http://www.hl7.org/v3/voc" xmlns:xsi="http://www.w3.org/2001/XMLSchema-instance" xsi:schemaLocation="urn:hl7-org:v3 http://www.fda.gov/oc/datacouncil/schemas/spl/spl.xsd">
<id root="98C0C097-C253-4CC2-939E-6C172752D394" />
<code code="34391-3" codeSystem="2.16.840.1.113883.6.1" codeSystemName="LOINC" displayName="Human Prescription Drug Label" />
<title mediaType="text/x-hl7-title+xml">ERYTHROMYCIN ETHYLSUCCINATE ORAL SUSPENSION, USP</title>
<effectiveTime value="20060607" />
<setId root="98C0C097-C253-4CC2-939E-6C172752D394" />
<versionNumber value="1" />
<author>
<time />
<assignedEntity>
<representedOrganization>
<name>Abbott Laboratories</name>
</representedOrganization>
</assignedEntity>
</author>
<component>
<structuredBody>
<component>
<section>
<id root="0F7C1242-0559-3922-967E-C0B15CBC3173" />
<effectiveTime value="20060607" />
<subject>
<manufacturedProduct>
<manufacturedMedicine>
<code code="0074-3748" codeSystem="2.16.840.1.113883.6.69" />
<name>ERYTHROMYCIN ETHYLSUCCINATE</name>
<formCode code="C42994" codeSystem="2.16.840.1.113883.3.26.1.1" codeSystemName="FDA DRG 201" displayName="SUSPENSION" />
<activeIngredient>
<quantity>
<numerator unit="mg" value="400">
<translation code="C28253" codeSystem="2.16.840.1.113883.3.26.1.1" displayName="MILLIGRAM" value="400" />
</numerator>
<denominator unit="mL" value="5">
<translation code="C28254" codeSystem="2.16.840.1.113883.3.26.1.1" displayName="MILLILITER" value="5" />
</denominator>
</quantity>
<activeIngredientSubstance>
<code code="1014KSJ86F" codeSystem="2.16.840.1.113883.4.9" codeSystemName="FDA SRS" />
<name>Erythromycin ethylsuccinate</name>
<activeMoiety>
<activeMoiety>
<code code="63937KV33D" codeSystem="2.16.840.1.113883.4.9" codeSystemName="FDA SRS" />
<name>erythromycin</name>
</activeMoiety>
</activeMoiety>
</activeIngredientSubstance>
</activeIngredient>
<asEntityWithGeneric>
<genericMedicine>
<name>erythromycin ethylsuccinate</name>
</genericMedicine>
</asEntityWithGeneric>
<inactiveIngredient>
<inactiveIngredientSubstance>
<code code="3K9958V90M" codeSystem="2.16.840.1.113883.4.9" codeSystemName="FDA SRS" />
<name>Alcohol</name>
</inactiveIngredientSubstance>
</inactiveIngredient>
<inactiveIngredient>
<inactiveIngredientSubstance>
<code code="2968PHW8QP" codeSystem="2.16.840.1.113883.4.9" codeSystemName="FDA SRS" />
<name>citric acid</name>
</inactiveIngredientSubstance>
</inactiveIngredient>
<inactiveIngredient>
<inactiveIngredientSubstance>
<name>D&amp;C Red No. 33</name>
</inactiveIngredientSubstance>
</inactiveIngredient>
<inactiveIngredient>
<inactiveIngredientSubstance>
<name>FD&amp;C Red No. 40</name>
</inactiveIngredientSubstance>
</inactiveIngredient>
<inactiveIngredient>
<inactiveIngredientSubstance>
<name>methylparaben</name>
</inactiveIngredientSubstance>
</inactiveIngredient>
<inactiveIngredient>
<inactiveIngredientSubstance>
<name>polysorbate 60</name>
</inactiveIngredientSubstance>
</inactiveIngredient>
<inactiveIngredient>
<inactiveIngredientSubstance>
<code code="Z8IX2SC1OH" codeSystem="2.16.840.1.113883.4.9" codeSystemName="FDA SRS" />
<name>propylparaben</name>
</inactiveIngredientSubstance>
</inactiveIngredient>
<inactiveIngredient>
<inactiveIngredientSubstance>
<code code="451W47IQ8X" codeSystem="2.16.840.1.113883.4.9" codeSystemName="FDA SRS" />
<name>sodium chloride</name>
</inactiveIngredientSubstance>
</inactiveIngredient>
<inactiveIngredient>
<inactiveIngredientSubstance>
<code code="1Q73Q2JULR" codeSystem="2.16.840.1.113883.4.9" codeSystemName="FDA SRS" />
<name>sodium citrate</name>
</inactiveIngredientSubstance>
</inactiveIngredient>
<inactiveIngredient>
<inactiveIngredientSubstance>
<code code="C151H8M554" codeSystem="2.16.840.1.113883.4.9" codeSystemName="FDA SRS" />
<name>sucrose</name>
</inactiveIngredientSubstance>
</inactiveIngredient>
<inactiveIngredient>
<inactiveIngredientSubstance>
<code code="059QF0KO0R" codeSystem="2.16.840.1.113883.4.9" codeSystemName="FDA SRS" />
<name>water</name>
</inactiveIngredientSubstance>
</inactiveIngredient>
<inactiveIngredient>
<inactiveIngredientSubstance>
<name>xanthan gum</name>
</inactiveIngredientSubstance>
</inactiveIngredient>
<inactiveIngredient>
<inactiveIngredientSubstance>
<name>natural and artificial flavoring</name>
</inactiveIngredientSubstance>
</inactiveIngredient>
<asContent>
<quantity>
<numerator unit="mL" value="473">
<translation code="C28254" codeSystem="2.16.840.1.113883.3.26.1.1" displayName="MILLILITER" value="473" />
</numerator>
<denominator value="1">
<translation value="1" />
</denominator>
</quantity>
<containerPackagedMedicine>
<code code="0074-3748-16" codeSystem="2.16.840.1.113883.6.69" codeSystemName="NDC" />
<formCode code="C43169" codeSystem="2.16.840.1.113883.3.26.1.1" displayName="BOTTLE" />
</containerPackagedMedicine>
</asContent>
</manufacturedMedicine>
<consumedIn>
<substanceAdministration>
<routeCode code="C38288" codeSystem="2.16.840.1.113883.3.26.1.1" displayName="ORAL" />
</substanceAdministration>
</consumedIn>
</manufacturedProduct>
</subject>
<subject>
<manufacturedProduct>
<manufacturedMedicine>
<code code="0074-3747" codeSystem="2.16.840.1.113883.6.69" />
<name>ERYTHROMYCIN ETHYLSUCCINATE</name>
<formCode code="C42994" codeSystem="2.16.840.1.113883.3.26.1.1" codeSystemName="FDA DRG 201" displayName="SUSPENSION" />
<activeIngredient>
<quantity>
<numerator unit="mg" value="200">
<translation code="C28253" codeSystem="2.16.840.1.113883.3.26.1.1" displayName="MILLIGRAM" value="200" />
</numerator>
<denominator unit="mL" value="5">
<translation code="C28254" codeSystem="2.16.840.1.113883.3.26.1.1" displayName="MILLILITER" value="5" />
</denominator>
</quantity>
<activeIngredientSubstance>
<code code="1014KSJ86F" codeSystem="2.16.840.1.113883.4.9" codeSystemName="FDA SRS" />
<name>Erythromycin ethylsuccinate</name>
<activeMoiety>
<activeMoiety>
<code code="63937KV33D" codeSystem="2.16.840.1.113883.4.9" codeSystemName="FDA SRS" />
<name>erythromycin</name>
</activeMoiety>
</activeMoiety>
</activeIngredientSubstance>
</activeIngredient>
<asEntityWithGeneric>
<genericMedicine>
<name>erythromycin ethylsuccinate</name>
</genericMedicine>
</asEntityWithGeneric>
<inactiveIngredient>
<inactiveIngredientSubstance>
<code code="3K9958V90M" codeSystem="2.16.840.1.113883.4.9" codeSystemName="FDA SRS" />
<name>Alcohol</name>
</inactiveIngredientSubstance>
</inactiveIngredient>
<inactiveIngredient>
<inactiveIngredientSubstance>
<code code="2968PHW8QP" codeSystem="2.16.840.1.113883.4.9" codeSystemName="FDA SRS" />
<name>citric acid</name>
</inactiveIngredientSubstance>
</inactiveIngredient>
<inactiveIngredient>
<inactiveIngredientSubstance>
<name>D&amp;C Red No. 33</name>
</inactiveIngredientSubstance>
</inactiveIngredient>
<inactiveIngredient>
<inactiveIngredientSubstance>
<name>FD&amp;C Red No. 40</name>
</inactiveIngredientSubstance>
</inactiveIngredient>
<inactiveIngredient>
<inactiveIngredientSubstance>
<name>methylparaben</name>
</inactiveIngredientSubstance>
</inactiveIngredient>
<inactiveIngredient>
<inactiveIngredientSubstance>
<name>polysorbate 60</name>
</inactiveIngredientSubstance>
</inactiveIngredient>
<inactiveIngredient>
<inactiveIngredientSubstance>
<code code="Z8IX2SC1OH" codeSystem="2.16.840.1.113883.4.9" codeSystemName="FDA SRS" />
<name>propylparaben</name>
</inactiveIngredientSubstance>
</inactiveIngredient>
<inactiveIngredient>
<inactiveIngredientSubstance>
<code code="451W47IQ8X" codeSystem="2.16.840.1.113883.4.9" codeSystemName="FDA SRS" />
<name>sodium chloride</name>
</inactiveIngredientSubstance>
</inactiveIngredient>
<inactiveIngredient>
<inactiveIngredientSubstance>
<code code="1Q73Q2JULR" codeSystem="2.16.840.1.113883.4.9" codeSystemName="FDA SRS" />
<name>sodium citrate</name>
</inactiveIngredientSubstance>
</inactiveIngredient>
<inactiveIngredient>
<inactiveIngredientSubstance>
<code code="C151H8M554" codeSystem="2.16.840.1.113883.4.9" codeSystemName="FDA SRS" />
<name>sucrose</name>
</inactiveIngredientSubstance>
</inactiveIngredient>
<inactiveIngredient>
<inactiveIngredientSubstance>
<code code="059QF0KO0R" codeSystem="2.16.840.1.113883.4.9" codeSystemName="FDA SRS" />
<name>water</name>
</inactiveIngredientSubstance>
</inactiveIngredient>
<inactiveIngredient>
<inactiveIngredientSubstance>
<name>xanthan gum</name>
</inactiveIngredientSubstance>
</inactiveIngredient>
<inactiveIngredient>
<inactiveIngredientSubstance>
<name>natural and artificial flavoring</name>
</inactiveIngredientSubstance>
</inactiveIngredient>
<asContent>
<quantity>
<numerator unit="mL" value="473">
<translation code="C28254" codeSystem="2.16.840.1.113883.3.26.1.1" displayName="MILLILITER" value="473" />
</numerator>
<denominator value="1">
<translation value="1" />
</denominator>
</quantity>
<containerPackagedMedicine>
<code code="0074-3747-16" codeSystem="2.16.840.1.113883.6.69" codeSystemName="NDC" />
<formCode code="C43169" codeSystem="2.16.840.1.113883.3.26.1.1" displayName="BOTTLE" />
</containerPackagedMedicine>
</asContent>
</manufacturedMedicine>
<consumedIn>
<substanceAdministration>
<routeCode code="C38288" codeSystem="2.16.840.1.113883.3.26.1.1" displayName="ORAL" />
</substanceAdministration>
</consumedIn>
</manufacturedProduct>
</subject>
</section>
</component>
<component>
<section>
<id root="E04A3011-1B4E-EDB5-6249-D1C08FCE867B" />
<text><paragraph>To reduce the development of drug-resistant bacteria
and maintain the effectiveness of erythromycin ethylsuccinate oral suspension
and other antibacterial drugs, erythromycin ethylsuccinate oral suspension
should be used only to treat or prevent infections that are proven or strongly
suspected to be caused by bacteria.</paragraph></text>
<effectiveTime value="20060607" />
</section>
</component>
<component>
<section>
<id root="E9D21F9C-8BC0-1E65-770E-DADC9845625E" />
<code code="34089-3" codeSystem="2.16.840.1.113883.6.1" codeSystemName="LOINC" displayName="DESCRIPTION section" />
<title mediaType="text/x-hl7-title+xml">DESCRIPTION</title>
<text><paragraph>Erythromycin is produced by a strain of <content styleCode="italics">Saccharopolyspora
erythraea</content> (formerly <content styleCode="italics">Streptomyces erythraeus</content>) and belongs to the macrolide group of antibiotics.  It is basic
and readily forms salts with acids.  The base, the stearate salt and the esters
are poorly soluble in water.  Erythromycin ethylsuccinate is an ester of erythromycin
suitable for oral administration.  Erythromycin ethylsuccinate oral suspension
contains 200 or 400 mg erythromycin activity per teaspoonful (5 mL) in a premixed
suspension with a cherry flavor, supplied in pint (16 fl oz) bottles.  The
premixed suspension for oral administration is intended primarily for pediatric
use but can also be used in adults.</paragraph><paragraph>Erythromycin
ethylsuccinate is known chemically as erythromycin 2'-(ethylsuccinate).
The molecular formula is C<sub>43</sub>H<sub>75</sub>NO<sub>16</sub> and the
molecular weight is 862.06.  The structural formula is:</paragraph><paragraph><renderMultiMedia referencedObject="MM1133374923-1" /></paragraph></text>
<effectiveTime value="20060607" />
<component>
<section>
<id root="32D9C5BF-1255-D2B7-2D40-8D34336DEA30" />
<title mediaType="text/x-hl7-title+xml">Inactive Ingredients</title>
<text><paragraph>Alcohol less than 0.1%, citric acid, D&amp;C Red
No. 33, FD&amp;C Red No. 40, methylparaben, polysorbate 60, propylparaben,
sodium chloride, sodium citrate, sucrose, water, xanthan gum, and natural
and artificial flavoring.</paragraph></text>
<effectiveTime value="20060607" />
</section>
</component>
<component>
<observationMedia ID="MM1133374923-1">
<id root="1D281DD1-CD81-4FBA-6689-29AA53C63077" />
<value mediaType="image/jpeg" xsi:type="ED"><reference value="erythromycin-structure.jpg" /></value>
</observationMedia>
</component>
</section>
</component>
<component>
<section>
<id root="1B7578D5-EC35-D12C-F4D7-127B13AB3F2F" />
<code code="34090-1" codeSystem="2.16.840.1.113883.6.1" codeSystemName="LOINC" displayName="CLINICAL PHARMACOLOGY section" />
<title mediaType="text/x-hl7-title+xml">CLINICAL PHARMACOLOGY</title>
<text><paragraph>Orally administered erythromycin ethylsuccinate suspension
is readily and reliably absorbed.  Comparable serum levels of erythromycin
are achieved in the fasting and nonfasting states.</paragraph><paragraph>Erythromycin
diffuses readily into most body fluids.  Only low concentrations are normally
achieved in the spinal fluid, but passage of the drug across the blood-brain
barrier increases in meningitis.  In the presence of normal hepatic function,
erythromycin is concentrated in the liver and excreted in the bile; the effect
of hepatic dysfunction on excretion of erythromycin by the liver into the
bile is not known.  Less than 5 percent of the orally administered dose of
erythromycin is excreted in active form in the urine.</paragraph><paragraph>Erythromycin
crosses the placental barrier, but fetal plasma levels are low.  The drug
is excreted in human milk.</paragraph></text>
<effectiveTime value="20060607" />
<component>
<section>
<id root="57F604F6-96C5-946A-0F8E-41C7BFFEF6D6" />
<title mediaType="text/x-hl7-title+xml">Microbiology</title>
<text><paragraph>Erythromycin acts by inhibition of protein synthesis
by binding 50 <content styleCode="italics">S</content> ribosomal subunits
of susceptible organisms.  It does not affect nucleic acid synthesis.  Antagonism
has been demonstrated <content styleCode="italics">in vitro</content> between
erythromycin and clindamycin, lincomycin, and chloramphenicol.</paragraph><paragraph>Many strains of <content styleCode="italics">Haemophilus
influenzae</content> are resistant to erythromycin alone, but are susceptible
to erythromycin and sulfonamides used concomitantly.</paragraph><paragraph>Staphylococci
resistant to erythromycin may emerge during a course of therapy.</paragraph><paragraph>Erythromycin has been shown to be active against most strains
of the following microorganisms, both <content styleCode="italics">in vitro</content> and in clinical infections as described in the <content styleCode="bold">INDICATIONS
AND USAGE</content> section.</paragraph></text>
<effectiveTime value="20060607" />
<component>
<section>
<id root="CDFAC918-45E0-8D36-C31F-E4DCF966A40F" />
<title mediaType="text/x-hl7-title+xml">Gram-positive Organisms</title>
<text><paragraph><content styleCode="italics">Corynebacterium
diphtheriae</content></paragraph><paragraph><content styleCode="italics">Corynebacterium minutissimum</content></paragraph><paragraph><content styleCode="italics">Listeria
monocytogenes</content></paragraph><paragraph><content styleCode="italics">Staphylococcus aureus</content> (resistant
organisms may emerge during treatment)</paragraph><paragraph><content styleCode="italics">Streptococcus pneumoniae</content></paragraph><paragraph><content styleCode="italics">Streptococcus
pyogenes</content></paragraph></text>
<effectiveTime value="20060607" />
</section>
</component>
<component>
<section>
<id root="0DE17F46-53F8-88AC-36E6-3DDD046811C5" />
<title mediaType="text/x-hl7-title+xml">Gram-negative Organisms</title>
<text><paragraph><content styleCode="italics">Bordetella
pertussis</content></paragraph><paragraph><content styleCode="italics">Legionella pneumophila</content></paragraph><paragraph><content styleCode="italics">Neisseria gonorrhoeae</content></paragraph></text>
<effectiveTime value="20060607" />
</section>
</component>
<component>
<section>
<id root="21D1DF67-C71C-21F3-4E96-A2325DC8A05E" />
<title mediaType="text/x-hl7-title+xml">Other Microorganisms</title>
<text><paragraph><content styleCode="italics">Chlamydia
trachomatis</content></paragraph><paragraph><content styleCode="italics">Entamoeba histolytica</content></paragraph><paragraph><content styleCode="italics">Mycoplasma
pneumoniae</content></paragraph><paragraph><content styleCode="italics">Treponema pallidum</content></paragraph><paragraph><content styleCode="italics">Ureaplasma urealyticum</content></paragraph><paragraph>The following <content styleCode="italics">in vitro</content> data are available, <content styleCode="bold"><content styleCode="underline">but their clinical significance is unknown</content></content>.</paragraph><paragraph>Erythromycin exhibits <content styleCode="italics">in vitro</content> minimal inhibitory concentrations (MIC's)
of 0.5 &#956;g/mL or less against most (&#8805; 90%) strains of the following
microorganisms; however, the safety and effectiveness of erythromycin in treating
clinical infections due to these microorganisms have not been established
in adequate and well-controlled clinical trials.</paragraph></text>
<effectiveTime value="20060607" />
</section>
</component>
<component>
<section>
<id root="6098347C-7B16-2C03-C07B-A720D0B198CC" />
<title mediaType="text/x-hl7-title+xml">Gram-positive Organisms</title>
<text><paragraph><content styleCode="italics">Viridans
group streptococci</content></paragraph></text>
<effectiveTime value="20060607" />
</section>
</component>
<component>
<section>
<id root="9E707D1E-5DC7-44F0-B8F5-EFE1237DDF06" />
<title mediaType="text/x-hl7-title+xml">Gram-negative Organisms</title>
<text><paragraph><content styleCode="italics">Moraxella
catarrhalis</content></paragraph></text>
<effectiveTime value="20060607" />
</section>
</component>
<component>
<section>
<id root="18AF4DEC-8C8E-FDBC-1952-67D8C5D5668A" />
<title mediaType="text/x-hl7-title+xml">Susceptibility Tests</title>
<text><paragraph /></text>
<effectiveTime value="20060607" />
<component>
<section>
<id root="6B8EACC9-79F5-1282-55F0-C7EB15C38046" />
<title mediaType="text/x-hl7-title+xml">Dilution Techniques</title>
<text><paragraph>Quantitative methods are used to determine antimicrobial
minimum inhibitory concentrations (MIC's).  These MIC's provide
estimates of the susceptibility of bacteria to antimicrobial compounds.  The
MIC's should be determined using a standardized procedure.  Standardized
procedures are based on a dilution method<sup>1</sup> (broth or agar) or equivalent
with standardized inoculum concentrations and standardized concentrations
of erythromycin powder.  The MIC values should be interpreted according to
the following criteria:</paragraph><table ID="table_1" width="100%"><colgroup align="center">
<col width="48%" />
<col width="49%" />
</colgroup>
<thead>
<tr><td><content styleCode="bold">MIC (&#956;g/mL)</content></td><td><content styleCode="bold">Interpretation </content></td></tr>
</thead>
<tbody>
<tr><td>&#8804; 0.5</td><td>Susceptible (S)</td></tr>
<tr><td>1-4</td><td>Intermediate (I)</td></tr>
<tr><td>&#8805; 8</td><td>Resistant (R)</td></tr>
</tbody>
</table><paragraph>A report of "Susceptible" indicates that the
pathogen is likely to be inhibited if the antimicrobial compound in the blood
reaches the concentrations usually achievable.  A report of "Intermediate"
indicates that the result should be considered equivocal, and, if the microorganism
is not fully susceptible to alternative, clinically feasible drugs, the test
should be repeated.  This category implies possible clinical applicability
in body sites where the drug is physiologically concentrated or in situations
where high dosage of drug can be used.  This category also provides a buffer
zone which prevents small uncontrolled technical factors from causing major
discrepancies in interpretation.  A report of "Resistant" indicates that the
pathogen is not likely to be inhibited if the antimicrobial compound in the
blood reaches the concentrations usually achievable; other therapy should
be selected.</paragraph><paragraph>Standardized susceptibility
test procedures require the use of laboratory control microorganisms to control
the technical aspects of the laboratory procedures.  Standard erythromycin
powder should provide the following MIC values:</paragraph><table ID="table_2" width="100%"><colgroup align="center">
<col width="48%" />
<col width="49%" />
</colgroup>
<thead>
<tr><td><content styleCode="bold">Microorganism</content></td><td><content styleCode="bold">MIC (&#956;g/mL) </content></td></tr>
</thead>
<tbody>
<tr><td><content styleCode="italics">S. aureus</content> ATCC
29213</td><td>0.12-0.5</td></tr>
<tr><td><content styleCode="italics">E. faecalis</content> ATCC
29212</td><td>1-4</td></tr>
</tbody>
</table></text>
<effectiveTime value="20060607" />
</section>
</component>
<component>
<section>
<id root="020241C5-E139-FA3D-1EAD-BEBC7A86E2A4" />
<title mediaType="text/x-hl7-title+xml">Diffusion Techniques</title>
<text><paragraph>Quantitative methods that require measurement
of zone diameters also provide reproducible estimates of the susceptibility
of bacteria to antimicrobial compounds.  One such standardized procedure<sup>2</sup> requires
the use of standardized inoculum concentrations. This procedure uses paper
disks impregnated with 15-&#181;g erythromycin to test the susceptibility
of microorganisms to erythromycin.</paragraph><paragraph>Reports
from the laboratory providing results of the standard single-disk susceptibility
test with a 15-&#181;g erythromycin disk should be interpreted according to
the following criteria:</paragraph><table ID="table_3" width="100%"><colgroup align="center">
<col width="48%" />
<col width="50%" />
</colgroup>
<thead>
<tr><td><content styleCode="bold">Zone Diameter (mm)</content></td><td><content styleCode="bold">Interpretation </content></td></tr>
</thead>
<tbody>
<tr><td>&#8805; 23</td><td>Susceptible (S)</td></tr>
<tr><td>14-22</td><td>Intermediate (I)</td></tr>
<tr><td>&#8804; 13</td><td>Resistant (R)</td></tr>
</tbody>
</table><paragraph>Interpretation should be as stated above for
results using dilution techniques.  Interpretation involves correlation of
the diameter obtained in the disk test with the MIC for erythromycin.</paragraph><paragraph>As with standardized dilution techniques, diffusion
methods require the use of laboratory control microorganisms that are used
to control the technical aspects of the laboratory procedures.  For the diffusion
technique, the 15-&#956;g erythromycin disk should provide the following
zone diameters in these laboratory test quality control strains:</paragraph><table ID="table_4" width="100%"><colgroup align="center">
<col width="48%" />
<col width="49%" />
</colgroup>
<thead>
<tr><td><content styleCode="bold">Microorganism</content></td><td><content styleCode="bold">Zone Diameter (mm)</content></td></tr>
</thead>
<tbody>
<tr><td><content styleCode="italics">S. aureus</content> ATCC
25923</td><td>22-30</td></tr>
</tbody>
</table></text>
<effectiveTime value="20060607" />
</section>
</component>
</section>
</component>
</section>
</component>
</section>
</component>
<component>
<section>
<id root="7F765ACC-3A51-9894-1E22-2D4B595E58B9" />
<code code="34067-9" codeSystem="2.16.840.1.113883.6.1" codeSystemName="LOINC" displayName="INDICATIONS AND USAGE section" />
<title mediaType="text/x-hl7-title+xml">INDICATIONS AND USAGE</title>
<text><paragraph>To reduce the development of drug-resistant bacteria
and maintain the effectiveness of erythromycin ethylsuccinate oral suspension
and other antibacterial drugs, erythromycin ethylsuccinate oral suspension
should be used only to treat or prevent infections that are proven or strongly
suspected to be caused by susceptible bacteria.  When culture and susceptibility
information are available, they should be considered in selecting or modifying
antibacterial therapy.  In the absence of such data, local epidemiology and
susceptibility patterns may contribute to the empiric selection of therapy.</paragraph><paragraph>Erythromycin ethylsuccinate oral suspension is indicated in
the treatment of infections caused by susceptible strains of the designated
organisms in the diseases listed below:</paragraph><paragraph>Upper
respiratory tract infections of mild to moderate degree caused by <content styleCode="italics">Streptococcus pyogenes</content>, <content styleCode="italics">Streptococcus
pneumoniae</content>, <content styleCode="italics">Haemophilus influenzae </content> (when used concomitantly with adequate doses of sulfonamides, since
many strains of <content styleCode="italics">H. influenzae</content> are not
susceptible to the erythromycin concentrations ordinarily achieved).  (See
appropriate sulfonamide labeling for prescribing information.)</paragraph><paragraph>Lower-respiratory tract infections of mild to moderate severity
caused by <content styleCode="italics">Streptococcus pneumoniae</content> or <content styleCode="italics">Streptococcus pyogenes</content>.</paragraph><paragraph>Listeriosis
caused by <content styleCode="italics">Listeria monocytogenes</content>.</paragraph><paragraph>Pertussis (whooping cough) caused by <content styleCode="italics">Bordetella
pertussis</content>.  Erythromycin is effective in eliminating the organism
from the nasopharynx of infected individuals, rendering them noninfectious.
 Some clinical studies suggest that erythromycin may be helpful in the prophylaxis
of pertussis in exposed susceptible individuals.</paragraph><paragraph>Respiratory
tract infections due to <content styleCode="italics">Mycoplasma pneumoniae </content>.</paragraph><paragraph>Skin and skin structure infections
of mild to moderate severity caused by <content styleCode="italics">Streptococcus
pyogenes</content> or <content styleCode="italics">Staphylococcus aureus</content> (resistant
staphylococci may emerge during treatment).</paragraph><paragraph>Diphtheria:
 Infections due to <content styleCode="italics">Corynebacterium diphtheriae </content>, as an adjunct to antitoxin, to prevent establishment of carriers
and to eradicate the organism in carriers.</paragraph><paragraph>Erythrasma:
 In the treatment of infections due to <content styleCode="italics">Corynebacterium
minutissimum</content>.</paragraph><paragraph>Intestinal amebiasis
caused by <content styleCode="italics">Entamoeba histolytica</content> (oral
erythromycins only). Extraenteric amebiasis requires treatment with other
agents.</paragraph><paragraph>Acute pelvic inflammatory disease caused
by <content styleCode="italics">Neisseria gonorrhoeae</content>:  As an alternative
drug in treatment of acute pelvic inflammatory disease caused by <content styleCode="italics">N. gonorrhoeae</content> in female patients with a history
of sensitivity to penicillin.  Patients should have a serologic test for syphilis
before receiving erythromycin as treatment of gonorrhea and a follow-up serologic
test for syphilis after 3 months.</paragraph><paragraph>Syphilis caused
by <content styleCode="italics">Treponema pallidum</content>:  Erythromycin
is an alternate choice of treatment for primary syphilis in patients allergic
to the penicillins.  In treatment of primary syphilis, spinal fluid examinations
should be done before treatment and as part of follow-up after therapy.</paragraph><paragraph>Erythromycins are indicated for the treatment of the following
infections caused by <content styleCode="italics">Chlamydia trachomatis</content>:
 conjunctivitis of the newborn, pneumonia of infancy, and urogenital infections
during pregnancy.  When tetracyclines are contraindicated or not tolerated,
erythromycin is indicated for the treatment of uncomplicated urethral, endocervical,
or rectal infections in adults due to <content styleCode="italics">Chlamydia
trachomatis</content>.</paragraph><paragraph>When tetracyclines are
contraindicated or not tolerated, erythromycin is indicated for the treatment
of nongonococcal urethritis caused by <content styleCode="italics">Ureaplasma
urealyticum</content>.</paragraph><paragraph>Legionnaires' Disease
caused by <content styleCode="italics">Legionella pneumophila</content>. 
Although no controlled clinical efficacy studies have been conducted, <content styleCode="italics">in vitro</content> and limited preliminary clinical data
suggest that erythromycin may be effective in treating Legionnaires'
Disease.</paragraph></text>
<effectiveTime value="20060607" />
<component>
<section>
<id root="186C32DB-D15B-1A4F-825B-7FF6532A18E0" />
<title mediaType="text/x-hl7-title+xml">Prophylaxis</title>
<text><paragraph /></text>
<effectiveTime value="20060607" />
<component>
<section>
<id root="CE166B93-F08B-3030-D1BF-A3C9FC9C6AC1" />
<title mediaType="text/x-hl7-title+xml">Prevention of Initial Attacks of Rheumatic Fever</title>
<text><paragraph>Penicillin is considered by the American Heart
Association to be the drug of choice in the prevention of initial attacks
of rheumatic fever (treatment of <content styleCode="italics">Streptococcus
pyogenes</content> infections of the upper respiratory tract e.g., tonsillitis
or pharyngitis).  Erythromycin is indicated for the treatment of penicillin-allergic
patients.<sup>3</sup>  The therapeutic dose should be administered for 10
days.</paragraph></text>
<effectiveTime value="20060607" />
</section>
</component>
<component>
<section>
<id root="17846F18-2B1E-896F-F180-43460FBC4C35" />
<title mediaType="text/x-hl7-title+xml">Prevention of Recurrent Attacks of Rheumatic Fever</title>
<text><paragraph>Penicillin or sulfonamides are considered by the
American Heart Association to be the drugs of choice in the prevention of
recurrent attacks of rheumatic fever.  In patients who are allergic to penicillin
and sulfonamides, oral erythromycin is recommended by the American Heart Association
in the long-term prophylaxis of streptococcal pharyngitis (for the prevention
of recurrent attacks of rheumatic fever).<sup>3</sup></paragraph></text>
<effectiveTime value="20060607" />
</section>
</component>
</section>
</component>
</section>
</component>
<component>
<section>
<id root="E278081A-F4A1-4971-A888-8D3D6EDBD41E" />
<code code="34070-3" codeSystem="2.16.840.1.113883.6.1" codeSystemName="LOINC" displayName="CONTRAINDICATIONS section" />
<title mediaType="text/x-hl7-title+xml">CONTRAINDICATIONS</title>
<text><paragraph>Erythromycin is contraindicated in patients with known
hypersensitivity to this antibiotic.</paragraph><paragraph>Erythromycin
is contraindicated in patients taking terfenadine, astemizole, pimozide, or
cisapride.  (See <content styleCode="bold">PRECAUTIONS - Drug Interactions </content>.)</paragraph></text>
<effectiveTime value="20060607" />
</section>
</component>
<component>
<section>
<id root="2A3DDA0E-BF9B-EF8B-B32C-AAAFD0FBC2CF" />
<code code="34071-1" codeSystem="2.16.840.1.113883.6.1" codeSystemName="LOINC" displayName="WARNINGS section" />
<title mediaType="text/x-hl7-title+xml">WARNINGS</title>
<text><paragraph>There have been reports of hepatic dysfunction, including
increased liver enzymes, and hepatocellular and/or cholestatic hepatitis,
with or without jaundice, occurring in patients receiving oral erythromycin
products.</paragraph><paragraph>There have been reports suggesting
that erythromycin does not reach the fetus in adequate concentration to prevent
congenital syphilis.  Infants born to women treated during pregnancy with
oral erythromycin for early syphilis should be treated with an appropriate
penicillin regimen.</paragraph><paragraph><content styleCode="bold">Pseudomembranous
colitis has been reported with nearly all antibacterial agents, including
erythromycin, and may range in severity from mild to life threatening.  Therefore,
it is important to consider this diagnosis in patients who present with diarrhea
subsequent to the administration of antibacterial agents.</content></paragraph><paragraph>Treatment with antibacterial agents alters the normal flora
of the colon and may permit overgrowth of clostridia.  Studies indicate that
a toxin produced by <content styleCode="italics">Clostridium difficile</content> is
a primary cause of "antibiotic-associated colitis".</paragraph><paragraph>After
the diagnosis of pseudomembranous colitis has been established, therapeutic
measures should be initiated.  Mild cases of pseudomembranous colitis usually
respond to discontinuation of the drug alone.  In moderate to severe cases,
consideration should be given to management with fluids and electrolytes,
protein supplementation, and treatment with an antibacterial drug clinically
effective against <content styleCode="italics">Clostridium difficile</content> colitis.</paragraph><paragraph>Rhabdomyolysis with or without renal impairment has been reported
in seriously ill patients receiving erythromycin concomitantly with lovastatin.
 Therefore, patients receiving concomitant lovastatin and erythromycin should
be carefully monitored for creatine kinase (CK) and serum transaminase levels.
 (See package insert for lovastatin.)</paragraph></text>
<effectiveTime value="20060607" />
</section>
</component>
<component>
<section>
<id root="232D767C-95D8-2513-42D1-6030E0BCD9D7" />
<code code="42232-9" codeSystem="2.16.840.1.113883.6.1" codeSystemName="LOINC" displayName="Precautions" />
<title mediaType="text/x-hl7-title+xml">PRECAUTIONS</title>
<text />
<effectiveTime value="20060607" />
<component>
<section>
<id root="DB2EF042-6B2E-BDA6-E0E6-5F7857FB4FCB" />
<code code="34072-9" codeSystem="2.16.840.1.113883.6.1" codeSystemName="LOINC" displayName="GENERAL PRECAUTIONS section" />
<title mediaType="text/x-hl7-title+xml">General</title>
<text><paragraph>Prescribing erythromycin ethylsuccinate oral suspension
in the absence of a proven or strongly suspected bacterial infection or a
prophylactic indication is unlikely to provide benefit to the patient and
increases the risk of the development of drug-resistant bacteria.</paragraph><paragraph>Since erythromycin is principally excreted by the liver,
caution should be exercised when erythromycin is administered to patients
with impaired hepatic function.  (See <content styleCode="bold">CLINICAL PHARMACOLOGY</content> and <content styleCode="bold">WARNINGS</content> sections.)</paragraph><paragraph>There have been reports that erythromycin may aggravate
the weakness of patients with myasthenia gravis.</paragraph><paragraph>There
have been reports of infantile hypertrophic pyloric stenosis (IHPS) occurring
in infants following erythromycin therapy.  In one cohort of 157 newborns
who were given erythromycin for pertussis prophylaxis, seven neonates (5%)
developed symptoms of non-bilious vomiting or irritability with feeding and
were subsequently diagnosed as having IHPS requiring surgical pyloromyotomy.
 A possible dose-response effect was described with an absolute risk of IHPS
of 5.1% for infants who took erythromycin for 8-14 days and 10% for infants
who took erythromycin for 15-21 days.<sup>4</sup>  Since erythromycin may
be used in the treatment of conditions in infants which are associated with
significant mortality or morbidity (such as pertussis or neonatal Chlamydia
trachomatis infections), the benefit of erythromycin therapy needs to be weighed
against the potential risk of developing IHPS.  Parents should be informed
to contact their physician if vomiting or irritability with feeding occurs.</paragraph><paragraph>Prolonged or repeated use of erythromycin may result in
an overgrowth of nonsusceptible bacteria or fungi.  If superinfection occurs,
erythromycin should be discontinued and appropriate therapy instituted.</paragraph><paragraph>When indicated, incision and drainage or other surgical
procedures should be performed in conjunction with antibiotic therapy.</paragraph></text>
<effectiveTime value="20060607" />
</section>
</component>
<component>
<section>
<id root="335B29CA-1245-B9DA-4C0C-70B6C6FF852C" />
<code code="34076-0" codeSystem="2.16.840.1.113883.6.1" codeSystemName="LOINC" displayName="Information for Patients section" />
<title mediaType="text/x-hl7-title+xml">Information for Patients</title>
<text><paragraph>Patients should be counseled that antibacterial
drugs including erythromycin ethylsuccinate oral suspension should only be
used to treat bacterial infections.  They do not treat viral infections (e.g.,
the common cold).  When erythromycin ethylsuccinate oral suspension is prescribed
to treat a bacterial infection, patients should be told that although it is
common to feel better early in the course of therapy, the medication should
be taken exactly as directed.  Skipping doses or not completing the full course
of therapy may (1) decrease the effectiveness of the immediate treatment and
(2) increase the likelihood that bacteria will develop resistance and will
not be treatable by erythromycin ethylsuccinate oral suspension or other antibacterial
drugs in the future.</paragraph></text>
<effectiveTime value="20060607" />
</section>
</component>
<component>
<section>
<id root="63F3C388-14E6-7BA3-4123-E120BDAFFEAB" />
<code code="34073-7" codeSystem="2.16.840.1.113883.6.1" codeSystemName="LOINC" displayName="Drug Interactions section" />
<title mediaType="text/x-hl7-title+xml">Drug Interactions</title>
<text><paragraph>Erythromycin use in patients who are receiving high
doses of theophylline may be associated with an increase in serum theophylline
levels and potential theophylline toxicity.  In case of theophylline toxicity
and/or elevated serum theophylline levels, the dose of theophylline should
be reduced while the patient is receiving concomitant erythromycin therapy.</paragraph><paragraph>Concomitant administration of erythromycin and digoxin has
been reported to result in elevated digoxin serum levels.</paragraph><paragraph>There have been reports of increased anticoagulant effects
when erythromycin and oral anticoagulants were used concomitantly.  Increased
anticoagulation effects due to interactions of erythromycin with various oral
anticoagulants may be more pronounced in the elderly.</paragraph><paragraph>Erythromycin
is a substrate and inhibitor of the 3A isoform subfamily of the cytochrome
p450 enzyme system (CYP3A).  Coadministration of erythromycin and a drug primarily
metabolized by CYP3A may be associated with elevations in drug concentrations
that could increase or prolong both the therapeutic and adverse effects of
the concomitant drug.  Dosage adjustments may be considered, and when possible,
serum concentrations of drugs primarily metabolized by CYP3A should be monitored
closely in patients concurrently receiving erythromycin.</paragraph><paragraph>The following are examples of some clinically significant CYP3A
based drug interactions.  Interactions with other drugs metabolized by the
CYP3A isoform are also possible.  The following CYP3A based drug interactions
have been observed with erythromycin products in post-marketing experience:</paragraph></text>
<effectiveTime value="20060607" />
<component>
<section>
<id root="96E9F08E-A77D-EAF5-948E-386D50AC700F" />
<title mediaType="text/x-hl7-title+xml">Ergotamine/dihydroergotamine</title>
<text><paragraph>Concurrent use of erythromycin and ergotamine
or dihydroergotamine has been associated in some patients with acute ergot
toxicity characterized by severe peripheral vasospasm and dysesthesia.</paragraph></text>
<effectiveTime value="20060607" />
</section>
</component>
<component>
<section>
<id root="6A64B46B-BB1B-5A67-71D9-7689555EFDA9" />
<title mediaType="text/x-hl7-title+xml">Triazolobenzodiazepines (Such as Triazolam and Alprazolam) and Related
Benzodiazepines</title>
<text><paragraph>Erythromycin has been reported to decrease the
clearance of triazolam and midazolam, and thus, may increase the pharmacologic
effect of these benzodiazepines.</paragraph></text>
<effectiveTime value="20060607" />
</section>
</component>
<component>
<section>
<id root="17949003-597B-C9BA-AD40-FAD566722E29" />
<title mediaType="text/x-hl7-title+xml">HMG-CoA Reductase Inhibitors</title>
<text><paragraph>Erythromycin has been reported to increase concentrations
of HMG-CoA reductase inhibitors (e.g., lovastatin and simvastatin).  Rare
reports of rhabdomyolysis have been reported in patients taking these drugs
concomitantly.</paragraph></text>
<effectiveTime value="20060607" />
</section>
</component>
<component>
<section>
<id root="7DE4B4F0-375B-4D88-4D2B-B5F9EBD01BF2" />
<title mediaType="text/x-hl7-title+xml">Sildenafil (Viagra)</title>
<text><paragraph>Erythromycin has been reported to increase the
systemic exposure (AUC) of sildenafil.  Reduction of sildenafil dosage should
be considered.  (See Viagra package insert.)</paragraph></text>
<effectiveTime value="20060607" />
</section>
</component>
<component>
<section>
<id root="376F4FC5-FA06-D0EA-FFF9-919E7FF109D6" />
<text><paragraph>There have been spontaneous or published reports of CYP3A
based interactions of erythromycin with cyclosporine, carbamazepine, tacrolimus,
alfentanil, disopyramide, rifabutin, quinidine, methylprednisolone, cilostazol,
vinblastine, and bromocriptine.</paragraph><paragraph>Concomitant
administration of erythromycin with cisapride, pimozide, astemizole, or terfenadine
is contraindicated.  (See <content styleCode="bold">CONTRAINDICATIONS </content>.)</paragraph><paragraph>In addition, there have been reports of interactions of
erythromycin with drugs not thought to be metabolized by CYP3A, including
hexobarbital, phenytoin, and valproate.</paragraph><paragraph>Erythromycin
has been reported to significantly alter the metabolism of the nonsedating
antihistamines terfenadine and astemizole when taken concomitantly.  Rare
cases of serious cardiovascular adverse events, including electrocardiographic
QT/QT<sub>c</sub> interval prolongation, cardiac arrest, torsades de pointes,
and other ventricular arrhythmias have been observed.  (See <content styleCode="bold">CONTRAINDICATIONS</content>.)  In addition, deaths have been reported rarely with concomitant
administration of terfenadine and erythromycin.</paragraph><paragraph>There
have been post-marketing reports of drug interactions when erythromycin was
coadministered with cisapride, resulting in QT prolongation, cardiac arrhythmias,
ventricular tachycardia, ventricular fibrillation, and torsades de pointes,
most likely due to the inhibition of hepatic metabolism of cisapride by erythromycin.
 Fatalities have been reported.  (See <content styleCode="bold">CONTRAINDICATIONS</content>.)</paragraph></text>
<effectiveTime value="20060607" />
</section>
</component>
</section>
</component>
<component>
<section>
<id root="75D2E464-DAED-4077-F6A0-0B83401D2381" />
<code code="34074-5" codeSystem="2.16.840.1.113883.6.1" codeSystemName="LOINC" displayName="Drug/Laboratory Test Interactions section" />
<title mediaType="text/x-hl7-title+xml">Drug/Laboratory Test Interactions</title>
<text><paragraph>Erythromycin interferes with the fluorometric determination
of urinary catecholamines.</paragraph></text>
<effectiveTime value="20060607" />
</section>
</component>
<component>
<section>
<id root="E9D28799-8AAE-03F1-6FB4-70575FEB3802" />
<code code="34083-6" codeSystem="2.16.840.1.113883.6.1" codeSystemName="LOINC" displayName="Carcinogenesis, Mutagenesis, Impairment of Fertility section" />
<title mediaType="text/x-hl7-title+xml">Carcinogenesis, Mutagenesis, Impairment of Fertility</title>
<text><paragraph>Long-term (2-year) oral studies in rats with erythromycin
ethylsuccinate and erythromycin base did not provide evidence of tumorigenicity.
 Mutagenicity studies have not been conducted.  There was no apparent effect
on male or female fertility in rats fed erythromycin (base) at levels up to
0.25% of diet.</paragraph></text>
<effectiveTime value="20060607" />
</section>
</component>
<component>
<section>
<id root="CDF358FC-970A-BDC2-3926-6FDDEBF30E4D" />
<code code="42228-7" codeSystem="2.16.840.1.113883.6.1" codeSystemName="LOINC" displayName="Pregnancy" />
<title mediaType="text/x-hl7-title+xml">Pregnancy</title>
<text><paragraph /></text>
<effectiveTime value="20060607" />
<component>
<section>
<id root="925C58A4-D09D-A46C-2B69-B302E3F6C653" />
<code code="34077-8" codeSystem="2.16.840.1.113883.6.1" codeSystemName="LOINC" displayName="Teratogenic Effects section" />
<title mediaType="text/x-hl7-title+xml">Teratogenic Effects</title>
<text><paragraph /></text>
<effectiveTime value="20060607" />
<component>
<section>
<id root="07CF8797-0FE1-D90F-7FF3-0C19FB21469E" />
<title mediaType="text/x-hl7-title+xml">Pregnancy Category B</title>
<text><paragraph>There is no evidence of teratogenicity or any
other adverse effect on reproduction in female rats fed erythromycin base
(up to 0.25% of diet) prior to and during mating, during gestation, and through
weaning of two successive litters.  There are, however, no adequate and well-controlled
studies in pregnant women.  Because animal reproduction studies are not always
predictive of human response, this drug should be used during pregnancy only
if clearly needed.</paragraph></text>
<effectiveTime value="20060607" />
</section>
</component>
</section>
</component>
</section>
</component>
<component>
<section>
<id root="CB1D7C4E-507C-E4E0-F48A-557CD77CC640" />
<code code="34079-4" codeSystem="2.16.840.1.113883.6.1" codeSystemName="LOINC" displayName="Labor and Delivery section" />
<title mediaType="text/x-hl7-title+xml">Labor and Delivery</title>
<text><paragraph>The effect of erythromycin on labor and delivery
is unknown.</paragraph></text>
<effectiveTime value="20060607" />
</section>
</component>
<component>
<section>
<id root="233F615A-265F-0A2B-933B-2C68875E2E93" />
<code code="34080-2" codeSystem="2.16.840.1.113883.6.1" codeSystemName="LOINC" displayName="Nursing Mothers section" />
<title mediaType="text/x-hl7-title+xml">Nursing Mothers</title>
<text><paragraph>Erythromycin is excreted in human milk.  Caution
should be exercised when erythromycin is administered to a nursing woman.</paragraph></text>
<effectiveTime value="20060607" />
</section>
</component>
<component>
<section>
<id root="AA7B1FB2-8AE9-22C8-5921-94C21599DC5E" />
<code code="34081-0" codeSystem="2.16.840.1.113883.6.1" codeSystemName="LOINC" displayName="Pediatric Use section" />
<title mediaType="text/x-hl7-title+xml">Pediatric Use</title>
<text><paragraph>See <content styleCode="bold">INDICATIONS AND USAGE</content> and <content styleCode="bold">DOSAGE AND ADMINISTRATION</content> sections.</paragraph></text>
<effectiveTime value="20060607" />
</section>
</component>
</section>
</component>
<component>
<section>
<id root="95B8B025-9C26-28FF-B595-7A0647817311" />
<code code="34084-4" codeSystem="2.16.840.1.113883.6.1" codeSystemName="LOINC" displayName="ADVERSE REACTIONS section" />
<title mediaType="text/x-hl7-title+xml">ADVERSE REACTIONS</title>
<text><paragraph>The most frequent side effects of oral erythromycin
preparations are gastrointestinal and are dose-related.  They include nausea,
vomiting, abdominal pain, diarrhea and anorexia.  Symptoms of hepatitis, hepatic
dysfunction and/or abnormal liver function test results may occur.  (See <content styleCode="bold">WARNINGS</content>.)</paragraph><paragraph>Onset of
pseudomembranous colitis symptoms may occur during or after antibiotic treatment.
 (See <content styleCode="bold">WARNINGS</content>.)</paragraph><paragraph>Erythromycin
has been associated with QT prolongation and ventricular arrhythmias, including
ventricular tachycardia and <content styleCode="italics">torsades de pointes</content>.</paragraph><paragraph>Allergic reactions ranging from
urticaria to anaphylaxis have occurred.  Skin reactions ranging from mild
eruptions to erythema multiforme, Stevens-Johnson syndrome, and toxic epidermal
necrolysis have been reported rarely.</paragraph><paragraph>There have been
rare reports of pancreatitis and convulsions.</paragraph><paragraph>There
have been isolated reports of reversible hearing loss occurring chiefly in
patients with renal insufficiency and in patients receiving high doses of
erythromycin.</paragraph></text>
<effectiveTime value="20060607" />
</section>
</component>
<component>
<section>
<id root="1BEBF47B-52D6-2D37-49E8-E35B308F35A2" />
<code code="34088-5" codeSystem="2.16.840.1.113883.6.1" codeSystemName="LOINC" displayName="OVERDOSAGE section" />
<title mediaType="text/x-hl7-title+xml">OVERDOSAGE</title>
<text><paragraph>In case of overdosage, erythromycin should be discontinued.
 Overdosage should be handled with the prompt elimination of unabsorbed drug
and all other appropriate measures should be instituted.</paragraph><paragraph>Erythromycin is not removed by peritoneal dialysis or hemodialysis.</paragraph></text>
<effectiveTime value="20060607" />
</section>
</component>
<component>
<section>
<id root="7FFA8BC8-C25C-F8ED-1349-73D34C34C798" />
<code code="34068-7" codeSystem="2.16.840.1.113883.6.1" codeSystemName="LOINC" displayName="DOSAGE AND ADMINISTRATION section" />
<title mediaType="text/x-hl7-title+xml">DOSAGE AND ADMINISTRATION</title>
<text><paragraph>Erythromycin ethylsuccinate suspensions may be administered
without regard to meals.</paragraph></text>
<effectiveTime value="20060607" />
<component>
<section>
<id root="ECFB1908-C060-C666-B6B1-A0AC471ADD71" />
<title mediaType="text/x-hl7-title+xml">Children</title>
<text><paragraph>Age, weight and severity of the infection are important
factors in determining the proper dosage.  In mild to moderate infections
the usual dosage of erythromycin ethylsuccinate for children is 30 to 50 mg/kg/day
in equally divided doses every 6 hours.  For more severe infections this dosage
may be doubled.  If twice-a-day dosage is desired, one-half of the total daily
dose may be given every 12 hours.  Doses may also be given three times daily
by administering one-third of the total daily dose every 8 hours.</paragraph><paragraph>The following dosage schedule is suggested for mild to moderate
infections:</paragraph><table ID="table_5" width="100%"><colgroup>
<col width="31%" />
<col width="68%" />
</colgroup>
<thead>
<tr><td><content styleCode="bold">Body Weight</content></td><td align="center"><content styleCode="bold">Total Daily Dose</content></td></tr>
</thead>
<tbody>
<tr><td>Under 10 lbs</td><td align="center">30-50 mg/kg/day<br />15-25 mg/kg/q 12 h</td></tr>
<tr><td>10 to 15 lbs</td><td align="center">200 mg</td></tr>
<tr><td>16 to 25 lbs</td><td align="center">400 mg</td></tr>
<tr><td>26 to 50 lbs</td><td align="center">800 mg</td></tr>
<tr><td>51 to 100 lbs</td><td align="center">1200 mg</td></tr>
<tr><td>over 100 lbs</td><td align="center">1600 mg</td></tr>
</tbody>
</table></text>
<effectiveTime value="20060607" />
</section>
</component>
<component>
<section>
<id root="A4022329-A37C-CF3D-0428-0FC943A460E9" />
<title mediaType="text/x-hl7-title+xml">Adults</title>
<text><paragraph>400 mg erythromycin ethylsuccinate every 6 hours
is the usual dose.  Dosage may be increased up to 4 g per day according to
the severity of the infection.  If twice-a-day dosage is desired, one-half
of the total daily dose may be given every 12 hours.  Doses may also be given
three times daily by administering one-third of the total daily dose every
8 hours.</paragraph><paragraph>For adult dosage calculation, use
a ratio of 400 mg of erythromycin activity as the ethylsuccinate to 250 mg
of erythromycin activity as the stearate, base or estolate.</paragraph></text>
<effectiveTime value="20060607" />
</section>
</component>
<component>
<section>
<id root="A7794FF3-F312-7CE3-6D60-2B934BA65BB5" />
<text><paragraph>In the treatment of streptococcal infections, a therapeutic
dosage of erythromycin ethylsuccinate should be administered for at least
10 days.  In continuous prophylaxis against recurrences of streptococcal infections
in persons with a history of rheumatic heart disease, the usual dosage is
400 mg twice a day.</paragraph></text>
<effectiveTime value="20060607" />
</section>
</component>
<component>
<section>
<id root="4F8114C6-2318-67C3-2AB5-EF1180E2C1FB" />
<title mediaType="text/x-hl7-title+xml">For Treatment of Urethritis Due to <content styleCode="italics">C.
trachomatis</content> or <content styleCode="italics">U. urealyticum</content></title>
<text><paragraph>800 mg three times a day for 7 days.</paragraph></text>
<effectiveTime value="20060607" />
</section>
</component>
<component>
<section>
<id root="599B670F-A36B-0047-ABE1-C758A81B0C92" />
<title mediaType="text/x-hl7-title+xml">For Treatment of Primary Syphilis</title>
<text><paragraph /></text>
<effectiveTime value="20060607" />
<component>
<section>
<id root="52FE99A6-A480-9373-291E-2C008BE475C8" />
<title mediaType="text/x-hl7-title+xml">Adults</title>
<text><paragraph>48 to 64 g given in divided doses over a period
of 10 to 15 days.</paragraph></text>
<effectiveTime value="20060607" />
</section>
</component>
</section>
</component>
<component>
<section>
<id root="30576D8A-D0B7-270A-BECF-93A5DCDF5528" />
<title mediaType="text/x-hl7-title+xml">For Intestinal Amebiasis</title>
<text><paragraph /></text>
<effectiveTime value="20060607" />
<component>
<section>
<id root="A372EA13-1084-4D4D-BC1B-498A6C8F08D5" />
<title mediaType="text/x-hl7-title+xml">Adults</title>
<text><paragraph>400 mg four times daily for 10 to 14 days.</paragraph><paragraph>Children<br />30 to 50 mg/kg/day in divided doses for 10
to 14 days.</paragraph></text>
<effectiveTime value="20060607" />
</section>
</component>
</section>
</component>
<component>
<section>
<id root="1B49684E-038D-F24A-074C-66741E710233" />
<title mediaType="text/x-hl7-title+xml">For Use in Pertussis</title>
<text><paragraph>Although optimal dosage and duration have not been
established, doses of erythromycin utilized in reported clinical studies were
40 to 50 mg/kg/day, given in divided doses for 5 to 14 days.</paragraph></text>
<effectiveTime value="20060607" />
</section>
</component>
<component>
<section>
<id root="3AC6A1C3-1477-B778-2473-FF8885C7F137" />
<title mediaType="text/x-hl7-title+xml">For Treatment of Legionnaires' Disease</title>
<text><paragraph>Although optimal doses have not been established,
doses utilized in reported clinical data were those recommended above (1.6&#160;to
4 g daily in divided doses.)</paragraph></text>
<effectiveTime value="20060607" />
</section>
</component>
</section>
</component>
<component>
<section>
<id root="4BFF3274-73B5-CBEC-7048-8B82AC23CD7F" />
<code code="34069-5" codeSystem="2.16.840.1.113883.6.1" codeSystemName="LOINC" displayName="HOW SUPPLIED section" />
<title mediaType="text/x-hl7-title+xml">HOW SUPPLIED</title>
<text><paragraph>Erythromycin ethylsuccinate oral suspension, USP,
400 mg erythromycin activity per teaspoonful (5 mL) is supplied in 1 pint
(473 mL) bottles (<content styleCode="bold">NDC</content> 0074-3748-16).</paragraph><paragraph>Erythromycin ethylsuccinate oral suspension, USP, 200 mg erythromycin
activity per teaspoonful (5 mL) is supplied in 1 pint (473 mL) bottles (<content styleCode="bold">NDC</content> 0074-3747-16).</paragraph><paragraph>Erythromycin
ethylsuccinate oral suspensions require refrigeration to preserve taste until
dispensed.  Refrigeration by patient is not required if used within 14 days.</paragraph></text>
<effectiveTime value="20060607" />
</section>
</component>
<component>
<section>
<id root="AD8ED293-AEF2-7DE2-8B84-B534CAC944F1" />
<code code="34093-5" codeSystem="2.16.840.1.113883.6.1" codeSystemName="LOINC" displayName="References" />
<title mediaType="text/x-hl7-title+xml">REFERENCES</title>
<text><list listType="ordered" styleCode="Arabic"><item>National Committee for Clinical Laboratory Standards, <content styleCode="italics">Methods
for Dilution Antimicrobial Susceptibility Tests for Bacteria that Grow Aerobically</content>, Third Edition.  Approved Standard NCCLS Document M7-A3, Vol.
13, No. 25. NCCLS, Villanova, PA, December 1993.</item><item>National Committee for Clinical Laboratory Standards, <content styleCode="italics">Performance
Standards for Antimicrobial Disk Susceptibility Tests</content>, Fifth Edition.
 Approved Standard NCCLS Document M2-A5, Vol. 13, No. 24. NCCLS, Villanova,
PA, December 1993.</item><item>Committee on Rheumatic Fever, Endocarditis, and Kawasaki Disease of
the Council on Cardiovascular Disease in the Young, the American Heart Association:
Prevention of Rheumatic Fever.  <content styleCode="italics">Circulation</content>.
 78(4):1082-1086, October 1988.</item><item>Honein, M.A., et. al.:  Infantile hypertrophic pyloric stenosis after
pertussis prophylaxis with erythromycin:  a case review and cohort study.
 The Lancet 1999; 354 (9196): 2101-5.</item></list></text>
<effectiveTime value="20060607" />
</section>
</component>
<component>
<section>
<id root="9171294F-2DC8-27D5-DCF5-BE0330801D82" />
<title mediaType="text/x-hl7-title+xml" />
<text><paragraph>Abbott Laboratories</paragraph><paragraph>North Chicago,
IL 60064, U.S.A.</paragraph></text>
<effectiveTime value="20060607" />
</section>
</component>
</structuredBody>
</component>
</document>
