<?xml version="1.0" encoding="UTF-8"?>
<?xml-stylesheet href="http://www.fda.gov/oc/datacouncil/stylesheets/spl/spl.xsl" type="text/xsl"?><document xmlns="urn:hl7-org:v3" xmlns:voc="http://www.hl7.org/v3/voc" xmlns:xsi="http://www.w3.org/2001/XMLSchema-instance" xsi:schemaLocation="urn:hl7-org:v3 http://www.fda.gov/oc/datacouncil/schemas/spl/spl.xsd">
<id root="76F7EEE1-D524-43A4-A868-FFA9F29638A6" />
<code code="34391-3" codeSystem="2.16.840.1.113883.6.1" codeSystemName="LOINC" displayName="HUMAN PRESCRIPTION DRUG LABELING" />
<title mediaType="text/x-hl7-title+xml">NALOXONE HYDROCHLORIDE INJECTION USP<br />Narcotic Antagonist</title>
<effectiveTime value="20060413" />
<setId root="76F7EEE1-D524-43A4-A868-FFA9F29638A6" />
<versionNumber value="1" />
<author>
<time />
<assignedEntity>
<representedOrganization>
<name>INTERNATIONAL MEDICATION SYSTEMS, LIMITED</name>
</representedOrganization>
</assignedEntity>
</author>
<component>
<structuredBody>
<component>
<section>
<id root="099BBB46-235E-94BD-112B-AFDDC4A977C8" />
<effectiveTime value="20060413" />
<subject>
<manufacturedProduct>
<manufacturedMedicine>
<code code="0548-1466" codeSystem="2.16.840.1.113883.6.69" codeSystemName="FDA" displayName="NDC" />
<name>Naloxone Hydrochloride</name>
<formCode code="C42946" codeSystem="2.16.840.1.113883.3.26.1.1" displayName="INJECTION" />
<activeIngredient>
<quantity>
<numerator unit="mg" value="0.4">
<translation code="C28253" codeSystem="2.16.840.1.113883.3.26.1.1" displayName="MILLIGRAM" value="0.4" />
</numerator>
<denominator unit="mL" value="1">
<translation code="C28254" codeSystem="2.16.840.1.113883.3.26.1.1" displayName="MILLILITER" value="1" />
</denominator>
</quantity>
<activeIngredientSubstance>
<code code="F850569PQR" codeSystem="2.16.840.1.113883.4.9" codeSystemName="FDA SRS" />
<name>naloxone hydrochloride</name>
<activeMoiety>
<activeMoiety>
<code code="36B82AMQ7N" codeSystem="2.16.840.1.113883.4.9" codeSystemName="FDA SRS" />
<name>naloxone</name>
</activeMoiety>
</activeMoiety>
</activeIngredientSubstance>
</activeIngredient>
<asEntityWithGeneric>
<genericMedicine>
<name>Naloxone Hydrochloride</name>
</genericMedicine>
</asEntityWithGeneric>
<inactiveIngredient>
<quantity>
<numerator unit="mg" value="8.6">
<translation code="C28253" codeSystem="2.16.840.1.113883.3.26.1.1" displayName="MILLIGRAM" value="8.6" />
</numerator>
<denominator unit="mL" value="1">
<translation code="C28254" codeSystem="2.16.840.1.113883.3.26.1.1" displayName="MILLILITER" value="1" />
</denominator>
</quantity>
<inactiveIngredientSubstance>
<code code="451W47IQ8X" codeSystem="2.16.840.1.113883.4.9" codeSystemName="FDA SRS" />
<name>sodium chloride</name>
</inactiveIngredientSubstance>
</inactiveIngredient>
<inactiveIngredient>
<inactiveIngredientSubstance>
<code code="QTT17582CB" codeSystem="2.16.840.1.113883.4.9" codeSystemName="FDA SRS" />
<name>hydrochloric acid</name>
</inactiveIngredientSubstance>
</inactiveIngredient>
<asContent>
<quantity>
<numerator unit="mL" value="1">
<translation code="C28254" codeSystem="2.16.840.1.113883.3.26.1.1" displayName="MILLILITER" value="1" />
</numerator>
<denominator value="1">
<translation value="1" />
</denominator>
</quantity>
<containerPackagedMedicine>
<code nullFlavor="NA" />
<formCode code="C43202" codeSystem="2.16.840.1.113883.3.26.1.1" displayName="SYRINGE" />
<asContent>
<quantity>
<numerator value="25">
<translation code="C48540" codeSystem="2.16.840.1.113883.3.26.1.1" displayName="SYRINGE" value="25" />
</numerator>
<denominator value="1">
<translation value="1" />
</denominator>
</quantity>
<containerPackagedMedicine>
<code code="0548-1466-00" codeSystem="2.16.840.1.113883.6.69" codeSystemName="FDA" displayName="NDC" />
<formCode code="C43178" codeSystem="2.16.840.1.113883.3.26.1.1" displayName="BOX" />
</containerPackagedMedicine>
</asContent>
</containerPackagedMedicine>
</asContent>
</manufacturedMedicine>
<consumedIn>
<substanceAdministration>
<routeCode code="C38291" codeSystem="2.16.840.1.113883.3.26.1.1" displayName="PARENTERAL" />
</substanceAdministration>
</consumedIn>
</manufacturedProduct>
</subject>
<subject>
<manufacturedProduct>
<manufacturedMedicine>
<code code="0548-3366" codeSystem="2.16.840.1.113883.6.69" codeSystemName="FDA" displayName="NDC" />
<name>Naloxone Hydrochloride</name>
<formCode code="C42946" codeSystem="2.16.840.1.113883.3.26.1.1" displayName="INJECTION" />
<activeIngredient>
<quantity>
<numerator unit="mg" value="0.4">
<translation code="C28253" codeSystem="2.16.840.1.113883.3.26.1.1" displayName="MILLIGRAM" value="0.4" />
</numerator>
<denominator unit="mL" value="1">
<translation code="C28254" codeSystem="2.16.840.1.113883.3.26.1.1" displayName="MILLILITER" value="1" />
</denominator>
</quantity>
<activeIngredientSubstance>
<code code="F850569PQR" codeSystem="2.16.840.1.113883.4.9" codeSystemName="FDA SRS" />
<name>naloxone hydrochloride</name>
<activeMoiety>
<activeMoiety>
<code code="36B82AMQ7N" codeSystem="2.16.840.1.113883.4.9" codeSystemName="FDA SRS" />
<name>naloxone</name>
</activeMoiety>
</activeMoiety>
</activeIngredientSubstance>
</activeIngredient>
<asEntityWithGeneric>
<genericMedicine>
<name>Naloxone Hydrochloride</name>
</genericMedicine>
</asEntityWithGeneric>
<inactiveIngredient>
<quantity>
<numerator unit="mg" value="8.6">
<translation code="C28253" codeSystem="2.16.840.1.113883.3.26.1.1" displayName="MILLIGRAM" value="8.6" />
</numerator>
<denominator unit="mL" value="1">
<translation code="C28254" codeSystem="2.16.840.1.113883.3.26.1.1" displayName="MILLILITER" value="1" />
</denominator>
</quantity>
<inactiveIngredientSubstance>
<code code="451W47IQ8X" codeSystem="2.16.840.1.113883.4.9" codeSystemName="FDA SRS" />
<name>sodium chloride</name>
</inactiveIngredientSubstance>
</inactiveIngredient>
<inactiveIngredient>
<inactiveIngredientSubstance>
<code code="QTT17582CB" codeSystem="2.16.840.1.113883.4.9" codeSystemName="FDA SRS" />
<name>hydrochloric acid</name>
</inactiveIngredientSubstance>
</inactiveIngredient>
<asContent>
<quantity>
<numerator unit="mL" value="1">
<translation code="C28254" codeSystem="2.16.840.1.113883.3.26.1.1" displayName="MILLILITER" value="1" />
</numerator>
<denominator value="1">
<translation value="1" />
</denominator>
</quantity>
<containerPackagedMedicine>
<code nullFlavor="NA" />
<formCode code="C43202" codeSystem="2.16.840.1.113883.3.26.1.1" displayName="SYRINGE" />
<asContent>
<quantity>
<numerator value="10">
<translation code="C48540" codeSystem="2.16.840.1.113883.3.26.1.1" displayName="SYRINGE" value="10" />
</numerator>
<denominator value="1">
<translation value="1" />
</denominator>
</quantity>
<containerPackagedMedicine>
<code code="0548-3366-00" codeSystem="2.16.840.1.113883.6.69" codeSystemName="FDA" displayName="NDC" />
<formCode code="C43233" codeSystem="2.16.840.1.113883.3.26.1.1" displayName="PACKAGE" />
</containerPackagedMedicine>
</asContent>
</containerPackagedMedicine>
</asContent>
</manufacturedMedicine>
<consumedIn>
<substanceAdministration>
<routeCode code="C38291" codeSystem="2.16.840.1.113883.3.26.1.1" displayName="PARENTERAL" />
</substanceAdministration>
</consumedIn>
</manufacturedProduct>
</subject>
<subject>
<manufacturedProduct>
<manufacturedMedicine>
<code code="0548-1469" codeSystem="2.16.840.1.113883.6.69" codeSystemName="FDA" displayName="NDC" />
<name>Naloxone Hydrochloride</name>
<formCode code="C42946" codeSystem="2.16.840.1.113883.3.26.1.1" displayName="INJECTION" />
<activeIngredient>
<quantity>
<numerator unit="mg" value="1">
<translation code="C28253" codeSystem="2.16.840.1.113883.3.26.1.1" displayName="MILLIGRAM" value="1" />
</numerator>
<denominator unit="mL" value="1">
<translation code="C28254" codeSystem="2.16.840.1.113883.3.26.1.1" displayName="MILLILITER" value="1" />
</denominator>
</quantity>
<activeIngredientSubstance>
<code code="F850569PQR" codeSystem="2.16.840.1.113883.4.9" codeSystemName="FDA SRS" />
<name>naloxone hydrochloride</name>
<activeMoiety>
<activeMoiety>
<code code="36B82AMQ7N" codeSystem="2.16.840.1.113883.4.9" codeSystemName="FDA SRS" />
<name>naloxone</name>
</activeMoiety>
</activeMoiety>
</activeIngredientSubstance>
</activeIngredient>
<asEntityWithGeneric>
<genericMedicine>
<name>Naloxone Hydrochloride</name>
</genericMedicine>
</asEntityWithGeneric>
<inactiveIngredient>
<quantity>
<numerator unit="mg" value="8.35">
<translation code="C28253" codeSystem="2.16.840.1.113883.3.26.1.1" displayName="MILLIGRAM" value="8.35" />
</numerator>
<denominator unit="mL" value="1">
<translation code="C28254" codeSystem="2.16.840.1.113883.3.26.1.1" displayName="MILLILITER" value="1" />
</denominator>
</quantity>
<inactiveIngredientSubstance>
<code code="451W47IQ8X" codeSystem="2.16.840.1.113883.4.9" codeSystemName="FDA SRS" />
<name>sodium chloride</name>
</inactiveIngredientSubstance>
</inactiveIngredient>
<inactiveIngredient>
<inactiveIngredientSubstance>
<code code="QTT17582CB" codeSystem="2.16.840.1.113883.4.9" codeSystemName="FDA SRS" />
<name>hydrochloric acid</name>
</inactiveIngredientSubstance>
</inactiveIngredient>
<asContent>
<quantity>
<numerator unit="mL" value="2">
<translation code="C28254" codeSystem="2.16.840.1.113883.3.26.1.1" displayName="MILLILITER" value="2" />
</numerator>
<denominator value="1">
<translation value="1" />
</denominator>
</quantity>
<containerPackagedMedicine>
<code nullFlavor="NA" />
<formCode code="C43202" codeSystem="2.16.840.1.113883.3.26.1.1" displayName="SYRINGE" />
<asContent>
<quantity>
<numerator value="25">
<translation code="C48540" codeSystem="2.16.840.1.113883.3.26.1.1" displayName="SYRINGE" value="25" />
</numerator>
<denominator value="1">
<translation value="1" />
</denominator>
</quantity>
<containerPackagedMedicine>
<code code="0548-1469-00" codeSystem="2.16.840.1.113883.6.69" codeSystemName="FDA" displayName="NDC" />
<formCode code="C43178" codeSystem="2.16.840.1.113883.3.26.1.1" displayName="BOX" />
</containerPackagedMedicine>
</asContent>
</containerPackagedMedicine>
</asContent>
</manufacturedMedicine>
<consumedIn>
<substanceAdministration>
<routeCode code="C38291" codeSystem="2.16.840.1.113883.3.26.1.1" displayName="PARENTERAL" />
</substanceAdministration>
</consumedIn>
</manufacturedProduct>
</subject>
<subject>
<manufacturedProduct>
<manufacturedMedicine>
<code code="0548-3369" codeSystem="2.16.840.1.113883.6.69" codeSystemName="FDA" displayName="NDC" />
<name>Naloxone Hydrochloride</name>
<formCode code="C42946" codeSystem="2.16.840.1.113883.3.26.1.1" displayName="INJECTION" />
<activeIngredient>
<quantity>
<numerator unit="mg" value="1">
<translation code="C28253" codeSystem="2.16.840.1.113883.3.26.1.1" displayName="MILLIGRAM" value="1" />
</numerator>
<denominator unit="mL" value="1">
<translation code="C28254" codeSystem="2.16.840.1.113883.3.26.1.1" displayName="MILLILITER" value="1" />
</denominator>
</quantity>
<activeIngredientSubstance>
<code code="F850569PQR" codeSystem="2.16.840.1.113883.4.9" codeSystemName="FDA SRS" />
<name>naloxone hydrochloride</name>
<activeMoiety>
<activeMoiety>
<code code="36B82AMQ7N" codeSystem="2.16.840.1.113883.4.9" codeSystemName="FDA SRS" />
<name>naloxone</name>
</activeMoiety>
</activeMoiety>
</activeIngredientSubstance>
</activeIngredient>
<asEntityWithGeneric>
<genericMedicine>
<name>Naloxone Hydrochloride</name>
</genericMedicine>
</asEntityWithGeneric>
<inactiveIngredient>
<quantity>
<numerator unit="mg" value="8.35">
<translation code="C28253" codeSystem="2.16.840.1.113883.3.26.1.1" displayName="MILLIGRAM" value="8.35" />
</numerator>
<denominator unit="mL" value="1">
<translation code="C28254" codeSystem="2.16.840.1.113883.3.26.1.1" displayName="MILLILITER" value="1" />
</denominator>
</quantity>
<inactiveIngredientSubstance>
<code code="451W47IQ8X" codeSystem="2.16.840.1.113883.4.9" codeSystemName="FDA SRS" />
<name>sodium chloride</name>
</inactiveIngredientSubstance>
</inactiveIngredient>
<inactiveIngredient>
<inactiveIngredientSubstance>
<code code="QTT17582CB" codeSystem="2.16.840.1.113883.4.9" codeSystemName="FDA SRS" />
<name>hydrochloric acid</name>
</inactiveIngredientSubstance>
</inactiveIngredient>
<asContent>
<quantity>
<numerator unit="mL" value="2">
<translation code="C28254" codeSystem="2.16.840.1.113883.3.26.1.1" displayName="MILLILITER" value="2" />
</numerator>
<denominator value="1">
<translation value="1" />
</denominator>
</quantity>
<containerPackagedMedicine>
<code nullFlavor="NA" />
<formCode code="C43202" codeSystem="2.16.840.1.113883.3.26.1.1" displayName="SYRINGE" />
<asContent>
<quantity>
<numerator value="10">
<translation code="C48540" codeSystem="2.16.840.1.113883.3.26.1.1" displayName="SYRINGE" value="10" />
</numerator>
<denominator value="1">
<translation value="1" />
</denominator>
</quantity>
<containerPackagedMedicine>
<code code="0548-3369-00" codeSystem="2.16.840.1.113883.6.69" codeSystemName="FDA" displayName="NDC" />
<formCode code="C43233" codeSystem="2.16.840.1.113883.3.26.1.1" displayName="PACKAGE" />
</containerPackagedMedicine>
</asContent>
</containerPackagedMedicine>
</asContent>
</manufacturedMedicine>
<consumedIn>
<substanceAdministration>
<routeCode code="C38291" codeSystem="2.16.840.1.113883.3.26.1.1" displayName="PARENTERAL" />
</substanceAdministration>
</consumedIn>
</manufacturedProduct>
</subject>
</section>
</component>
<component>
<section>
<id root="B494F1FE-FC60-9611-00FF-2EE58FCE4630" />
<code code="42229-5" codeSystem="2.16.840.1.113883.6.1" codeSystemName="LOINC" displayName="SPL UNCLASSIFIED SECTION" />
<title mediaType="text/x-hl7-title+xml" />
<text><paragraph>Rx Only</paragraph></text>
<effectiveTime value="20060413" />
</section>
</component>
<component>
<section>
<id root="1455BC3F-9E42-B17A-1518-E55862458ACA" />
<code code="34089-3" codeSystem="2.16.840.1.113883.6.1" codeSystemName="LOINC" displayName="DESCRIPTION SECTION" />
<title mediaType="text/x-hl7-title+xml">DESCRIPTION</title>
<text><paragraph>Naloxone hydrochloride, a narcotic antagonist, is a synthetic congener of oxymorphone. In structure it differs from oxymorphone in that the methyl group on the nitrogen atom is replaced by an allyl group.</paragraph><paragraph>17-Allyl-4,5&#945;-epoxy-3,14-dihydroxymorphinan-6-one hydrochloride</paragraph><paragraph>C<sub>19</sub>H<sub>21</sub>NO<sub>4</sub>&#8226; HCl&#160;&#160;&#160;&#160;&#160;&#160;&#160;&#160;&#160;&#160;363.84</paragraph><renderMultiMedia referencedObject="MM1" /><paragraph>Naloxone hydrochloride occurs as a white to slightly off-white powder, and is soluble in water, in dilute acids, and in strong alkali; slightly soluble in alcohol; practically insoluble in ether and in chloroform.</paragraph><paragraph>Naloxone Hydrochloride Injection is available as a non-preserved sterile solution for intravenous, intramuscular or subcutaneous administration, in the 0.4 mg/mL and 1 mg/mL concentrations. Each mL of the 0.4 mg strength contains 8.6 mg of sodium chloride. Each mL of the 1 mg strength contains 8.35 mg of sodium chloride. The pH is adjusted with hydrochloric acid to meet USP limits of 3.0 to 4.5.</paragraph></text>
<effectiveTime value="20060413" />
<component>
<observationMedia ID="MM1">
<value mediaType="image/jpeg" xsi:type="ED"><reference value="Naloxone-image01.jpg" /></value>
</observationMedia>
</component>
</section>
</component>
<component>
<section>
<id root="11C2C8AE-D47E-4087-C152-24CA174EECA9" />
<code code="34090-1" codeSystem="2.16.840.1.113883.6.1" codeSystemName="LOINC" displayName="CLINICAL PHARMACOLOGY SECTION" />
<title mediaType="text/x-hl7-title+xml">CLINICAL PHARMACOLOGY</title>
<text><paragraph>Naloxone hydrochloride prevents or reverses the effects of opioids, including respiratory depression, sedation, and hypotension. Also, it can reverse the psychotomimetic and dysphoric effects of agonist-antagonist such as pentazocine.</paragraph><paragraph>Naloxone hydrochloride is an essentially pure narcotic antagonist, i.e., it does not possess the "agonistic" or morphine-like properties characteristic of other narcotic antagonists; naloxone does not produce respiratory depression, psychotomimetic effects or pupillary constriction. In the absence of narcotics or agonistic effects of
other narcotic antagonists it exhibits essentially no pharmacologic activity.</paragraph><paragraph>Naloxone has not been shown to produce tolerance nor to cause physical or psychological dependence.</paragraph><paragraph>In the presence of physical dependence on narcotics naloxone will produce withdrawal symptoms.</paragraph></text>
<effectiveTime value="20060413" />
<component>
<section>
<id root="013F4255-6C7E-05D6-A501-641EECE62049" />
<code code="42229-5" codeSystem="2.16.840.1.113883.6.1" codeSystemName="LOINC" displayName="SPL UNCLASSIFIED SECTION" />
<title mediaType="text/x-hl7-title+xml">Mechanisms of Action</title>
<text><paragraph>While the mechanism of action of naloxone is not fully understood, the preponderance of
evidence suggests that naloxone antagonizes the opioid effects by competing for the same receptor sites.</paragraph><paragraph>When naloxone hydrochloride is administered intravenously the onset of action is generally apparent within
two minutes; the onset of action is only slightly less rapid when it is administered subcutaneously or intramuscularly.
The duration of action is dependent upon the dose and route of administration of naloxone hydrochloride. Intramuscular administration produces a more prolonged effect than intravenous administration. The requirement for repeat doses of naloxone, however, will also be dependent upon the amount, type and route of administration of the narcotic being antagonized.</paragraph><paragraph>Following parenteral administration naloxone hydrochloride is rapidly distributed in the body. It is metabolized 
in the liver, primarily by glucuronide conjugation, and excreted in urine. In one study the serum half-life in adults
ranged from 30 to 81 minutes (mean 64 &#177; 12 minutes). In a neonatal study the mean plasma half-life was
observed to be 3.1 &#177; 0.5 hours.</paragraph></text>
<effectiveTime value="20060413" />
</section>
</component>
</section>
</component>
<component>
<section>
<id root="4D2683B4-9DDE-6B17-F34A-F0C5B6B9D07E" />
<code code="34067-9" codeSystem="2.16.840.1.113883.6.1" codeSystemName="LOINC" displayName="INDICATIONS &amp; USAGE SECTION" />
<title mediaType="text/x-hl7-title+xml">INDICATIONS AND USAGE</title>
<text><paragraph>Naloxone hydrochloride injection is indicated for the complete or partial reversal of narcotic depression, including respiratory depression, induced by opioids including natural and synthetic narcotics, propoxyphene, methadone and certain narcotic-antagonist analgesics: nalbuphine, pentazocine and butorphanol. Naloxone hydrochloride is also indicated for the diagnosis of suspected acute opioid overdosage.</paragraph><paragraph>Naloxone hydrochloride injection may be useful as an adjunctive agent to increase blood pressure in the management of septic shock.</paragraph></text>
<effectiveTime value="20060413" />
</section>
</component>
<component>
<section>
<id root="AA4B4053-739C-333A-15DD-3079D3C766DC" />
<code code="34070-3" codeSystem="2.16.840.1.113883.6.1" codeSystemName="LOINC" displayName="CONTRAINDICATIONS SECTION" />
<title mediaType="text/x-hl7-title+xml">CONTRAINDICATIONS</title>
<text><paragraph>Naloxone hydrochloride injection is contraindicated in patients known to be hypersensitive to it.</paragraph></text>
<effectiveTime value="20060413" />
</section>
</component>
<component>
<section>
<id root="20B049BD-73CC-2B58-3AFD-C14CB7FF7373" />
<code code="34071-1" codeSystem="2.16.840.1.113883.6.1" codeSystemName="LOINC" displayName="WARNINGS SECTION" />
<title mediaType="text/x-hl7-title+xml">WARNINGS</title>
<text><paragraph>Naloxone hydrochloride should be administered cautiously to persons including newborns of mothers who are known or suspected to be physically dependent on opioids. In such cases an abrupt and complete reversal of narcotic effects may precipitate an acute abstinence syndrome.</paragraph><paragraph>The patient who has satisfactorily responded to naloxone should be kept under continued surveillance and repeated doses of naloxone should be administered, as necessary, since the duration of action of some narcotics may exceed that of naloxone.</paragraph><paragraph>Naloxone is not effective against respiratory depression due to non-opioid drugs. Reversal of buprenorphineinduced respiratory depression may be incomplete. If an incomplete response occurs, respirations should be mechanically assisted.</paragraph></text>
<effectiveTime value="20060413" />
</section>
</component>
<component>
<section ID="Precautions">
<id root="FB3466F0-5060-E37D-20EC-1478DAEAA4B6" />
<code code="42232-9" codeSystem="2.16.840.1.113883.6.1" codeSystemName="LOINC" displayName="PRECAUTIONS SECTION" />
<title mediaType="text/x-hl7-title+xml">PRECAUTIONS</title>
<text><paragraph>In addition to naloxone, other resuscitative measures such as maintenance of a free airway, artificial ventilation, cardiac massage, and vasopressor agents should be available and employed when necessary to counteract
acute narcotic poisoning.</paragraph><paragraph>Several instances of hypotension, hypertension, ventricular tachycardia and fibrillation, and pulmonary edema
have been reported. These have occurred in postoperative patients, most of whom had pre-existing cardiovascular
disorders or received other drugs which may have similar adverse cardiovascular effects. Although a direct
cause-and-effect relationship has not been established, naloxone should be used with caution in patients with pre-existing cardiac disease or patients who have received potentially cardiotoxic drugs.</paragraph></text>
<effectiveTime value="20060413" />
<component>
<section>
<id root="70EE809B-76AB-3E04-99C1-C55772048FB7" />
<code code="34083-6" codeSystem="2.16.840.1.113883.6.1" codeSystemName="LOINC" displayName="CARCINOGENESIS &amp; MUTAGENESIS &amp; IMPAIRMENT OF FERTILITY SECTION" />
<title mediaType="text/x-hl7-title+xml">Carcinogenesis, Mutagenesis, Impairment of Fertility</title>
<text><paragraph>Carcinogenicity and mutagenicity studies have not been performed with naloxone hydrochloride. Reproductive studies in mice and rats demonstrated no impairment of fertility.</paragraph></text>
<effectiveTime value="20060413" />
</section>
</component>
<component>
<section>
<id root="1E5B947C-64F2-FAFD-F724-E2CF89751BA4" />
<code code="42228-7" codeSystem="2.16.840.1.113883.6.1" codeSystemName="LOINC" displayName="PREGNANCY" />
<title mediaType="text/x-hl7-title+xml">Pregnancy</title>
<effectiveTime value="20060413" />
<component>
<section>
<id root="86828434-78A9-26B5-152F-E905F814309B" />
<code code="34077-8" codeSystem="2.16.840.1.113883.6.1" codeSystemName="LOINC" displayName="TERATOGENIC EFFECTS SECTION" />
<title mediaType="text/x-hl7-title+xml">Teratogenic Effects</title>
<text><paragraph /></text>
<effectiveTime value="20060413" />
<component>
<section>
<id root="16E51E25-B556-659A-457E-5BC9FF6DE314" />
<code code="42229-5" codeSystem="2.16.840.1.113883.6.1" codeSystemName="LOINC" displayName="SPL UNCLASSIFIED SECTION" />
<title mediaType="text/x-hl7-title+xml">Pregnancy Category B</title>
<text><paragraph>Reproduction studies performed in mice and rats at doses up to 1,000 times the human dose revealed no evidence of impaired fertility or harm to the fetus due to naloxone. There are, however, no adequate and well-controlled studies in pregnant women. Because animal reproduction studies are not always predictive of human response, naloxone hydrochloride should be used during pregnancy only if clearly needed.</paragraph></text>
<effectiveTime value="20060413" />
</section>
</component>
</section>
</component>
</section>
</component>
<component>
<section>
<id root="F39E319A-14D7-4992-7F68-6AAD37D58F2E" />
<code code="34080-2" codeSystem="2.16.840.1.113883.6.1" codeSystemName="LOINC" displayName="NURSING MOTHERS SECTION" />
<title mediaType="text/x-hl7-title+xml">Nursing Mothers</title>
<text><paragraph>It is not known whether naloxone is excreted in human milk. Because many drugs are excreted in human milk, caution should be exercised when naloxone is administered to a nursing woman.</paragraph></text>
<effectiveTime value="20060413" />
</section>
</component>
</section>
</component>
<component>
<section>
<id root="0C1B993A-4B26-C009-A247-E702516C39B6" />
<code code="34084-4" codeSystem="2.16.840.1.113883.6.1" codeSystemName="LOINC" displayName="ADVERSE REACTIONS SECTION" />
<title mediaType="text/x-hl7-title+xml">ADVERSE REACTIONS</title>
<text><paragraph>Abrupt reversal of narcotic depression may result in nausea, vomiting, sweating, tachycardia, increased blood pressure, tremulousness, seizures and cardiac arrest. In postoperative patients, Iarger than necessary dosages of naloxone hydrochloride may result in significant reversal of analgesia, and in excitement. Hypotension, hypertension, ventricular tachycardia and fibrillation, and pulmonary edema have been associated with the use of naloxone postoperatively. (See "<content styleCode="bold"><linkHtml href="#Precautions">PRECAUTIONS</linkHtml></content>" and "<linkHtml href="#Postoperative_Narcotic_Depression">Usage in Adults, Postoperative Narcotic Depression.</linkHtml>")</paragraph></text>
<effectiveTime value="20060413" />
</section>
</component>
<component>
<section>
<id root="654FC674-A968-FA4F-4ABA-4C962FEC5E39" />
<code code="34088-5" codeSystem="2.16.840.1.113883.6.1" codeSystemName="LOINC" displayName="OVERDOSAGE SECTION" />
<title mediaType="text/x-hl7-title+xml">OVERDOSAGE</title>
<text><paragraph>There is no clinical experience with naloxone hydrochloride overdosage in humans.</paragraph><paragraph>In the mouse and rat the intravenous LD<sub>50</sub> is 150 &#177; 5 mg/kg and 109 &#177; 4 mg/kg respectively. In acute subcutaneous toxicity studies in newborn rats the LD<sub>50</sub> (95% CL) is 260 (228&#8211;296) mg/kg. Subcutaneous injection of 100 mg/kg/day in rats for 3 weeks produced only transient salivation and partial ptosis following injection: no toxic effects were seen at 10 mg/kg/day for 3 weeks.</paragraph></text>
<effectiveTime value="20060413" />
</section>
</component>
<component>
<section>
<id root="C30D4698-AE30-E8BC-B833-7608707C7E07" />
<code code="34068-7" codeSystem="2.16.840.1.113883.6.1" codeSystemName="LOINC" displayName="DOSAGE &amp; ADMINISTRATION SECTION" />
<title mediaType="text/x-hl7-title+xml">DOSAGE AND ADMINISTRATION</title>
<text><paragraph>Naloxone hydrochloride injection may be administered intravenously, intramuscularly, or subcutaneously. The most rapid onset of action is achieved by intravenous administration, and it is recommended in emergency
situations.</paragraph><paragraph>Since the duration of action of some narcotics may exceed that of naloxone, the patient should be kept under
continued surveillance and repeated doses of naloxone should be administered, as necessary.</paragraph></text>
<effectiveTime value="20060413" />
<component>
<section>
<id root="76153ED5-D6C3-45A0-B3FB-626C0F4EEACF" />
<code code="42229-5" codeSystem="2.16.840.1.113883.6.1" codeSystemName="LOINC" displayName="SPL UNCLASSIFIED SECTION" />
<title mediaType="text/x-hl7-title+xml">Intravenous Infusion</title>
<text><paragraph>Naloxone hydrochloride injection may be diluted for intravenous infusion in Sodium Chloride Injection 0.9% or Dextrose Injection 5%. The addition of 2 mg of naloxone in 500 mL of either solution provides a concentration of 0.004 mg/mL. Mixtures should be used within 24 hours. After 24 hours, the remaining unused solution must be discarded. The rate of administration should be titrated in accordance with the patient's response.</paragraph><paragraph>Parenteral drug products should be inspected visually for particulate matter and discoloration prior to administration whenever solution and container permit. Naloxone hydrochloride injection should not be mixed with
preparations containing bisulfite, metabisulfite, long-chain or high-molecular-weight anions, or any solution having
an alkaline pH. No drug or chemical agent should be added to naloxone hydrochloride injection unless its effect on the chemical and physical stability of the solution has first been established.</paragraph></text>
<effectiveTime value="20060413" />
</section>
</component>
</section>
</component>
<component>
<section>
<id root="D007CDDA-BA22-3372-5F10-8E977D279ED2" />
<code code="42229-5" codeSystem="2.16.840.1.113883.6.1" codeSystemName="LOINC" displayName="SPL UNCLASSIFIED SECTION" />
<title mediaType="text/x-hl7-title+xml">USAGE IN ADULTS</title>
<effectiveTime value="20060413" />
<component>
<section>
<id root="4B67A791-3510-6320-4306-8DC303EEF40B" />
<code code="42229-5" codeSystem="2.16.840.1.113883.6.1" codeSystemName="LOINC" displayName="SPL UNCLASSIFIED SECTION" />
<title mediaType="text/x-hl7-title+xml">Narcotic Overdose&#8212;Known or Suspected</title>
<text><paragraph>An initial dose of 0.4 mg to 2 mg of naloxone hydrochloride may be administered intravenously. If the desired degree of counteraction and improvement in respiratory functions is not obtained, it may be repeated at 2 to 3 minute intervals. If no response is observed after 10 mg of naloxone hydrochloride have been administered, the diagnosis of narcotic-induced or partial narcotic-induced toxicity should be questioned. Intramuscular or subcutaneous administration may be necessary if the intravenous route is not available.</paragraph></text>
<effectiveTime value="20060413" />
</section>
</component>
<component>
<section ID="Postoperative_Narcotic_Depression">
<id root="EF80CD3E-53C5-41EC-539C-D2F55C99D0B8" />
<code code="42229-5" codeSystem="2.16.840.1.113883.6.1" codeSystemName="LOINC" displayName="SPL UNCLASSIFIED SECTION" />
<title mediaType="text/x-hl7-title+xml">Postoperative Narcotic Depression</title>
<text><paragraph>For the partial reversal of narcotic depression following the use of narcotics during surgery, smaller doses of naloxone hydrochloride are usually sufficient. The dose of naloxone hydrochloride should be titrated according to the patients response. Naloxone hydrochloride should be injected in
increments of 0.1 to 0.2 mg intravenously at two to three minute intervals to the desired degree of reversal&#8212;i.e., adequate ventilation and alertness without significant pain or discomfort. Larger than necessary dosage of naloxone may result in significant reversal of analgesia and increase in blood pressure. Similarly, too rapid reversal may induce nausea, vomiting, sweating, or circulatory stress.</paragraph><paragraph>Repeat doses of naloxone may be required within one- to two-hour intervals depending upon the amount, type
(i.e., short- or long-acting) and time interval since last administration of narcotic. Supplemental intramuscular
doses have been shown to produce a longer lasting effect.</paragraph></text>
<effectiveTime value="20060413" />
</section>
</component>
</section>
</component>
<component>
<section>
<id root="A3054E3B-880A-B382-F110-ED914173CBA2" />
<code code="42229-5" codeSystem="2.16.840.1.113883.6.1" codeSystemName="LOINC" displayName="SPL UNCLASSIFIED SECTION" />
<title mediaType="text/x-hl7-title+xml">USAGE IN CHILDREN</title>
<effectiveTime value="20060413" />
<component>
<section>
<id root="126800BA-B076-B7F8-DF8C-076D48613BFC" />
<code code="42229-5" codeSystem="2.16.840.1.113883.6.1" codeSystemName="LOINC" displayName="SPL UNCLASSIFIED SECTION" />
<title mediaType="text/x-hl7-title+xml">Narcotic Overdose&#8212;Known or Suspected</title>
<text><paragraph>The usual initial dose in children is 0.01 mg/kg body weight given I.V. If this dose does not result in the desired degree of clinical improvement, a subsequent dose of 0.1 mg/kg body weight may be administered. If an I.V. route of administration is not available, naloxone may be administered
I.M. or S.C. in divided doses. If necessary, naloxone hydrochloride injection can be diluted with sterile water for injection.</paragraph></text>
<effectiveTime value="20060413" />
</section>
</component>
<component>
<section>
<id root="F126CC7E-5714-7BBC-0188-404D40460147" />
<code code="42229-5" codeSystem="2.16.840.1.113883.6.1" codeSystemName="LOINC" displayName="SPL UNCLASSIFIED SECTION" />
<title mediaType="text/x-hl7-title+xml">Postoperative Narcotic Depression</title>
<text><paragraph>Follow the recommendations and cautions under "Adult Postoperative Depression." For the initial reversal of respiratory depression naloxone hydrochloride should be injected in increments of 0.005 mg to 0.01 mg intravenously at two- to three-minute intervals to the desired degree of reversal.</paragraph></text>
<effectiveTime value="20060413" />
</section>
</component>
</section>
</component>
<component>
<section>
<id root="52D1A89A-C727-5FA0-6B67-B6B1C17099A3" />
<code code="42229-5" codeSystem="2.16.840.1.113883.6.1" codeSystemName="LOINC" displayName="SPL UNCLASSIFIED SECTION" />
<title mediaType="text/x-hl7-title+xml">USAGE IN NEONATES</title>
<text><paragraph>When using naloxone hydrochloride injection in Neonates a product containing 0.02 mg/mL should be used.</paragraph></text>
<effectiveTime value="20060413" />
<component>
<section>
<id root="1C55056B-A070-70E9-72AA-B8AEBA6ECC83" />
<code code="42229-5" codeSystem="2.16.840.1.113883.6.1" codeSystemName="LOINC" displayName="SPL UNCLASSIFIED SECTION" />
<title mediaType="text/x-hl7-title+xml">Narcotic-Induced Depression</title>
<text><paragraph>The usual initial dose is 0.01 mg/kg body weight administered I.V., I.M., or S.C. This dose may be repeated in accordance with adult administration guidelines for postoperative narcotic depression.</paragraph></text>
<effectiveTime value="20060413" />
</section>
</component>
</section>
</component>
<component>
<section>
<id root="AFB3FF84-66B8-AEB9-27D1-AC4D8FBA915D" />
<code code="34069-5" codeSystem="2.16.840.1.113883.6.1" codeSystemName="LOINC" displayName="HOW SUPPLIED SECTION" />
<title mediaType="text/x-hl7-title+xml">HOW SUPPLIED</title>
<text><paragraph>0.4 mg/mL and 1 mg/mL naloxone hydrochloride injection USP, for intravenous, intramuscular and subcutaneous administration. Available as follows:</paragraph><paragraph><content styleCode="bold">0.4 mg/mL</content></paragraph><paragraph>1 mL single dose disposable prefilled syringes, in the MIN-I-JET<sup>&#174;</sup> system with 21 G. &#215; 1 <sub>1/2</sub>" needle. Boxes of 25.</paragraph><paragraph>&#160;&#160;&#160;&#160;&#160;&#160;&#160;&#160;NDC 0548-1466-00&#160;&#160;&#160;&#160;&#160;&#160;&#160;&#160;&#160;&#160;&#160;&#160;&#160;&#160;&#160;&#160;Stock No. 1466 (contains no preservative)</paragraph><paragraph>1 mL single dose disposable Luer-Jet&#8482; Luer-Lock Prefilled Syringe. Shrink Wrapped Packages of 10.</paragraph><paragraph>&#160;&#160;&#160;&#160;&#160;&#160;&#160;&#160;NDC 0548-3366-00&#160;&#160;&#160;&#160;&#160;&#160;&#160;&#160;&#160;&#160;&#160;&#160;&#160;&#160;&#160;&#160;Stock No. 3366 (contains no preservative)</paragraph><paragraph><content styleCode="bold">1 mg/mL</content></paragraph><paragraph>2 mL single dose disposable prefilled syringes, in the MIN-I-JET<sup>&#174;</sup> system with 21 G. &#215; 1 <sub>1/2</sub>" needle. Boxes of 25.</paragraph><paragraph>&#160;&#160;&#160;&#160;&#160;&#160;&#160;&#160;NDC 0548-1469-00&#160;&#160;&#160;&#160;&#160;&#160;&#160;&#160;&#160;&#160;&#160;&#160;&#160;&#160;&#160;&#160;Stock No. 1469 (contains no preservative)</paragraph><paragraph>2 mL single dose disposable Luer-Jet&#8482; Luer-Lock Prefilled Syringe. Shrink Wrapped Packages of 10.</paragraph><paragraph>&#160;&#160;&#160;&#160;&#160;&#160;&#160;&#160;NDC 0548-3369-00&#160;&#160;&#160;&#160;&#160;&#160;&#160;&#160;&#160;&#160;&#160;&#160;&#160;&#160;&#160;&#160;Stock No. 3369 (contains no preservative)</paragraph></text>
<effectiveTime value="20060413" />
<component>
<section>
<id root="180E2737-8A5F-8829-D79E-E0179F02624E" />
<code code="42229-5" codeSystem="2.16.840.1.113883.6.1" codeSystemName="LOINC" displayName="SPL UNCLASSIFIED SECTION" />
<title mediaType="text/x-hl7-title+xml">Syringe Assembly Directions</title>
<text><paragraph>The MIN-I-JET<sup>&#174;</sup> syringe with needle, illustrated below, is the basic unit upon which all the other syringe systems are built; slight adaptations and/ or additional auxiliary parts createthe other syringe systems. Assembly directions remain essentially the same.</paragraph></text>
<effectiveTime value="20060413" />
</section>
</component>
</section>
</component>
<component>
<section>
<id root="4AD20BF9-E201-E07F-1475-C9E52352A667" />
<code code="42229-5" codeSystem="2.16.840.1.113883.6.1" codeSystemName="LOINC" displayName="SPL UNCLASSIFIED SECTION" />
<title mediaType="text/x-hl7-title+xml">USE ASEPTIC TECHNIQUE</title>
<text><paragraph><content styleCode="bold">Do not assemble until ready to use.</content></paragraph><renderMultiMedia referencedObject="MM2" /><paragraph>*CAUTION: IMPROPER ENGAGING MAY CAUSE GLASS BREAKAGE AND SUBSEQUENT INJURY.</paragraph><paragraph><content styleCode="bold">Protect from light. Store at controlled room temperature 15&#176; to 30&#176;C (59&#176; to 86&#176;F) [see USP].</content></paragraph></text>
<effectiveTime value="20060413" />
<component>
<observationMedia ID="MM2">
<value mediaType="image/jpeg" xsi:type="ED"><reference value="Naloxone-image02.jpg" /></value>
</observationMedia>
</component>
</section>
</component>
<component>
<section>
<id root="1298A7BE-0F61-CE06-585B-9D7AB1F1FC1C" />
<code code="42229-5" codeSystem="2.16.840.1.113883.6.1" codeSystemName="LOINC" displayName="SPL UNCLASSIFIED SECTION" />
<title mediaType="text/x-hl7-title+xml" />
<text><paragraph><content styleCode="bold">Rx Only</content></paragraph><paragraph>INTERNATIONAL MEDICATION SYSTEMS, LIMITED</paragraph><paragraph>SO. EL MONTE, CA 91733, U.S.A</paragraph><paragraph>An Amphastar Pharmaceuticals Company</paragraph><paragraph>6914660M</paragraph><paragraph>REV. 8-01</paragraph></text>
<effectiveTime value="20060413" />
</section>
</component>
</structuredBody>
</component>
</document>
