<?xml version="1.0" encoding="UTF-8"?>
<?xml-stylesheet href="http://www.fda.gov/oc/datacouncil/stylesheets/spl/spl.xsl" type="text/xsl"?><document xmlns="urn:hl7-org:v3" xmlns:voc="http://www.hl7.org/v3/voc" xmlns:xsi="http://www.w3.org/2001/XMLSchema-instance" xsi:schemaLocation="urn:hl7-org:v3 http://www.fda.gov/oc/datacouncil/schemas/spl/spl.xsd">
<id root="E4B03FFC-3D5F-4149-978A-5901E5FFC849" />
<code code="34391-3" codeSystem="2.16.840.1.113883.6.1" codeSystemName="LOINC" displayName="Human prescription drug label" />
<title mediaType="text/x-hl7-title+xml">DEXTROSE Injection, USP</title>
<effectiveTime value="20060420" />
<setId root="E4B03FFC-3D5F-4149-978A-5901E5FFC849" />
<versionNumber value="2" />
<author>
  <time/>
  <assignedEntity>
   <representedOrganization>
    <name>HOSPIRA, INC.</name>
   </representedOrganization>
  </assignedEntity>
</author>
<component>
<structuredBody>
<component>
<section>
<id root="463FC994-900A-536F-52F8-6D19178142B2" />
<effectiveTime value="20060420" />
<subject>
<manufacturedProduct>
<manufacturedMedicine>
<code code="0409-7922" codeSystem="2.16.840.1.113883.6.69" />
<name>Dextrose</name>
<formCode code="C42945" codeSystem="2.16.840.1.113883.3.26.1.1" displayName="INJECTION, SOLUTION" />
<activeIngredient>
<quantity>
<numerator unit="g" value="5">
<translation code="C48155" codeSystem="2.16.840.1.113883.3.26.1.1" displayName="GRAM" value="5" />
</numerator>
<denominator unit="mL" value="100">
<translation code="C28254" codeSystem="2.16.840.1.113883.3.26.1.1" displayName="MILLILITER" value="100" />
</denominator>
</quantity>
<activeIngredientSubstance>
<code code="LX22YL083G" codeSystem="2.16.840.1.113883.4.9" codeSystemName="FDA SRS" />
<name>Dextrose hydrous</name>
<activeMoiety>
<activeMoiety>
<code code="IY9XDZ35W2" codeSystem="2.16.840.1.113883.4.9" codeSystemName="FDA SRS" />
<name>Dextrose</name>
</activeMoiety>
</activeMoiety>
</activeIngredientSubstance>
</activeIngredient>
<asEntityWithGeneric>
<genericMedicine>
<name>Dextrose</name>
</genericMedicine>
</asEntityWithGeneric>
<inactiveIngredient>
<inactiveIngredientSubstance>
<name>Water</name>
</inactiveIngredientSubstance>
</inactiveIngredient>
<asContent>
<quantity>
<numerator unit="mL" value="150">
<translation code="C28254" codeSystem="2.16.840.1.113883.3.26.1.1" displayName="MILLILITER" value="150" />
</numerator>
<denominator value="1">
<translation value="1" />
</denominator>
</quantity>
<containerPackagedMedicine>
<code />
<formCode code="C43167" codeSystem="2.16.840.1.113883.3.26.1.1" displayName="BAG" />
<asContent>
<quantity>
<numerator value="32">
<translation code="C48474" codeSystem="2.16.840.1.113883.3.26.1.1" displayName="BAG" value="32" />
</numerator>
<denominator value="1">
<translation value="1" />
</denominator>
</quantity>
<containerPackagedMedicine>
<code code="0409-7922-61" codeSystem="2.16.840.1.113883.6.69" />
<formCode code="C43184" codeSystem="2.16.840.1.113883.3.26.1.1" displayName="CASE" />
</containerPackagedMedicine>
</asContent>
</containerPackagedMedicine>
</asContent>
<asContent>
<quantity>
<numerator unit="mL" value="250">
<translation code="C28254" codeSystem="2.16.840.1.113883.3.26.1.1" displayName="MILLILITER" value="250" />
</numerator>
<denominator value="1">
<translation value="1" />
</denominator>
</quantity>
<containerPackagedMedicine>
<code />
<formCode code="C43167" codeSystem="2.16.840.1.113883.3.26.1.1" displayName="BAG" />
<asContent>
<quantity>
<numerator value="24">
<translation code="C48474" codeSystem="2.16.840.1.113883.3.26.1.1" displayName="BAG" value="24" />
</numerator>
<denominator value="1">
<translation value="1" />
</denominator>
</quantity>
<containerPackagedMedicine>
<code code="0409-7922-02" codeSystem="2.16.840.1.113883.6.69" />
<formCode code="C43184" codeSystem="2.16.840.1.113883.3.26.1.1" displayName="CASE" />
</containerPackagedMedicine>
</asContent>
</containerPackagedMedicine>
</asContent>
<asContent>
<quantity>
<numerator unit="mL" value="250">
<translation code="C28254" codeSystem="2.16.840.1.113883.3.26.1.1" displayName="MILLILITER" value="250" />
</numerator>
<denominator value="1">
<translation value="1" />
</denominator>
</quantity>
<containerPackagedMedicine>
<code />
<formCode code="C43167" codeSystem="2.16.840.1.113883.3.26.1.1" displayName="BAG" />
<asContent>
<quantity>
<numerator value="24">
<translation code="C48474" codeSystem="2.16.840.1.113883.3.26.1.1" displayName="BAG" value="24" />
</numerator>
<denominator value="1">
<translation value="1" />
</denominator>
</quantity>
<containerPackagedMedicine>
<code code="0409-7922-53" codeSystem="2.16.840.1.113883.6.69" />
<formCode code="C43184" codeSystem="2.16.840.1.113883.3.26.1.1" displayName="CASE" />
</containerPackagedMedicine>
</asContent>
</containerPackagedMedicine>
</asContent>
<asContent>
<quantity>
<numerator unit="mL" value="500">
<translation code="C28254" codeSystem="2.16.840.1.113883.3.26.1.1" displayName="MILLILITER" value="500" />
</numerator>
<denominator value="1">
<translation value="1" />
</denominator>
</quantity>
<containerPackagedMedicine>
<code />
<formCode code="C43167" codeSystem="2.16.840.1.113883.3.26.1.1" displayName="BAG" />
<asContent>
<quantity>
<numerator value="24">
<translation code="C48474" codeSystem="2.16.840.1.113883.3.26.1.1" displayName="BAG" value="24" />
</numerator>
<denominator value="1">
<translation value="1" />
</denominator>
</quantity>
<containerPackagedMedicine>
<code code="0409-7922-03" codeSystem="2.16.840.1.113883.6.69" />
<formCode code="C43184" codeSystem="2.16.840.1.113883.3.26.1.1" displayName="CASE" />
</containerPackagedMedicine>
</asContent>
</containerPackagedMedicine>
</asContent>
<asContent>
<quantity>
<numerator unit="mL" value="500">
<translation code="C28254" codeSystem="2.16.840.1.113883.3.26.1.1" displayName="MILLILITER" value="500" />
</numerator>
<denominator value="1">
<translation value="1" />
</denominator>
</quantity>
<containerPackagedMedicine>
<code />
<formCode code="C43167" codeSystem="2.16.840.1.113883.3.26.1.1" displayName="BAG" />
<asContent>
<quantity>
<numerator value="18">
<translation code="C48474" codeSystem="2.16.840.1.113883.3.26.1.1" displayName="BAG" value="18" />
</numerator>
<denominator value="1">
<translation value="1" />
</denominator>
</quantity>
<containerPackagedMedicine>
<code code="0409-7922-55" codeSystem="2.16.840.1.113883.6.69" />
<formCode code="C43184" codeSystem="2.16.840.1.113883.3.26.1.1" displayName="CASE" />
</containerPackagedMedicine>
</asContent>
</containerPackagedMedicine>
</asContent>
<asContent>
<quantity>
<numerator unit="mL" value="1000">
<translation code="C28254" codeSystem="2.16.840.1.113883.3.26.1.1" displayName="MILLILITER" value="1000" />
</numerator>
<denominator value="1">
<translation value="1" />
</denominator>
</quantity>
<containerPackagedMedicine>
<code />
<formCode code="C43167" codeSystem="2.16.840.1.113883.3.26.1.1" displayName="BAG" />
<asContent>
<quantity>
<numerator value="12">
<translation code="C48474" codeSystem="2.16.840.1.113883.3.26.1.1" displayName="BAG" value="12" />
</numerator>
<denominator value="1">
<translation value="1" />
</denominator>
</quantity>
<containerPackagedMedicine>
<code code="0409-7922-09" codeSystem="2.16.840.1.113883.6.69" />
<formCode code="C43184" codeSystem="2.16.840.1.113883.3.26.1.1" displayName="CASE" />
</containerPackagedMedicine>
</asContent>
</containerPackagedMedicine>
</asContent>
</manufacturedMedicine>
<consumedIn>
<substanceAdministration>
<routeCode code="C38276" codeSystem="2.16.840.1.113883.3.26.1.1" displayName="INTRAVENOUS" />
</substanceAdministration>
</consumedIn>
</manufacturedProduct>
</subject>
<subject>
<manufacturedProduct>
<manufacturedMedicine>
<code code="0409-7923" codeSystem="2.16.840.1.113883.6.69" />
<name>Dextrose</name>
<formCode code="C42945" codeSystem="2.16.840.1.113883.3.26.1.1" displayName="INJECTION, SOLUTION" />
<activeIngredient>
<quantity>
<numerator unit="g" value="5">
<translation code="C48155" codeSystem="2.16.840.1.113883.3.26.1.1" displayName="GRAM" value="5" />
</numerator>
<denominator unit="mL" value="100">
<translation code="C28254" codeSystem="2.16.840.1.113883.3.26.1.1" displayName="MILLILITER" value="100" />
</denominator>
</quantity>
<activeIngredientSubstance>
<code code="LX22YL083G" codeSystem="2.16.840.1.113883.4.9" codeSystemName="FDA SRS" />
<name>Dextrose hydrous</name>
<activeMoiety>
<activeMoiety>
<code code="IY9XDZ35W2" codeSystem="2.16.840.1.113883.4.9" codeSystemName="FDA SRS" />
<name>Dextrose</name>
</activeMoiety>
</activeMoiety>
</activeIngredientSubstance>
</activeIngredient>
<asEntityWithGeneric>
<genericMedicine>
<name>Dextrose</name>
</genericMedicine>
</asEntityWithGeneric>
<inactiveIngredient>
<inactiveIngredientSubstance>
<name>Water</name>
</inactiveIngredientSubstance>
</inactiveIngredient>
<asContent>
<quantity>
<numerator unit="mL" value="25">
<translation code="C28254" codeSystem="2.16.840.1.113883.3.26.1.1" displayName="MILLILITER" value="25" />
</numerator>
<denominator value="1">
<translation value="1" />
</denominator>
</quantity>
<containerPackagedMedicine>
<code />
<formCode code="C43167" codeSystem="2.16.840.1.113883.3.26.1.1" displayName="BAG" />
<asContent>
<quantity>
<numerator value="4">
<translation code="C48474" codeSystem="2.16.840.1.113883.3.26.1.1" displayName="BAG" value="4" />
</numerator>
<denominator value="1">
<translation value="1" />
</denominator>
</quantity>
<containerPackagedMedicine>
<code />
<formCode code="C43199" codeSystem="2.16.840.1.113883.3.26.1.1" displayName="PACKET" />
<asContent>
<quantity>
<numerator value="12">
<translation code="C48521" codeSystem="2.16.840.1.113883.3.26.1.1" displayName="PACKET" value="12" />
</numerator>
<denominator value="1">
<translation value="1" />
</denominator>
</quantity>
<containerPackagedMedicine>
<code code="0409-7923-20" codeSystem="2.16.840.1.113883.6.69" />
<formCode code="C43184" codeSystem="2.16.840.1.113883.3.26.1.1" displayName="CASE" />
</containerPackagedMedicine>
</asContent>
</containerPackagedMedicine>
</asContent>
</containerPackagedMedicine>
</asContent>
<asContent>
<quantity>
<numerator unit="mL" value="50">
<translation code="C28254" codeSystem="2.16.840.1.113883.3.26.1.1" displayName="MILLILITER" value="50" />
</numerator>
<denominator value="1">
<translation value="1" />
</denominator>
</quantity>
<containerPackagedMedicine>
<code />
<formCode code="C43167" codeSystem="2.16.840.1.113883.3.26.1.1" displayName="BAG" />
<asContent>
<quantity>
<numerator value="4">
<translation code="C48474" codeSystem="2.16.840.1.113883.3.26.1.1" displayName="BAG" value="4" />
</numerator>
<denominator value="1">
<translation value="1" />
</denominator>
</quantity>
<containerPackagedMedicine>
<code />
<formCode code="C43199" codeSystem="2.16.840.1.113883.3.26.1.1" displayName="PACKET" />
<asContent>
<quantity>
<numerator value="20">
<translation code="C48521" codeSystem="2.16.840.1.113883.3.26.1.1" displayName="PACKET" value="20" />
</numerator>
<denominator value="1">
<translation value="1" />
</denominator>
</quantity>
<containerPackagedMedicine>
<code code="0409-7923-36" codeSystem="2.16.840.1.113883.6.69" />
<formCode code="C43184" codeSystem="2.16.840.1.113883.3.26.1.1" displayName="CASE" />
</containerPackagedMedicine>
</asContent>
</containerPackagedMedicine>
</asContent>
</containerPackagedMedicine>
</asContent>
<asContent>
<quantity>
<numerator unit="mL" value="50">
<translation code="C28254" codeSystem="2.16.840.1.113883.3.26.1.1" displayName="MILLILITER" value="50" />
</numerator>
<denominator value="1">
<translation value="1" />
</denominator>
</quantity>
<containerPackagedMedicine>
<code />
<formCode code="C43167" codeSystem="2.16.840.1.113883.3.26.1.1" displayName="BAG" />
<asContent>
<quantity>
<numerator value="48">
<translation code="C48474" codeSystem="2.16.840.1.113883.3.26.1.1" displayName="BAG" value="48" />
</numerator>
<denominator value="1">
<translation value="1" />
</denominator>
</quantity>
<containerPackagedMedicine>
<code code="0409-7923-13" codeSystem="2.16.840.1.113883.6.69" />
<formCode code="C43184" codeSystem="2.16.840.1.113883.3.26.1.1" displayName="CASE" />
</containerPackagedMedicine>
</asContent>
</containerPackagedMedicine>
</asContent>
<asContent>
<quantity>
<numerator unit="mL" value="100">
<translation code="C28254" codeSystem="2.16.840.1.113883.3.26.1.1" displayName="MILLILITER" value="100" />
</numerator>
<denominator value="1">
<translation value="1" />
</denominator>
</quantity>
<containerPackagedMedicine>
<code />
<formCode code="C43167" codeSystem="2.16.840.1.113883.3.26.1.1" displayName="BAG" />
<asContent>
<quantity>
<numerator value="4">
<translation code="C48474" codeSystem="2.16.840.1.113883.3.26.1.1" displayName="BAG" value="4" />
</numerator>
<denominator value="1">
<translation value="1" />
</denominator>
</quantity>
<containerPackagedMedicine>
<code />
<formCode code="C43199" codeSystem="2.16.840.1.113883.3.26.1.1" displayName="PACKET" />
<asContent>
<quantity>
<numerator value="20">
<translation code="C48521" codeSystem="2.16.840.1.113883.3.26.1.1" displayName="PACKET" value="20" />
</numerator>
<denominator value="1">
<translation value="1" />
</denominator>
</quantity>
<containerPackagedMedicine>
<code code="0409-7923-37" codeSystem="2.16.840.1.113883.6.69" />
<formCode code="C43184" codeSystem="2.16.840.1.113883.3.26.1.1" displayName="CASE" />
</containerPackagedMedicine>
</asContent>
</containerPackagedMedicine>
</asContent>
</containerPackagedMedicine>
</asContent>
<asContent>
<quantity>
<numerator unit="mL" value="100">
<translation code="C28254" codeSystem="2.16.840.1.113883.3.26.1.1" displayName="MILLILITER" value="100" />
</numerator>
<denominator value="1">
<translation value="1" />
</denominator>
</quantity>
<containerPackagedMedicine>
<code />
<formCode code="C43167" codeSystem="2.16.840.1.113883.3.26.1.1" displayName="BAG" />
<asContent>
<quantity>
<numerator value="48">
<translation code="C48474" codeSystem="2.16.840.1.113883.3.26.1.1" displayName="BAG" value="48" />
</numerator>
<denominator value="1">
<translation value="1" />
</denominator>
</quantity>
<containerPackagedMedicine>
<code code="0409-7923-23" codeSystem="2.16.840.1.113883.6.69" />
<formCode code="C43184" codeSystem="2.16.840.1.113883.3.26.1.1" displayName="CASE" />
</containerPackagedMedicine>
</asContent>
</containerPackagedMedicine>
</asContent>
</manufacturedMedicine>
<consumedIn>
<substanceAdministration>
<routeCode code="C38276" codeSystem="2.16.840.1.113883.3.26.1.1" displayName="INTRAVENOUS" />
</substanceAdministration>
</consumedIn>
</manufacturedProduct>
</subject>
<subject>
<manufacturedProduct>
<manufacturedMedicine>
<code code="0409-7930" codeSystem="2.16.840.1.113883.6.69" />
<name>Dextrose</name>
<formCode code="C42945" codeSystem="2.16.840.1.113883.3.26.1.1" displayName="INJECTION, SOLUTION" />
<activeIngredient>
<quantity>
<numerator unit="g" value="10">
<translation code="C48155" codeSystem="2.16.840.1.113883.3.26.1.1" displayName="GRAM" value="10" />
</numerator>
<denominator unit="mL" value="100">
<translation code="C28254" codeSystem="2.16.840.1.113883.3.26.1.1" displayName="MILLILITER" value="100" />
</denominator>
</quantity>
<activeIngredientSubstance>
<code code="LX22YL083G" codeSystem="2.16.840.1.113883.4.9" codeSystemName="FDA SRS" />
<name>Dextrose hydrous</name>
<activeMoiety>
<activeMoiety>
<code code="IY9XDZ35W2" codeSystem="2.16.840.1.113883.4.9" codeSystemName="FDA SRS" />
<name>Dextrose</name>
</activeMoiety>
</activeMoiety>
</activeIngredientSubstance>
</activeIngredient>
<asEntityWithGeneric>
<genericMedicine>
<name>Dextrose</name>
</genericMedicine>
</asEntityWithGeneric>
<inactiveIngredient>
<inactiveIngredientSubstance>
<name>Water</name>
</inactiveIngredientSubstance>
</inactiveIngredient>
<asContent>
<quantity>
<numerator unit="mL" value="250">
<translation code="C28254" codeSystem="2.16.840.1.113883.3.26.1.1" displayName="MILLILITER" value="250" />
</numerator>
<denominator value="1">
<translation value="1" />
</denominator>
</quantity>
<containerPackagedMedicine>
<code />
<formCode code="C43167" codeSystem="2.16.840.1.113883.3.26.1.1" displayName="BAG" />
<asContent>
<quantity>
<numerator value="24">
<translation code="C48474" codeSystem="2.16.840.1.113883.3.26.1.1" displayName="BAG" value="24" />
</numerator>
<denominator value="1">
<translation value="1" />
</denominator>
</quantity>
<containerPackagedMedicine>
<code code="0409-7930-02" codeSystem="2.16.840.1.113883.6.69" />
<formCode code="C43184" codeSystem="2.16.840.1.113883.3.26.1.1" displayName="CASE" />
</containerPackagedMedicine>
</asContent>
</containerPackagedMedicine>
</asContent>
<asContent>
<quantity>
<numerator unit="mL" value="500">
<translation code="C28254" codeSystem="2.16.840.1.113883.3.26.1.1" displayName="MILLILITER" value="500" />
</numerator>
<denominator value="1">
<translation value="1" />
</denominator>
</quantity>
<containerPackagedMedicine>
<code />
<formCode code="C43167" codeSystem="2.16.840.1.113883.3.26.1.1" displayName="BAG" />
<asContent>
<quantity>
<numerator value="24">
<translation code="C48474" codeSystem="2.16.840.1.113883.3.26.1.1" displayName="BAG" value="24" />
</numerator>
<denominator value="1">
<translation value="1" />
</denominator>
</quantity>
<containerPackagedMedicine>
<code code="0409-7930-03" codeSystem="2.16.840.1.113883.6.69" />
<formCode code="C43184" codeSystem="2.16.840.1.113883.3.26.1.1" displayName="CASE" />
</containerPackagedMedicine>
</asContent>
</containerPackagedMedicine>
</asContent>
<asContent>
<quantity>
<numerator unit="mL" value="1000">
<translation code="C28254" codeSystem="2.16.840.1.113883.3.26.1.1" displayName="MILLILITER" value="1000" />
</numerator>
<denominator value="1">
<translation value="1" />
</denominator>
</quantity>
<containerPackagedMedicine>
<code />
<formCode code="C43167" codeSystem="2.16.840.1.113883.3.26.1.1" displayName="BAG" />
<asContent>
<quantity>
<numerator value="12">
<translation code="C48474" codeSystem="2.16.840.1.113883.3.26.1.1" displayName="BAG" value="12" />
</numerator>
<denominator value="1">
<translation value="1" />
</denominator>
</quantity>
<containerPackagedMedicine>
<code code="0409-7930-09" codeSystem="2.16.840.1.113883.6.69" />
<formCode code="C43184" codeSystem="2.16.840.1.113883.3.26.1.1" displayName="CASE" />
</containerPackagedMedicine>
</asContent>
</containerPackagedMedicine>
</asContent>
</manufacturedMedicine>
<consumedIn>
<substanceAdministration>
<routeCode code="C38276" codeSystem="2.16.840.1.113883.3.26.1.1" displayName="INTRAVENOUS" />
</substanceAdministration>
</consumedIn>
</manufacturedProduct>
</subject>
</section>
</component>
<component>
<section>
<id root="1FC6606E-3B04-50AC-12B6-DA41C3157BE1" />
<code code="42229-5" codeSystem="2.16.840.1.113883.6.1" codeSystemName="LOINC" displayName="SPL UNCLASSIFIED SECTION" />
<title mediaType="text/x-hl7-title+xml" />
<text><paragraph><content styleCode="bold">Flexible Plastic Container</content></paragraph><paragraph>R<sub>x</sub> only</paragraph></text>
<effectiveTime value="20060420" />
</section>
</component>
<component>
<section>
<id root="B65876D7-64C5-2B79-B198-65A103A2BA12" />
<code code="34089-3" codeSystem="2.16.840.1.113883.6.1" codeSystemName="LOINC" displayName="DESCRIPTION SECTION" />
<title mediaType="text/x-hl7-title+xml">DESCRIPTION</title>
<text><paragraph>Dextrose Injection, USP solutions are sterile and nonpyrogenic.
They are parenteral solutions containing various concentrations of dextrose
in water for injection intended for intravenous administration.</paragraph><paragraph>	Each
100 mL of 5% Dextrose Injection, USP, contains dextrose, hydrous 5 g in water
for injection. The caloric value is 170 kcal/L. The osmolarity is 252 mOsmol/L
(calc.), which is slightly hypotonic.</paragraph><paragraph>	Each 100 mL of
10% Dextrose Injection, USP, contains dextrose, hydrous 10 g in water for
injection. The caloric value is 340 kcal/L. The osmolarity is 505 mOsmol/L
(calc.), which is hypertonic.</paragraph><paragraph>	The pH for both concentrations
is 4.3 (3.2 to 6.5).</paragraph><paragraph>	The solutions contain no bacteriostat,
antimicrobial agent or added buffer and each is intended only as a single-dose
injection. When smaller doses are required the unused portion should be discarded.</paragraph><paragraph>	The
solutions are parenteral fluid and nutrient replenishers.</paragraph><paragraph>Dextrose,
USP is chemically designated D-glucose monohydrate (C<sub>6</sub>H<sub>12</sub>O<sub>6</sub>&#8226;
H<sub>2</sub>O), a hexose sugar freely soluble in water. It has the following
structural formula:</paragraph><paragraph><renderMultiMedia referencedObject="MM1141220155-1" /></paragraph><paragraph>Water for Injection, USP is chemically
designated H<sub>2</sub>O.</paragraph><paragraph>	The flexible plastic container
is fabricated from a specially formulated polyvinylchloride. Water can permeate
from inside the container into the overwrap but not in amounts sufficient
to affect the solution significantly. Solutions in contact with the plastic
container may leach out certain chemical components from the plastic in very
small amounts; however, biological testing was supportive of the safety of
the plastic container materials. Exposure to temperatures above 25&#176;C/77&#176;F
during transport and storage will lead to minor losses in moisture content.
Higher temperatures lead to greater losses. It is unlikely that these minor
losses will lead to clinically significant changes within the expiration period.</paragraph></text>
<effectiveTime value="20060420" />
<component>
<observationMedia ID="MM1141220155-1">
<id root="7C4796C4-3306-4855-21BB-950A0FEA0A15" />
<value mediaType="image/jpeg" xsi:type="ED"><reference value="xen-1072-1.jpg" /></value>
</observationMedia>
</component>
</section>
</component>
<component>
<section>
<id root="12D8DC0D-035A-EF88-E649-3CC90C20534D" />
<code code="34090-1" codeSystem="2.16.840.1.113883.6.1" codeSystemName="LOINC" displayName="CLINICAL PHARMACOLOGY SECTION" />
<title mediaType="text/x-hl7-title+xml">CLINICAL PHARMACOLOGY</title>
<text><paragraph>When administered intravenously, these solutions provide
a source of water and carbohydrate.</paragraph><paragraph>	Isotonic and hypertonic
concentrations of dextrose are suitable for parenteral maintenance of water
requirements when salt is not needed or should be avoided.</paragraph><paragraph>	Solutions
containing carbohydrate in the form of dextrose restore blood glucose levels
and provide calories. Carbohydrate in the form of dextrose may aid in minimizing
liver glycogen depletion and exerts a protein-sparing action. Dextrose injected
parenterally undergoes oxidation to carbon dioxide and water.</paragraph><paragraph>	Water
is an essential constituent of all body tissues and accounts for approximately
70% of total body weight. Average normal adult daily requirements range from
two to three liters (1.0 to  1.5 liters each for insensible water loss by
perspiration and urine production).</paragraph><paragraph>	Water balance is
maintained by various regulatory mechanisms. Water distribution depends primarily
on the concentration of electrolytes in the body compartments and sodium (Na<sup>+</sup>)
plays a major role in maintaining physiologic equilibrium.</paragraph></text>
<effectiveTime value="20060420" />
</section>
</component>
<component>
<section>
<id root="73037FB2-3463-0FD2-A7A6-137C76B5B01A" />
<code code="34067-9" codeSystem="2.16.840.1.113883.6.1" codeSystemName="LOINC" displayName="INDICATIONS &amp; USAGE SECTION" />
<title mediaType="text/x-hl7-title+xml">INDICATIONS AND USAGE</title>
<text><paragraph>Intravenous solutions containing dextrose are indicated for
parenteral replenishment of fluid and minimal carbohydrate calories as required
by the clinical condition of the patient.</paragraph></text>
<effectiveTime value="20060420" />
</section>
</component>
<component>
<section>
<id root="D5B3C1DE-B057-2B87-D2CD-76A72EDE89CC" />
<code code="34070-3" codeSystem="2.16.840.1.113883.6.1" codeSystemName="LOINC" displayName="CONTRAINDICATIONS SECTION" />
<title mediaType="text/x-hl7-title+xml">CONTRAINDICATIONS</title>
<text><paragraph>Dextrose Injection without electrolytes should not be administered
simultaneously with blood through the same infusion set because of the possibility
that pseudoagglutination of red cells may occur.</paragraph></text>
<effectiveTime value="20060420" />
</section>
</component>
<component>
<section>
<id root="BD7723F2-0F81-6818-A86A-E5CC847755C2" />
<code code="34071-1" codeSystem="2.16.840.1.113883.6.1" codeSystemName="LOINC" displayName="WARNINGS SECTION" />
<title mediaType="text/x-hl7-title+xml">WARNINGS</title>
<text><paragraph>Excessive administration of potassium-free solutions may
result in significant hypokalemia.</paragraph><paragraph>	The intravenous
administration of these solutions can cause fluid and/or solute overloading
resulting in dilution of serum electrolyte concentrations, overhydration,
congested states or pulmonary edema.</paragraph><paragraph>	The risk of dilutional
states is inversely proportional to the electrolyte concentrations of administered
parenteral solutions. The risk of solute overload causing congested states
with peripheral and pulmonary edema is directly proportional to the electrolyte
concentrations of such solutions.</paragraph></text>
<effectiveTime value="20060420" />
</section>
</component>
<component>
<section>
<id root="F4C66859-E9DA-C55B-61C9-2901B8B63DF2" />
<code code="42232-9" codeSystem="2.16.840.1.113883.6.1" codeSystemName="LOINC" displayName="PRECAUTIONS SECTION" />
<title mediaType="text/x-hl7-title+xml">PRECAUTIONS</title>
<text><paragraph>Clinical evaluation and periodic laboratory determinations
are necessary to monitor changes in fluid balance, electrolyte concentrations
and acid-base balance during prolonged parenteral therapy or whenever the
condition of the patient warrants such evaluation.</paragraph><paragraph>	Solutions
containing dextrose should be used with caution in patients with known subclinical
or overt diabetes mellitus.</paragraph><paragraph>	Do not administer unless
solution is clear and container is undamaged. Discard unused portion.</paragraph></text>
<effectiveTime value="20060420" />
<component>
<section>
<id root="D0D5F7F3-3790-9F71-0CAC-E8C4DF4CBFEA" />
<code code="34083-6" codeSystem="2.16.840.1.113883.6.1" codeSystemName="LOINC" displayName="CARCINOGENESIS &amp; MUTAGENESIS &amp; IMPAIRMENT OF FERTILITY SECTION" />
<title mediaType="text/x-hl7-title+xml">Carcinogenesis, Mutagenesis, Impairment of Fertility:</title>
<text><paragraph>Studies with Dextrose Injection, USP have not been performed
to evaluate carcinogenic potential, mutagenic potential or effects on fertility.</paragraph></text>
<effectiveTime value="20060420" />
</section>
</component>
<component>
<section>
<id root="A69A79A5-90CE-425E-3A41-48E3FB1DA52C" />
<code code="42228-7" codeSystem="2.16.840.1.113883.6.1" codeSystemName="LOINC" displayName="PREGNANCY SECTION" />
<title mediaType="text/x-hl7-title+xml">Pregnancy:</title>
<text><paragraph><content styleCode="italics">Teratogenic effects</content></paragraph><paragraph><content styleCode="italics">Pregnancy Category C.</content> Animal reproduction studies
have not been conducted with dextrose. It is also not known whether dextrose
can cause fetal harm when administered to a pregnant woman or can affect reproduction
capacity. Dextrose should be given to a pregnant woman only if clearly needed.</paragraph></text>
<effectiveTime value="20060420" />
</section>
</component>
<component>
<section>
<id root="21FE6EF1-A7DA-216F-020C-B5889C7FC950" />
<code code="34080-2" codeSystem="2.16.840.1.113883.6.1" codeSystemName="LOINC" displayName="NURSING MOTHERS SECTION" />
<title mediaType="text/x-hl7-title+xml">Nursing Mothers:</title>
<text><paragraph>Caution should be exercised when Dextrose Injection, USP
is administered to a nursing mother.</paragraph></text>
<effectiveTime value="20060420" />
</section>
</component>
<component>
<section>
<id root="245A4740-733F-8B8F-CB4C-E1740372E3AE" />
<code code="34081-0" codeSystem="2.16.840.1.113883.6.1" codeSystemName="LOINC" displayName="PEDIATRIC USE SECTION" />
<title mediaType="text/x-hl7-title+xml">Pediatric Use:</title>
<text><paragraph>The safety and effectiveness in the pediatric population
are based on the similarity of the clinical conditions of the pediatric and
adult populations. In neonates or very small infants the volume of fluid may
affect fluid and electrolyte balance.</paragraph><paragraph>	Frequent monitoring
of serum glucose concentrations is required when dextrose is prescribed to
pediatric patients, particularly neonates and low birth weight infants.</paragraph><paragraph>	In
very low birth weight infants, excessive or rapid administration of dextrose
injection may result in increased serum osmolarity and possible intracerebral
hemorrhage.</paragraph></text>
<effectiveTime value="20060420" />
</section>
</component>
<component>
<section>
<id root="92DFEE1E-5E46-C1B3-47C1-7B984DD58FC0" />
<code code="34082-8" codeSystem="2.16.840.1.113883.6.1" codeSystemName="LOINC" displayName="GERIATRIC USE SECTION" />
<title mediaType="text/x-hl7-title+xml">Geriatric Use:</title>
<text><paragraph>An evaluation of current literature revealed no clinical
experience identifying differences in response between elderly and younger
patients. In general, dose selection for an elderly patient should be cautious,
usually starting at the low end of the dosing range, reflecting the greater
frequency of decreased hepatic, renal, or cardiac function, and of concomitant
disease or other drug therapy. </paragraph></text>
<effectiveTime value="20060420" />
</section>
</component>
</section>
</component>
<component>
<section>
<id root="46B499AF-4721-4352-8518-E00D352D161C" />
<code code="34084-4" codeSystem="2.16.840.1.113883.6.1" codeSystemName="LOINC" displayName="ADVERSE REACTIONS SECTION" />
<title mediaType="text/x-hl7-title+xml">ADVERSE REACTIONS</title>
<text><paragraph>Reactions which may occur because of the solution or the
technique of administration include febrile response, infection at the site
of injection, venous thrombosis or phlebitis extending from the site of injection,
extravasation and hypervolemia.</paragraph><paragraph>	If an adverse reaction
does occur, discontinue the infusion, evaluate the patient, institute appropriate
therapeutic countermeasures and save the remainder of the fluid for examination
if deemed necessary.</paragraph></text>
<effectiveTime value="20060420" />
</section>
</component>
<component>
<section>
<id root="48825298-17BB-8E0D-19B6-FA0F8F9466A4" />
<code code="34088-5" codeSystem="2.16.840.1.113883.6.1" codeSystemName="LOINC" displayName="OVERDOSAGE SECTION" />
<title mediaType="text/x-hl7-title+xml">OVERDOSAGE</title>
<text><paragraph>In the event of overhydration or solute overload, re-evaluate
the patient and institute appropriate corrective measures. See WARNINGS, PRECAUTIONS,
and ADVERSE REACTIONS.</paragraph></text>
<effectiveTime value="20060420" />
</section>
</component>
<component>
<section>
<id root="E5BBC113-4AE3-CA40-F4AA-FE54D001B749" />
<code code="34068-7" codeSystem="2.16.840.1.113883.6.1" codeSystemName="LOINC" displayName="DOSAGE &amp; ADMINISTRATION SECTION" />
<title mediaType="text/x-hl7-title+xml">DOSAGE AND ADMINISTRATION</title>
<text><paragraph>The dose is dependent upon the age, weight and clinical condition
of the patient.</paragraph><paragraph>	As reported in the literature, the
dosage and constant infusion rate of intravenous dextrose must be selected
with caution in pediatric patients, particularly neonates and low birth weight
infants, because of the increased risk of hyperglycemia/hypoglycemia.</paragraph><paragraph><content styleCode="bold">Drug Interactions</content></paragraph><paragraph>Additives
may be incompatible. Consult with pharmacist, if available. When introducing
additives, use aseptic technique, mix thoroughly and do not store.</paragraph><paragraph>	Parenteral
drug products should be inspected visually for particulate matter and discoloration
prior to administration, whenever solution and container permit. See PRECAUTIONS.</paragraph><paragraph><content styleCode="bold">INSTRUCTIONS FOR USE</content></paragraph><paragraph><content styleCode="bold">To Open:</content></paragraph><paragraph>	Tear outer wrap
at notch and remove solution container. If supplemental medication is desired,
	follow directions below before preparing for administration.</paragraph><paragraph><content styleCode="bold">To Add Medication</content></paragraph><list listType="ordered"><item><paragraph>Prepare additive port.</paragraph></item><item><paragraph>Using aseptic technique and an additive delivery needle of
appropriate length, puncture 	resealable additive port at target area, inner
diaphragm and inject. Withdraw needle after injecting medication.</paragraph></item><item><paragraph>The additive port may be protected by covering with an additive
cap.</paragraph></item><item><paragraph>Mix container contents thoroughly.</paragraph></item></list><paragraph><content styleCode="bold">Preparation for Administration</content></paragraph><paragraph><content styleCode="bold">(Use aseptic technique)</content></paragraph><list listType="ordered"><item><paragraph>Close flow control clamp of administration set.</paragraph></item><item><paragraph>Remove cover from outlet port at bottom of container.</paragraph></item><item><paragraph>Insert piercing pin of administration set into port with
a twisting motion until the set is firmly seated. <content styleCode="bold">NOTE:</content> When using a vented administration set, replace bacterial retentive
air filter with piercing pin cover. Insert piercing pin with twisting motion
until shoulder of air filter 	housing rests against the outlet port flange.</paragraph></item><item><paragraph>Suspend container from hanger.</paragraph></item><item><paragraph>Squeeze and release drip chamber to establish proper fluid
level in chamber.</paragraph></item><item><paragraph>Attach venipuncture device to set.</paragraph></item><item><paragraph>Open clamp to expel air from set and venipuncture device.
Close clamp.</paragraph></item><item><paragraph>Perform venipuncture.</paragraph></item><item><paragraph>Regulate rate of administration with flow control clamp.</paragraph></item></list><paragraph><content styleCode="bold">WARNING: Do not use flexible container
in series connections.</content></paragraph></text>
<effectiveTime value="20060420" />
</section>
</component>
<component>
<section>
<id root="9497B7A0-D836-8970-A615-1852D19A0752" />
<code code="34069-5" codeSystem="2.16.840.1.113883.6.1" codeSystemName="LOINC" displayName="HOW SUPPLIED SECTION" />
<title mediaType="text/x-hl7-title+xml">HOW SUPPLIED</title>
<text><paragraph>Dextrose Injection, USP is supplied in single-dose flexible
plastic containers in various sizes and concentrations as shown in the accompanying
Table.</paragraph><paragraph /><table frame="below"><caption />
<colgroup>
<col />
<col />
<col />
<col />
<col />
<col />
<col />
<col />
<col />
</colgroup>
<tbody>
<tr><td colspan="2" valign="top" /><td colspan="7" valign="top"><paragraph><content styleCode="bold">Container
size (mL)</content></paragraph></td></tr>
<tr><td valign="top"><paragraph><content styleCode="bold">List No. </content></paragraph></td><td valign="top"><paragraph><content styleCode="bold">Product</content></paragraph></td><td valign="top"><paragraph><content styleCode="bold">25</content></paragraph></td><td valign="top"><paragraph><content styleCode="bold">50</content></paragraph></td><td valign="top"><paragraph><content styleCode="bold">100</content></paragraph></td><td valign="top"><paragraph><content styleCode="bold">150</content></paragraph></td><td valign="top"><paragraph><content styleCode="bold">250</content></paragraph></td><td valign="top"><paragraph><content styleCode="bold">500</content></paragraph></td><td valign="top"><paragraph><content styleCode="bold">1000</content></paragraph></td></tr>
<tr><td valign="top"><paragraph>7922</paragraph></td><td valign="top"><paragraph>5% Dextrose Inj., USP</paragraph></td><td valign="top" /><td valign="top" /><td valign="top" /><td valign="top"><paragraph>X</paragraph></td><td valign="top"><paragraph>X</paragraph></td><td valign="top"><paragraph>X</paragraph></td><td valign="top"><paragraph>X</paragraph></td></tr>
<tr><td valign="top"><paragraph>7923</paragraph></td><td valign="top"><paragraph>5% Dextrose Inj., USP</paragraph></td><td valign="top"><paragraph>X</paragraph></td><td valign="top"><paragraph>X</paragraph></td><td valign="top"><paragraph>X</paragraph></td><td valign="top" /><td valign="top" /><td valign="top" /><td valign="top" /></tr>
<tr><td valign="top"><paragraph>7930</paragraph></td><td valign="top"><paragraph>10% Dextrose Inj., USP</paragraph></td><td valign="top" /><td valign="top" /><td valign="top" /><td valign="top" /><td valign="top"><paragraph>X</paragraph></td><td valign="top"><paragraph>X</paragraph></td><td valign="top"><paragraph>X</paragraph></td></tr>
</tbody>
</table><paragraph>Store at 20 to 25&#176;C (68 to 77&#176;F). [See USP Controlled
Room Temperature.] Protect from freezing. U.S. patent 4,344,472 </paragraph><table frame="void"><caption />
<colgroup>
<col />
<col />
<col />
</colgroup>
<tbody>
<tr><td valign="top" /><td valign="top" /><td align="right" valign="top" /></tr>
<tr><td valign="top"><paragraph>&#169;Hospira 2005</paragraph></td><td align="center" valign="top"><paragraph>EN-1072</paragraph></td><td align="right" valign="top"><paragraph>Printed in USA </paragraph></td></tr>
</tbody>
</table><paragraph><content styleCode="italics">HOSPIRA, INC., LAKE FOREST,
IL 60045 USA</content></paragraph></text>
<effectiveTime value="20060420" />
</section>
</component>
</structuredBody>
</component>
</document>
