<?xml version="1.0" encoding="UTF-8"?>
<?xml-stylesheet href="http://www.fda.gov/oc/datacouncil/stylesheets/spl/spl.xsl" type="text/xsl"?><document xmlns="urn:hl7-org:v3" xmlns:voc="http://www.hl7.org/v3/voc" xmlns:xsi="http://www.w3.org/2001/XMLSchema-instance" xsi:schemaLocation="urn:hl7-org:v3 http://www.fda.gov/oc/datacouncil/schemas/spl/spl.xsd">
<id root="A4987159-7590-47A6-BE10-B50557C30FAB" />
<code code="34391-3" codeSystem="2.16.840.1.113883.6.1" codeSystemName="LOINC" displayName="HUMAN PRESCRIPTION DRUG LABELING" />
<title mediaType="text/x-hl7-title+xml">BUMEX<sup>&#174;</sup><br />brand of<br />bumetanide<br />TABLETS</title>
<effectiveTime value="20060511" />
<setId root="A4987159-7590-47A6-BE10-B50557C30FAB" />
<versionNumber value="1" />
<author>
<time />
<assignedEntity>
<representedOrganization>
<name>Roche Pharmaceuticals</name>
</representedOrganization>
</assignedEntity>
</author>
<component>
<structuredBody>
<component>
<section>
<id root="6B2AB927-14AD-CAAD-8054-80BBA6ECAAA9" />
<effectiveTime value="20060511" />
<subject>
<manufacturedProduct>
<manufacturedMedicine>
<code code="0004-0125" codeSystem="2.16.840.1.113883.6.69" />
<name>Bumex</name>
<formCode code="C42998" codeSystem="2.16.840.1.113883.3.26.1.1" displayName="TABLET" />
<activeIngredient>
<quantity>
<numerator unit="mg" value="0.5">
<translation code="C28253" codeSystem="2.16.840.1.113883.3.26.1.1" displayName="MILLIGRAM" value="0.5" />
</numerator>
<denominator value="1">
<translation code="C48542" codeSystem="2.16.840.1.113883.3.26.1.1" displayName="TABLET" value="1" />
</denominator>
</quantity>
<activeIngredientSubstance>
<code code="0Y2S3XUQ5H" codeSystem="2.16.840.1.113883.4.9" codeSystemName="FDA SRS" />
<name>bumetanide</name>
<activeMoiety>
<activeMoiety>
<code code="0Y2S3XUQ5H" codeSystem="2.16.840.1.113883.4.9" codeSystemName="FDA SRS" />
<name>bumetanide</name>
</activeMoiety>
</activeMoiety>
</activeIngredientSubstance>
</activeIngredient>
<asEntityWithGeneric>
<genericMedicine>
<name>bumetanide</name>
</genericMedicine>
</asEntityWithGeneric>
<inactiveIngredient>
<inactiveIngredientSubstance>
<name>lactose</name>
</inactiveIngredientSubstance>
</inactiveIngredient>
<inactiveIngredient>
<inactiveIngredientSubstance>
<code code="70097M6I30" codeSystem="2.16.840.1.113883.4.9" codeSystemName="FDA SRS" />
<name>magnesium stearate</name>
</inactiveIngredientSubstance>
</inactiveIngredient>
<inactiveIngredient>
<inactiveIngredientSubstance>
<name>microcrystalline cellulose</name>
</inactiveIngredientSubstance>
</inactiveIngredient>
<inactiveIngredient>
<inactiveIngredientSubstance>
<name>cornstarch</name>
</inactiveIngredientSubstance>
</inactiveIngredient>
<inactiveIngredient>
<inactiveIngredientSubstance>
<code code="7SEV7J4R1U" codeSystem="2.16.840.1.113883.4.9" codeSystemName="FDA SRS" />
<name>talc</name>
</inactiveIngredientSubstance>
</inactiveIngredient>
<inactiveIngredient>
<inactiveIngredientSubstance>
<name>D&amp;C Yellow No. 10</name>
</inactiveIngredientSubstance>
</inactiveIngredient>
<inactiveIngredient>
<inactiveIngredientSubstance>
<name>FD&amp;C Blue No. 1</name>
</inactiveIngredientSubstance>
</inactiveIngredient>
<asContent>
<quantity>
<numerator value="100">
<translation code="C48542" codeSystem="2.16.840.1.113883.3.26.1.1" displayName="TABLET" value="100" />
</numerator>
<denominator value="1">
<translation value="1" />
</denominator>
</quantity>
<containerPackagedMedicine>
<code />
<formCode code="C43173" codeSystem="2.16.840.1.113883.3.26.1.1" displayName="BOTTLE, PLASTIC" />
<asContent>
<quantity>
<numerator value="1">
<translation code="C48477" codeSystem="2.16.840.1.113883.3.26.1.1" displayName="BOTTLE" value="1" />
</numerator>
<denominator value="1">
<translation value="1" />
</denominator>
</quantity>
<containerPackagedMedicine>
<code code="0004-0125-01" codeSystem="2.16.840.1.113883.6.69" />
<formCode code="C43178" codeSystem="2.16.840.1.113883.3.26.1.1" displayName="BOX" />
</containerPackagedMedicine>
</asContent>
</containerPackagedMedicine>
</asContent>
<asContent>
<quantity>
<numerator value="5000">
<translation code="C48542" codeSystem="2.16.840.1.113883.3.26.1.1" displayName="TABLET" value="5000" />
</numerator>
<denominator value="1">
<translation value="1" />
</denominator>
</quantity>
<containerPackagedMedicine>
<code />
<formCode code="C43173" codeSystem="2.16.840.1.113883.3.26.1.1" displayName="BOTTLE, PLASTIC" />
<asContent>
<quantity>
<numerator value="1">
<translation code="C48477" codeSystem="2.16.840.1.113883.3.26.1.1" displayName="BOTTLE" value="1" />
</numerator>
<denominator value="1">
<translation value="1" />
</denominator>
</quantity>
<containerPackagedMedicine>
<code code="0004-0125-11" codeSystem="2.16.840.1.113883.6.69" />
<formCode code="C43178" codeSystem="2.16.840.1.113883.3.26.1.1" displayName="BOX" />
</containerPackagedMedicine>
</asContent>
</containerPackagedMedicine>
</asContent>
</manufacturedMedicine>
<subjectOf>
<characteristic classCode="OBS">
<code code="SPLCOLOR" codeSystem="2.16.840.1.113883.1.11.19255" />
<value code="C48329" codeSystem="2.16.840.1.113883.3.26.1.1" displayName="GREEN" xsi:type="CE"><originalText>light green</originalText></value>
</characteristic>
</subjectOf>
<subjectOf>
<characteristic classCode="OBS">
<code code="SPLSCORE" codeSystem="2.16.840.1.113883.1.11.19255" />
<value value="2" xsi:type="INT" />
</characteristic>
</subjectOf>
<subjectOf>
<characteristic classCode="OBS">
<code code="SPLSHAPE" codeSystem="2.16.840.1.113883.1.11.19255" />
<value code="C48345" codeSystem="2.16.840.1.113883.3.26.1.1" displayName="OVAL" xsi:type="CE"><originalText /></value>
</characteristic>
</subjectOf>
<subjectOf>
<characteristic classCode="OBS">
<code code="SPLSIZE" codeSystem="2.16.840.1.113883.1.11.19255" />
<value unit="mm" value="11" xsi:type="PQ" />
</characteristic>
</subjectOf>
<subjectOf>
<characteristic classCode="OBS">
<code code="SPLCOATING" codeSystem="2.16.840.1.113883.1.11.19255" />
<value value="false" xsi:type="BL" />
</characteristic>
</subjectOf>
<subjectOf>
<characteristic classCode="OBS">
<code code="SPLSYMBOL" codeSystem="2.16.840.1.113883.1.11.19255" />
<value value="false" xsi:type="BL" />
</characteristic>
</subjectOf>
<subjectOf>
<characteristic classCode="OBS">
<code code="SPLIMPRINT" codeSystem="2.16.840.1.113883.1.11.19255" />
<value xsi:type="ST">ROCHE;BUMEX;0.5</value>
</characteristic>
</subjectOf>
<consumedIn>
<substanceAdministration>
<routeCode code="C38288" codeSystem="2.16.840.1.113883.3.26.1.1" displayName="ORAL" />
</substanceAdministration>
</consumedIn>
</manufacturedProduct>
</subject>
<subject>
<manufacturedProduct>
<manufacturedMedicine>
<code code="0004-0121" codeSystem="2.16.840.1.113883.6.69" />
<name>Bumex</name>
<formCode code="C42998" codeSystem="2.16.840.1.113883.3.26.1.1" displayName="TABLET" />
<activeIngredient>
<quantity>
<numerator unit="mg" value="1">
<translation code="C28253" codeSystem="2.16.840.1.113883.3.26.1.1" displayName="MILLIGRAM" value="1" />
</numerator>
<denominator value="1">
<translation code="C48542" codeSystem="2.16.840.1.113883.3.26.1.1" displayName="TABLET" value="1" />
</denominator>
</quantity>
<activeIngredientSubstance>
<code code="0Y2S3XUQ5H" codeSystem="2.16.840.1.113883.4.9" codeSystemName="FDA SRS" />
<name>bumetanide</name>
<activeMoiety>
<activeMoiety>
<code code="0Y2S3XUQ5H" codeSystem="2.16.840.1.113883.4.9" codeSystemName="FDA SRS" />
<name>bumetanide</name>
</activeMoiety>
</activeMoiety>
</activeIngredientSubstance>
</activeIngredient>
<asEntityWithGeneric>
<genericMedicine>
<name>bumetanide</name>
</genericMedicine>
</asEntityWithGeneric>
<inactiveIngredient>
<inactiveIngredientSubstance>
<name>lactose</name>
</inactiveIngredientSubstance>
</inactiveIngredient>
<inactiveIngredient>
<inactiveIngredientSubstance>
<code code="70097M6I30" codeSystem="2.16.840.1.113883.4.9" codeSystemName="FDA SRS" />
<name>magnesium stearate</name>
</inactiveIngredientSubstance>
</inactiveIngredient>
<inactiveIngredient>
<inactiveIngredientSubstance>
<name>microcrystalline cellulose</name>
</inactiveIngredientSubstance>
</inactiveIngredient>
<inactiveIngredient>
<inactiveIngredientSubstance>
<name>cornstarch</name>
</inactiveIngredientSubstance>
</inactiveIngredient>
<inactiveIngredient>
<inactiveIngredientSubstance>
<code code="7SEV7J4R1U" codeSystem="2.16.840.1.113883.4.9" codeSystemName="FDA SRS" />
<name>talc</name>
</inactiveIngredientSubstance>
</inactiveIngredient>
<inactiveIngredient>
<inactiveIngredientSubstance>
<name>D&amp;C Yellow No. 10</name>
</inactiveIngredientSubstance>
</inactiveIngredient>
<asContent>
<quantity>
<numerator value="100">
<translation code="C48542" codeSystem="2.16.840.1.113883.3.26.1.1" displayName="TABLET" value="100" />
</numerator>
<denominator value="1">
<translation value="1" />
</denominator>
</quantity>
<containerPackagedMedicine>
<code />
<formCode code="C43173" codeSystem="2.16.840.1.113883.3.26.1.1" displayName="BOTTLE, PLASTIC" />
<asContent>
<quantity>
<numerator value="1">
<translation code="C48477" codeSystem="2.16.840.1.113883.3.26.1.1" displayName="BOTTLE" value="1" />
</numerator>
<denominator value="1">
<translation value="1" />
</denominator>
</quantity>
<containerPackagedMedicine>
<code code="0004-0121-01" codeSystem="2.16.840.1.113883.6.69" />
<formCode code="C43178" codeSystem="2.16.840.1.113883.3.26.1.1" displayName="BOX" />
</containerPackagedMedicine>
</asContent>
</containerPackagedMedicine>
</asContent>
<asContent>
<quantity>
<numerator value="500">
<translation code="C48542" codeSystem="2.16.840.1.113883.3.26.1.1" displayName="TABLET" value="500" />
</numerator>
<denominator value="1">
<translation value="1" />
</denominator>
</quantity>
<containerPackagedMedicine>
<code />
<formCode code="C43173" codeSystem="2.16.840.1.113883.3.26.1.1" displayName="BOTTLE, PLASTIC" />
<asContent>
<quantity>
<numerator value="1">
<translation code="C48477" codeSystem="2.16.840.1.113883.3.26.1.1" displayName="BOTTLE" value="1" />
</numerator>
<denominator value="1">
<translation value="1" />
</denominator>
</quantity>
<containerPackagedMedicine>
<code code="0004-0121-14" codeSystem="2.16.840.1.113883.6.69" />
<formCode code="C43178" codeSystem="2.16.840.1.113883.3.26.1.1" displayName="BOX" />
</containerPackagedMedicine>
</asContent>
</containerPackagedMedicine>
</asContent>
<asContent>
<quantity>
<numerator value="5000">
<translation code="C48542" codeSystem="2.16.840.1.113883.3.26.1.1" displayName="TABLET" value="5000" />
</numerator>
<denominator value="1">
<translation value="1" />
</denominator>
</quantity>
<containerPackagedMedicine>
<code />
<formCode code="C43173" codeSystem="2.16.840.1.113883.3.26.1.1" displayName="BOTTLE, PLASTIC" />
<asContent>
<quantity>
<numerator value="1">
<translation code="C48477" codeSystem="2.16.840.1.113883.3.26.1.1" displayName="BOTTLE" value="1" />
</numerator>
<denominator value="1">
<translation value="1" />
</denominator>
</quantity>
<containerPackagedMedicine>
<code code="0004-0121-11" codeSystem="2.16.840.1.113883.6.69" />
<formCode code="C43178" codeSystem="2.16.840.1.113883.3.26.1.1" displayName="BOX" />
</containerPackagedMedicine>
</asContent>
</containerPackagedMedicine>
</asContent>
</manufacturedMedicine>
<subjectOf>
<characteristic classCode="OBS">
<code code="SPLCOLOR" codeSystem="2.16.840.1.113883.1.11.19255" />
<value code="C48330" codeSystem="2.16.840.1.113883.3.26.1.1" displayName="YELLOW" xsi:type="CE"><originalText /></value>
</characteristic>
</subjectOf>
<subjectOf>
<characteristic classCode="OBS">
<code code="SPLSCORE" codeSystem="2.16.840.1.113883.1.11.19255" />
<value value="2" xsi:type="INT" />
</characteristic>
</subjectOf>
<subjectOf>
<characteristic classCode="OBS">
<code code="SPLSHAPE" codeSystem="2.16.840.1.113883.1.11.19255" />
<value code="C48345" codeSystem="2.16.840.1.113883.3.26.1.1" displayName="OVAL" xsi:type="CE"><originalText /></value>
</characteristic>
</subjectOf>
<subjectOf>
<characteristic classCode="OBS">
<code code="SPLSIZE" codeSystem="2.16.840.1.113883.1.11.19255" />
<value unit="mm" value="11" xsi:type="PQ" />
</characteristic>
</subjectOf>
<subjectOf>
<characteristic classCode="OBS">
<code code="SPLCOATING" codeSystem="2.16.840.1.113883.1.11.19255" />
<value value="false" xsi:type="BL" />
</characteristic>
</subjectOf>
<subjectOf>
<characteristic classCode="OBS">
<code code="SPLSYMBOL" codeSystem="2.16.840.1.113883.1.11.19255" />
<value value="false" xsi:type="BL" />
</characteristic>
</subjectOf>
<subjectOf>
<characteristic classCode="OBS">
<code code="SPLIMPRINT" codeSystem="2.16.840.1.113883.1.11.19255" />
<value xsi:type="ST">ROCHE;BUMEX;1</value>
</characteristic>
</subjectOf>
<consumedIn>
<substanceAdministration>
<routeCode code="C38288" codeSystem="2.16.840.1.113883.3.26.1.1" displayName="ORAL" />
</substanceAdministration>
</consumedIn>
</manufacturedProduct>
</subject>
<subject>
<manufacturedProduct>
<manufacturedMedicine>
<code code="0004-0162" codeSystem="2.16.840.1.113883.6.69" />
<name>Bumex</name>
<formCode code="C42998" codeSystem="2.16.840.1.113883.3.26.1.1" displayName="TABLET" />
<activeIngredient>
<quantity>
<numerator unit="mg" value="2">
<translation code="C28253" codeSystem="2.16.840.1.113883.3.26.1.1" displayName="MILLIGRAM" value="2" />
</numerator>
<denominator value="1">
<translation code="C48542" codeSystem="2.16.840.1.113883.3.26.1.1" displayName="TABLET" value="1" />
</denominator>
</quantity>
<activeIngredientSubstance>
<code code="0Y2S3XUQ5H" codeSystem="2.16.840.1.113883.4.9" codeSystemName="FDA SRS" />
<name>bumetanide</name>
<activeMoiety>
<activeMoiety>
<code code="0Y2S3XUQ5H" codeSystem="2.16.840.1.113883.4.9" codeSystemName="FDA SRS" />
<name>bumetanide</name>
</activeMoiety>
</activeMoiety>
</activeIngredientSubstance>
</activeIngredient>
<asEntityWithGeneric>
<genericMedicine>
<name>bumetanide</name>
</genericMedicine>
</asEntityWithGeneric>
<inactiveIngredient>
<inactiveIngredientSubstance>
<name>lactose</name>
</inactiveIngredientSubstance>
</inactiveIngredient>
<inactiveIngredient>
<inactiveIngredientSubstance>
<code code="70097M6I30" codeSystem="2.16.840.1.113883.4.9" codeSystemName="FDA SRS" />
<name>magnesium stearate</name>
</inactiveIngredientSubstance>
</inactiveIngredient>
<inactiveIngredient>
<inactiveIngredientSubstance>
<name>microcrystalline cellulose</name>
</inactiveIngredientSubstance>
</inactiveIngredient>
<inactiveIngredient>
<inactiveIngredientSubstance>
<name>cornstarch</name>
</inactiveIngredientSubstance>
</inactiveIngredient>
<inactiveIngredient>
<inactiveIngredientSubstance>
<code code="7SEV7J4R1U" codeSystem="2.16.840.1.113883.4.9" codeSystemName="FDA SRS" />
<name> talc</name>
</inactiveIngredientSubstance>
</inactiveIngredient>
<inactiveIngredient>
<inactiveIngredientSubstance>
<name>red iron oxide</name>
</inactiveIngredientSubstance>
</inactiveIngredient>
<asContent>
<quantity>
<numerator value="100">
<translation code="C48542" codeSystem="2.16.840.1.113883.3.26.1.1" displayName="TABLET" value="100" />
</numerator>
<denominator value="1">
<translation value="1" />
</denominator>
</quantity>
<containerPackagedMedicine>
<code />
<formCode code="C43173" codeSystem="2.16.840.1.113883.3.26.1.1" displayName="BOTTLE, PLASTIC" />
<asContent>
<quantity>
<numerator value="1">
<translation code="C48477" codeSystem="2.16.840.1.113883.3.26.1.1" displayName="BOTTLE" value="1" />
</numerator>
<denominator value="1">
<translation value="1" />
</denominator>
</quantity>
<containerPackagedMedicine>
<code code="0004-0162-01" codeSystem="2.16.840.1.113883.6.69" />
<formCode code="C43178" codeSystem="2.16.840.1.113883.3.26.1.1" displayName="BOX" />
</containerPackagedMedicine>
</asContent>
</containerPackagedMedicine>
</asContent>
<asContent>
<quantity>
<numerator value="5000">
<translation code="C48542" codeSystem="2.16.840.1.113883.3.26.1.1" displayName="TABLET" value="5000" />
</numerator>
<denominator value="1">
<translation value="1" />
</denominator>
</quantity>
<containerPackagedMedicine>
<code />
<formCode code="C43173" codeSystem="2.16.840.1.113883.3.26.1.1" displayName="BOTTLE, PLASTIC" />
<asContent>
<quantity>
<numerator value="1">
<translation code="C48477" codeSystem="2.16.840.1.113883.3.26.1.1" displayName="BOTTLE" value="1" />
</numerator>
<denominator value="1">
<translation value="1" />
</denominator>
</quantity>
<containerPackagedMedicine>
<code code="0004-0162-11" codeSystem="2.16.840.1.113883.6.69" />
<formCode code="C43178" codeSystem="2.16.840.1.113883.3.26.1.1" displayName="BOX" />
</containerPackagedMedicine>
</asContent>
</containerPackagedMedicine>
</asContent>
</manufacturedMedicine>
<subjectOf>
<characteristic classCode="OBS">
<code code="SPLCOLOR" codeSystem="2.16.840.1.113883.1.11.19255" />
<value code="C48328" codeSystem="2.16.840.1.113883.3.26.1.1" displayName="PINK" xsi:type="CE"><originalText>peach</originalText></value>
</characteristic>
</subjectOf>
<subjectOf>
<characteristic classCode="OBS">
<code code="SPLSCORE" codeSystem="2.16.840.1.113883.1.11.19255" />
<value value="2" xsi:type="INT" />
</characteristic>
</subjectOf>
<subjectOf>
<characteristic classCode="OBS">
<code code="SPLSHAPE" codeSystem="2.16.840.1.113883.1.11.19255" />
<value code="C48345" codeSystem="2.16.840.1.113883.3.26.1.1" displayName="OVAL" xsi:type="CE"><originalText /></value>
</characteristic>
</subjectOf>
<subjectOf>
<characteristic classCode="OBS">
<code code="SPLSIZE" codeSystem="2.16.840.1.113883.1.11.19255" />
<value unit="mm" value="13" xsi:type="PQ" />
</characteristic>
</subjectOf>
<subjectOf>
<characteristic classCode="OBS">
<code code="SPLCOATING" codeSystem="2.16.840.1.113883.1.11.19255" />
<value value="false" xsi:type="BL" />
</characteristic>
</subjectOf>
<subjectOf>
<characteristic classCode="OBS">
<code code="SPLSYMBOL" codeSystem="2.16.840.1.113883.1.11.19255" />
<value value="false" xsi:type="BL" />
</characteristic>
</subjectOf>
<subjectOf>
<characteristic classCode="OBS">
<code code="SPLIMPRINT" codeSystem="2.16.840.1.113883.1.11.19255" />
<value xsi:type="ST">ROCHE;BUMEX;2</value>
</characteristic>
</subjectOf>
<consumedIn>
<substanceAdministration>
<routeCode code="C38288" codeSystem="2.16.840.1.113883.3.26.1.1" displayName="ORAL" />
</substanceAdministration>
</consumedIn>
</manufacturedProduct>
</subject>
</section>
</component>
<component>
<section>
<id root="93F6725A-3C4F-5399-54C4-9A8E1B1DAEBD" />
<code code="34066-1" codeSystem="2.16.840.1.113883.6.1" codeSystemName="LOINC" displayName="BOXED WARNING SECTION" />
<title mediaType="text/x-hl7-title+xml">WARNING</title>
<text><paragraph>Bumex (bumetanide) is a potent diuretic which, if given in excessive amounts, can lead to a profound diuresis with water and electrolyte depletion. Therefore, careful medical supervision is required, and dose and dosage schedule have to be adjusted to the individual patient's needs (see <linkHtml href="#DOSAGE">DOSAGE AND ADMINISTRATION</linkHtml>).</paragraph></text>
<effectiveTime value="20060511" />
</section>
</component>
<component>
<section>
<id root="DD4D8A70-AD51-E13E-80AC-3E615E6C2B84" />
<code code="34089-3" codeSystem="2.16.840.1.113883.6.1" codeSystemName="LOINC" displayName="DESCRIPTION SECTION" />
<title mediaType="text/x-hl7-title+xml">DESCRIPTION</title>
<text><paragraph>Bumex<sup>&#174;</sup> (bumetanide) is a loop diuretic, available as scored tablets, 0.5 mg (light green), 1 mg (yellow) and 2 mg (peach) for oral administration; each tablet also contains lactose, magnesium stearate, microcrystalline cellulose, cornstarch and talc, with the following dye systems: 0.5 mg&#8212;D&amp;C Yellow No. 10 and FD&amp;C Blue No. 1; 1 mg&#8212;D&amp;C Yellow No. 10; 2 mg&#8212;red iron oxide.</paragraph><paragraph>Chemically, bumetanide is 3-(butylamino)-4-phenoxy-5-sulfamoylbenzoic acid. It is a practically white powder having a calculated molecular weight of 364.41, and the following structural formula:</paragraph><paragraph><renderMultiMedia referencedObject="MM1" /></paragraph></text>
<effectiveTime value="20060511" />
<component>
<observationMedia ID="MM1">
<value mediaType="image/jpeg" xsi:type="ED"><reference value="bumex-image01.jpg" /></value>
</observationMedia>
</component>
</section>
</component>
<component>
<section>
<id root="23A35342-1BAC-19DA-65F2-7F98BDF9897A" />
<code code="34090-1" codeSystem="2.16.840.1.113883.6.1" codeSystemName="LOINC" displayName="CLINICAL PHARMACOLOGY SECTION" />
<title mediaType="text/x-hl7-title+xml">CLINICAL PHARMACOLOGY</title>
<text><paragraph>Bumex is a loop diuretic with a rapid onset and short duration of action. Pharmacological and clinical studies have shown that 1 mg Bumex has a diuretic potency equivalent to approximately 40 mg furosemide. The major site of Bumex action is the ascending limb of the loop of Henle.</paragraph><paragraph>The mode of action has been determined through various clearance studies in both humans and experimental animals. Bumex inhibits sodium reabsorption in the ascending limb of the loop of Henle, as shown by marked reduction of free-water clearance (CH<sub>2</sub>O) during hydration and tubular free-water reabsorption (T<sup>C</sup>H<sub>2</sub>O) during hydropenia. Reabsorption of chloride in the ascending limb is also blocked by Bumex, and Bumex is somewhat more chloruretic than natriuretic.</paragraph><paragraph>Potassium excretion is also increased by Bumex, in a dose-related fashion.</paragraph><paragraph>Bumex may have an additional action in the proximal tubule. Since phosphate reabsorption takes place largely in the proximal tubule, phosphaturia during Bumex induced diuresis is indicative of this additional action. This is further supported by the reduction in the renal clearance of Bumex by probenecid, associated with diminution in the natriuretic response. This proximal tubular activity does not seem to be related to an inhibition of carbonic anhydrase. Bumex does not appear to have a noticeable action on the distal tubule.</paragraph><paragraph>Bumex decreases uric acid excretion and increases serum uric acid. Following oral administration of Bumex the onset of diuresis occurs in 30 to 60 minutes. Peak activity is reached between 1 and 2 hours. At usual doses (1 mg to 2 mg) diuresis is largely complete within 4 hours; with higher doses, the diuretic action lasts for 4 to 6 hours. Diuresis starts within minutes following an intravenous injection and reaches maximum levels within 15 to 30 minutes.</paragraph><paragraph>Several pharmacokinetic studies have shown that bumetanide, administered orally or parenterally, is eliminated rapidly in humans, with a half-life of between 1 and 1&#189; hours. Plasma protein-binding is in the range of 94% to 96%.</paragraph><paragraph>Oral administration of carbon-14 labeled Bumex to human volunteers revealed that 81% of the administered radioactivity was excreted in the urine, 45% of it as unchanged drug. Urinary and biliary metabolites identified in this study were formed by oxidation of the N-butyl side chain. Biliary excretion of Bumex amounted to only 2% of the administered dose.</paragraph></text>
<effectiveTime value="20060511" />
<component>
<section ID="C_pharmacology">
<id root="AE10A4B4-4131-E581-A54B-CB71329978D0" />
<code code="42229-5" codeSystem="2.16.840.1.113883.6.1" codeSystemName="LOINC" displayName="SPL UNCLASSIFIED SECTION" />
<title mediaType="text/x-hl7-title+xml">Pediatric Pharmacology</title>
<text><paragraph>Elimination of bumetanide appears to be considerably slower in neonatal patients compared with adults, possibly because of immature renal and hepatobiliary function in this population. Small pharmacokinetic studies of intravenous bumetanide in preterm and full-term neonates with respiratory disorders have reported an apparent half-life of approximately 6 hours, with a range up to 15 hours and a serum clearance ranging from 0.2 to 1.1 mL/min/kg. In a population of neonates receiving bumetanide for volume overload, mean serum clearance rates were 2.17 mL/min/kg in patients less than 2 months of age and 3.8 mL/min/kg in patients aged 2 to 6 months. Mean serum half-life of bumetanide was 2.5 hours and 1.5 hours in patients aged less than 2 months and those aged 2 to 6 months, respectively. Elimination half-life decreased considerably during the first month of life, from a mean of approximately 6 hours at birth to approximately 2.4 hours at 1 month of age.</paragraph><paragraph>In preterm neonates, mean serum concentrations following a single 0.05 mg/kg dose ranged from 126 mcg/L at 1 hour to 57 mcg/L at 8 hours. In another study, mean serum concentrations following a single 0.05 mg/kg dose were 338 ng/mL at 30 minutes and 176 ng/mL after 4 hours. A single dose of 0.1 mg/kg produced mean serum levels of 314 ng/mL at 1 hour, and 195 ng/mL at 6 hours. Mean volume of distribution in neonates and infants has been reported to range from 0.26 L/kg to 0.39 L/kg.</paragraph><paragraph>The degree of protein binding of bumetanide in cord sera from healthy neonates was approximately 97%, suggesting the potential for bilirubin displacement. A study using pooled sera from critically ill neonates found that bumetanide at concentrations of 0.5 to 50 mcg/mL, but not 0.25 mcg/mL, caused a linear increase in unbound bilirubin concentrations.</paragraph><paragraph>In 56 infants aged 4 days to 6 months, bumetanide doses ranging from 0.005 mg/kg to 0.1 mg/kg were studied for pharmacodynamic effect. Peak bumetanide excretion rates increased linearly with increasing doses of drug. Maximal diuretic effect was observed at a bumetanide excretion rate of about 7 mcg/kg/hr, corresponding to doses of 0.035 to 0.040 mg/kg. Higher doses produced a higher bumetanide excretion rate but no increase in diuretic effect. Urine flow rate peaked during the first hour after drug administration in 80% of patients and by 3 hours in all patients.</paragraph></text>
<effectiveTime value="20060511" />
</section>
</component>
<component>
<section>
<id root="609A7844-B587-368C-E99A-F30DA25DD1D6" />
<code code="42229-5" codeSystem="2.16.840.1.113883.6.1" codeSystemName="LOINC" displayName="SPL UNCLASSIFIED SECTION" />
<title mediaType="text/x-hl7-title+xml">Geriatric Pharmacology</title>
<text><paragraph>In a group of ten geriatric subjects between the ages of 65 and 73 years, total bumetanide clearance was significantly lower (1.8 &#177; 0.3 mL/min&#183;kg) compared with younger subjects (2.9 &#177; 0.2 mL/min&#183;kg) after a single oral bumetanide 0.5 mg dose. Maximum plasma concentrations were higher in geriatric subjects (16.9 &#177; 1.8 ng/mL) compared with younger subjects (10.3 &#177; 1.5 ng/mL). Urine flow rate and total excretion of sodium and potassium were increased less in the geriatric subjects compared with younger subjects, although potassium excretion and fractional sodium excretion were similar between the two age groups. Nonrenal clearance, bioavailability, and volume of distribution were not significantly different between the two groups.</paragraph></text>
<effectiveTime value="20060511" />
</section>
</component>
</section>
</component>
<component>
<section>
<id root="0E7E4AE0-A872-8C6F-20D7-185AE17B9144" />
<code code="34067-9" codeSystem="2.16.840.1.113883.6.1" codeSystemName="LOINC" displayName="INDICATIONS &amp; USAGE SECTION" />
<title mediaType="text/x-hl7-title+xml">INDICATIONS AND USAGE</title>
<text><paragraph>Bumex is indicated for the treatment of edema associated with congestive heart failure, hepatic and renal disease, including the nephrotic syndrome.</paragraph><paragraph>Almost equal diuretic response occurs after oral and parenteral administration of bumetanide. Therefore, if impaired gastrointestinal absorption is suspected or oral administration is not practical, bumetanide should be given by the intramuscular or intravenous route.</paragraph><paragraph>Successful treatment with Bumex following instances of allergic reactions to furosemide suggests a lack of cross-sensitivity.</paragraph></text>
<effectiveTime value="20060511" />
</section>
</component>
<component>
<section>
<id root="ECFDCE96-03D9-51DB-B9D7-E64522648331" />
<code code="34070-3" codeSystem="2.16.840.1.113883.6.1" codeSystemName="LOINC" displayName="CONTRAINDICATIONS SECTION" />
<title mediaType="text/x-hl7-title+xml">CONTRAINDICATIONS</title>
<text><paragraph>Bumex is contraindicated in anuria. Although Bumex can be used to induce diuresis in renal insufficiency, any marked increase in blood urea nitrogen or creatinine, or the development of oliguria during therapy of patients with progressive renal disease, is an indication for discontinuation of treatment with Bumex. Bumex is also contraindicated in patients in hepatic coma or in states of severe electrolyte depletion until the condition is improved or corrected. Bumex is contraindicated in patients hypersensitive to this drug.</paragraph></text>
<effectiveTime value="20060511" />
</section>
</component>
<component>
<section>
<id root="F664E0F1-51A6-ED36-9EE5-5C3294D67B5B" />
<code code="34071-1" codeSystem="2.16.840.1.113883.6.1" codeSystemName="LOINC" displayName="WARNINGS SECTION" />
<title mediaType="text/x-hl7-title+xml">WARNINGS</title>
<effectiveTime value="20060511" />
<component>
<section>
<id root="E2227CAE-6B53-F556-DEC8-606472A70369" />
<code code="42229-5" codeSystem="2.16.840.1.113883.6.1" codeSystemName="LOINC" displayName="SPL UNCLASSIFIED SECTION" />
<title mediaType="text/x-hl7-title+xml">Volume and Electrolyte Depletion</title>
<text><paragraph>The dose of Bumex should be adjusted to the patient's need. Excessive doses or too frequent administration can lead to profound water loss, electrolyte depletion, dehydration, reduction in blood volume and circulatory collapse with the possibility of vascular thrombosis and embolism, particularly in elderly patients.</paragraph></text>
<effectiveTime value="20060511" />
</section>
</component>
<component>
<section>
<id root="5103DF63-21F4-41AD-01C6-500288E8D602" />
<code code="42229-5" codeSystem="2.16.840.1.113883.6.1" codeSystemName="LOINC" displayName="SPL UNCLASSIFIED SECTION" />
<title mediaType="text/x-hl7-title+xml">Hypokalemia</title>
<text><paragraph>Hypokalemia can occur as a consequence of Bumex administration. Prevention of hypokalemia requires particular attention in the following conditions: patients receiving digitalis and diuretics for congestive heart failure, hepatic cirrhosis and ascites, states of aldosterone excess with normal renal function, potassium-losing nephropathy, certain diarrheal states, or other states where hypokalemia is thought to represent particular added risks to the patient, ie, history of ventricular arrhythmias.</paragraph><paragraph>In patients with hepatic cirrhosis and ascites, sudden alterations of electrolyte balance may precipitate hepatic encephalopathy and coma. Treatment in such patients is best initiated in the hospital with small doses and careful monitoring of the patient's clinical status and electrolyte balance. Supplemental potassium and/or spironolactone may prevent hypokalemia and metabolic alkalosis in these patients.</paragraph></text>
<effectiveTime value="20060511" />
</section>
</component>
<component>
<section>
<id root="93F5C133-5FD2-6105-FFFC-2C2F47C1F355" />
<code code="42229-5" codeSystem="2.16.840.1.113883.6.1" codeSystemName="LOINC" displayName="SPL UNCLASSIFIED SECTION" />
<title mediaType="text/x-hl7-title+xml">Ototoxicity</title>
<text><paragraph>In cats, dogs and guinea pigs, bumetanide has been shown to produce ototoxicity. In these test animals bumetanide was 5 to 6 times more potent than furosemide and, since the diuretic potency of bumetanide is about 40 to 60 times furosemide, it is anticipated that blood levels necessary to produce ototoxicity will rarely be achieved. The potential exists, however, and must be considered a risk of intravenous therapy, especially at high doses, repeated frequently in the face of renal excretory function impairment. Potentiation of aminoglycoside ototoxicity has not been tested for bumetanide. Like other members of this class of diuretics, bumetanide probably shares this risk.</paragraph></text>
<effectiveTime value="20060511" />
</section>
</component>
<component>
<section>
<id root="A7DEDC0A-2CDD-CEBF-04A7-C51F2747D390" />
<code code="42229-5" codeSystem="2.16.840.1.113883.6.1" codeSystemName="LOINC" displayName="SPL UNCLASSIFIED SECTION" />
<title mediaType="text/x-hl7-title+xml">Allergy to Sulfonamides</title>
<text><paragraph>Patients allergic to sulfonamides may show hypersensitivity to Bumex.</paragraph></text>
<effectiveTime value="20060511" />
</section>
</component>
<component>
<section>
<id root="2F7562D1-3843-32AD-34A5-EE24E208F4F8" />
<code code="42229-5" codeSystem="2.16.840.1.113883.6.1" codeSystemName="LOINC" displayName="SPL UNCLASSIFIED SECTION" />
<title mediaType="text/x-hl7-title+xml">Thrombocytopenia</title>
<text><paragraph>Since there have been rare spontaneous reports of thrombocytopenia from postmarketing experience, patients should be observed regularly for possible occurrence of thrombocytopenia.</paragraph></text>
<effectiveTime value="20060511" />
</section>
</component>
</section>
</component>
<component>
<section>
<id root="0A3AED75-F622-5A96-D1B6-F7D5AD27386A" />
<code code="42232-9" codeSystem="2.16.840.1.113883.6.1" codeSystemName="LOINC" displayName="PRECAUTIONS SECTION" />
<title mediaType="text/x-hl7-title+xml">PRECAUTIONS</title>
<effectiveTime value="20060511" />
<component>
<section>
<id root="61A1430E-41D8-5CA0-EE32-42EC670D829D" />
<code code="34072-9" codeSystem="2.16.840.1.113883.6.1" codeSystemName="LOINC" displayName="GENERAL PRECAUTIONS SECTION" />
<title mediaType="text/x-hl7-title+xml">General</title>
<text><paragraph>Serum potassium should be measured periodically and potassium supplements or potassium-sparing diuretics added if necessary. Periodic determinations of other electrolytes are advised in patients treated with high doses or for prolonged periods, particularly in those on low-salt diets.</paragraph><paragraph>Hyperuricemia may occur; it has been asymptomatic in cases reported to date. Reversible elevations of the BUN and creatinine may also occur, especially in association with dehydration and particularly in patients with renal insufficiency. Bumex may increase urinary calcium excretion with resultant hypocalcemia.</paragraph><paragraph>Diuretics have been shown to increase the urinary excretion of magnesium; this may result in hypomagnesemia.</paragraph></text>
<effectiveTime value="20060511" />
</section>
</component>
<component>
<section>
<id root="C3F8A9F6-4C9A-9C50-1773-B4EDED1C3E85" />
<code code="34075-2" codeSystem="2.16.840.1.113883.6.1" codeSystemName="LOINC" displayName="LABORATORY TESTS SECTION" />
<title mediaType="text/x-hl7-title+xml">Laboratory Tests</title>
<text><paragraph>Studies in normal subjects receiving Bumex revealed no adverse effects on glucose tolerance, plasma insulin, glucagon and growth hormone levels, but the possibility of an effect on glucose metabolism exists. Periodic determinations of blood sugar should be done, particularly in patients with diabetes or suspected latent diabetes.</paragraph><paragraph>Patients under treatment should be observed regularly for possible occurrence of blood dyscrasias, liver damage or idiosyncratic reactions, which have been reported occasionally in foreign marketing experience. The relationship of these occurrences to Bumex use is not certain.</paragraph></text>
<effectiveTime value="20060511" />
</section>
</component>
<component>
<section>
<id root="E163D2BB-0E06-843F-66CD-9CE1C7841DD0" />
<code code="34073-7" codeSystem="2.16.840.1.113883.6.1" codeSystemName="LOINC" displayName="DRUG INTERACTIONS SECTION" />
<title mediaType="text/x-hl7-title+xml">Drug Interactions</title>
<effectiveTime value="20060511" />
<component>
<section>
<id root="871A4C43-1D63-7482-1CEC-2D1D377F404D" />
<code code="42229-5" codeSystem="2.16.840.1.113883.6.1" codeSystemName="LOINC" displayName="SPL UNCLASSIFIED SECTION" />
<title mediaType="text/x-hl7-title+xml">Drugs With Ototoxic Potential (see WARNINGS)</title>
<text><paragraph>Especially in the presence of impaired renal function, the use of parenterally administered bumetanide in patients to whom aminoglycoside antibiotics are also being given should be avoided, except in life-threatening conditions.</paragraph></text>
<effectiveTime value="20060511" />
</section>
</component>
<component>
<section>
<id root="3CC21F80-FB7B-03CF-011B-D37F0C00AD55" />
<code code="42229-5" codeSystem="2.16.840.1.113883.6.1" codeSystemName="LOINC" displayName="SPL UNCLASSIFIED SECTION" />
<title mediaType="text/x-hl7-title+xml">Drugs With Nephrotoxic Potential</title>
<text><paragraph>There has been no experience with the concurrent use of Bumex with drugs known to have a nephrotoxic potential. Therefore, the simultaneous administration of these drugs should be avoided.</paragraph></text>
<effectiveTime value="20060511" />
</section>
</component>
<component>
<section>
<id root="16260A94-2007-48E5-2463-9E8F12DBAA94" />
<code code="42229-5" codeSystem="2.16.840.1.113883.6.1" codeSystemName="LOINC" displayName="SPL UNCLASSIFIED SECTION" />
<title mediaType="text/x-hl7-title+xml">Lithium</title>
<text><paragraph>Lithium should generally not be given with diuretics (such as Bumex) because they reduce its renal clearance and add a high risk of lithium toxicity.</paragraph></text>
<effectiveTime value="20060511" />
</section>
</component>
<component>
<section>
<id root="AB330FA8-2E11-C3CB-E32C-90EA251D8093" />
<code code="42229-5" codeSystem="2.16.840.1.113883.6.1" codeSystemName="LOINC" displayName="SPL UNCLASSIFIED SECTION" />
<title mediaType="text/x-hl7-title+xml">Probenecid</title>
<text><paragraph>Pretreatment with probenecid reduces both the natriuresis and hyperreninemia produced by Bumex. This antagonistic effect of probenecid on Bumex natriuresis is not due to a direct action on sodium excretion but is probably secondary to its inhibitory effect on renal tubular secretion of bumetanide. Thus, probenecid should not be administered concurrently with Bumex.</paragraph></text>
<effectiveTime value="20060511" />
</section>
</component>
<component>
<section>
<id root="7453F932-E6CB-7C21-637A-1DB6FE58C35C" />
<code code="42229-5" codeSystem="2.16.840.1.113883.6.1" codeSystemName="LOINC" displayName="SPL UNCLASSIFIED SECTION" />
<title mediaType="text/x-hl7-title+xml">Indomethacin</title>
<text><paragraph>Indomethacin blunts the increases in urine volume and sodium excretion seen during Bumex treatment and inhibits the bumetanide-induced increase in plasma renin activity. Concurrent therapy with Bumex is thus not recommended.</paragraph></text>
<effectiveTime value="20060511" />
</section>
</component>
<component>
<section>
<id root="94407591-332B-83D4-E4CD-19D935E95ED2" />
<code code="42229-5" codeSystem="2.16.840.1.113883.6.1" codeSystemName="LOINC" displayName="SPL UNCLASSIFIED SECTION" />
<title mediaType="text/x-hl7-title+xml">Antihypertensives</title>
<text><paragraph>Bumex may potentiate the effect of various antihypertensive drugs, necessitating a reduction in the dosage of these drugs.</paragraph></text>
<effectiveTime value="20060511" />
</section>
</component>
<component>
<section>
<id root="4DA4CE28-4C00-6A1F-5720-CD4189236923" />
<code code="42229-5" codeSystem="2.16.840.1.113883.6.1" codeSystemName="LOINC" displayName="SPL UNCLASSIFIED SECTION" />
<title mediaType="text/x-hl7-title+xml">Digoxin</title>
<text><paragraph>Interaction studies in humans have shown no effect on digoxin blood levels.</paragraph></text>
<effectiveTime value="20060511" />
</section>
</component>
<component>
<section>
<id root="4CDDC686-D87A-51DD-72DA-41C68C6D1333" />
<code code="42229-5" codeSystem="2.16.840.1.113883.6.1" codeSystemName="LOINC" displayName="SPL UNCLASSIFIED SECTION" />
<title mediaType="text/x-hl7-title+xml">Anticoagulants</title>
<text><paragraph>Interaction studies in humans have shown Bumex to have no effect on warfarin metabolism or on plasma prothrombin activity.</paragraph></text>
<effectiveTime value="20060511" />
</section>
</component>
</section>
</component>
<component>
<section>
<id root="C02EA9CC-248C-E0BD-9861-18B35B10EDF5" />
<code code="34083-6" codeSystem="2.16.840.1.113883.6.1" codeSystemName="LOINC" displayName="CARCINOGENESIS &amp; MUTAGENESIS &amp; IMPAIRMENT OF FERTILITY SECTION" />
<title mediaType="text/x-hl7-title+xml">Carcinogenesis, Mutagenesis and Impairment of Fertility</title>
<text><paragraph>Bumex was devoid of mutagenic activity in various strains of <content styleCode="italics">Salmonella typhimurium</content> when tested in the presence or absence of an in vitro metabolic activation system. An 18-month study showed an increase in mammary adenomas of questionable significance in female rats receiving oral doses of 60 mg/kg/day (2000 times a 2-mg human dose). A repeat study at the same doses failed to duplicate this finding.</paragraph><paragraph>Reproduction studies were performed to evaluate general reproductive performance and fertility in rats at oral dose levels of 10, 30, 60 or 100 mg/kg/day. The pregnancy rate was slightly decreased in the treated animals; however, the differences were small and not statistically significant.</paragraph></text>
<effectiveTime value="20060511" />
</section>
</component>
<component>
<section>
<id root="1269BE11-99EC-709E-DFB5-DE6F3049F122" />
<code code="42228-7" codeSystem="2.16.840.1.113883.6.1" codeSystemName="LOINC" displayName="PREGNANCY" />
<title mediaType="text/x-hl7-title+xml">Pregnancy</title>
<effectiveTime value="20060511" />
<component>
<section>
<id root="C46F1C76-9A1A-5AEE-53A1-BB79F49555B7" />
<code code="34077-8" codeSystem="2.16.840.1.113883.6.1" codeSystemName="LOINC" displayName="TERATOGENIC EFFECTS SECTION" />
<title mediaType="text/x-hl7-title+xml">Teratogenic Effects</title>
<text><paragraph>Pregnancy Category C. Bumex is neither teratogenic nor embryocidal in mice when given in doses up to 3400 times the maximum human therapeutic dose.</paragraph><paragraph>Bumex has been shown to be nonteratogenic, but it has a slight embryocidal effect in rats when given in doses of 3400 times the maximum human therapeutic dose and in rabbits at doses of 3.4 times the maximum human therapeutic dose. In one study, moderate growth retardation and increased incidence of delayed ossification of sternebrae were observed in rats at oral doses of 100 mg/kg/day, 3400 times the maximum human therapeutic dose. These effects were associated with maternal weight reductions noted during dosing. No such adverse effects were observed at 30 mg/kg/day (1000 times the maximum human therapeutic dose). No fetotoxicity was observed at 1000 to 2000 times the human therapeutic dose.</paragraph><paragraph>In rabbits, a dose-related decrease in litter size and an increase in resorption rate were noted at oral doses of 0.1 and 0.3 mg/kg/day (3.4 and 10 times the maximum human therapeutic dose). A slightly increased incidence of delayed ossification of sternebrae occurred at 0.3 mg/kg/day; however, no such adverse effects were observed at the dose of 0.03 mg/kg/day. The sensitivity of the rabbit to Bumex parallels the marked pharmacologic and toxicologic effects of the drug in this species.</paragraph><paragraph>Bumex was not teratogenic in the hamster at an oral dose of 0.5 mg/kg/day (17 times the maximum human therapeutic dose). Bumetanide was not teratogenic when given intravenously to mice and rats at doses up to 140 times the maximum human therapeutic dose.</paragraph><paragraph>There are no adequate and well-controlled studies in pregnant women. A small investigational experience in the United States and marketing experience in other countries to date have not indicated any evidence of adverse effects on the fetus, but these data do not rule out the possibility of harmful effects. Bumex should be given to a pregnant woman only if the potential benefit justifies the potential risk to the fetus.</paragraph></text>
<effectiveTime value="20060511" />
</section>
</component>
</section>
</component>
<component>
<section>
<id root="7BCDD729-A52D-850D-6C9A-365A44BEAF3B" />
<code code="34080-2" codeSystem="2.16.840.1.113883.6.1" codeSystemName="LOINC" displayName="NURSING MOTHERS SECTION" />
<title mediaType="text/x-hl7-title+xml">Nursing Mothers</title>
<text><paragraph>It is not known whether this drug is excreted in human milk. As a general rule, nursing should not be undertaken while the patient is on Bumex since it may be excreted in human milk.</paragraph></text>
<effectiveTime value="20060511" />
</section>
</component>
<component>
<section>
<id root="14DBCBBF-173E-DBA7-DF03-ABFC67834C02" />
<code code="34081-0" codeSystem="2.16.840.1.113883.6.1" codeSystemName="LOINC" displayName="PEDIATRIC USE SECTION" />
<title mediaType="text/x-hl7-title+xml">Pediatric Use</title>
<text><paragraph>Safety and effectiveness in pediatric patients below the age of 18 have not been established.</paragraph><paragraph>In vitro studies using pooled sera from critically ill neonates have shown bumetanide to be a potent displacer of bilirubin (see <linkHtml href="#C_pharmacology">CLINICAL PHARMACOLOGY: Pediatric Pharmacology</linkHtml>). The administration of bumetanide could present a particular concern if given to critically ill or jaundiced neonates at risk for kernicterus.</paragraph></text>
<effectiveTime value="20060511" />
</section>
</component>
<component>
<section>
<id root="B40ED861-4E79-4202-EA92-D25DA2179B86" />
<code code="34082-8" codeSystem="2.16.840.1.113883.6.1" codeSystemName="LOINC" displayName="GERIATRIC USE SECTION" />
<title mediaType="text/x-hl7-title+xml">Geriatric Use</title>
<text><paragraph>Clinical studies of Bumex did not include sufficient numbers of subjects aged 65 and over to determine whether they responded differently from younger subjects. Other reported clinical experience has not identified differences in responses between the elderly and younger patients. In general, dose selection for an elderly patient should be cautious, usually starting at the low end of the dosing range, reflecting the greater frequency of decreased hepatic, renal or cardiac function, and of concomitant disease or other drug therapy.</paragraph><paragraph>This drug is known to be substantially excreted by the kidney, and the risk of toxic reactions to this drug may be greater in patients with impaired renal function. Because elderly patients are more likely to have decreased renal function, care should be taken in dose selection, and it may be useful to monitor renal function.</paragraph></text>
<effectiveTime value="20060511" />
</section>
</component>
</section>
</component>
<component>
<section>
<id root="6BC89AB1-D111-6578-7E96-39A6D8F5090D" />
<code code="34084-4" codeSystem="2.16.840.1.113883.6.1" codeSystemName="LOINC" displayName="ADVERSE REACTIONS SECTION" />
<title mediaType="text/x-hl7-title+xml">ADVERSE REACTIONS</title>
<text><paragraph>The most frequent clinical adverse reactions considered probably or possibly related to Bumex are muscle cramps (seen in 1.1% of treated patients), dizziness (1.1%), hypotension (0.8%), headache (0.6%), nausea (0.6%) and encephalopathy (in patients with preexisting liver disease) (0.6%). One or more of these adverse reactions have been reported in approximately 4.1% of patients treated with Bumex.</paragraph><paragraph>Less frequent clinical adverse reactions to Bumex are impaired hearing (0.5%), pruritus (0.4%), electrocardiogram changes (0.4%), weakness (0.2%), hives (0.2%), abdominal pain (0.2%), arthritic pain (0.2%), musculoskeletal pain (0.2%), rash (0.2%) and vomiting (0.2%). One or more of these adverse reactions have been reported in approximately 2.9% of patients treated with Bumex.</paragraph><paragraph>Other clinical adverse reactions, which have each occurred in approximately 0.1% of patients, are vertigo, chest pain, ear discomfort, fatigue, dehydration, sweating, hyperventilation, dry mouth, upset stomach, renal failure, asterixis, itching, nipple tenderness, diarrhea, premature ejaculation and difficulty maintaining an erection.</paragraph><paragraph>Laboratory abnormalities reported have included hyperuricemia (in 18.4% of patients tested), hypochloremia (14.9%), hypokalemia (14.7%), azotemia (10.6%), hyponatremia (9.2%), increased serum creatinine (7.4%), hyperglycemia (6.6%), and variations in phosphorus (4.5%), CO<sub>2</sub> content (4.3%), bicarbonate (3.1%) and calcium (2.4%). Although manifestations of the pharmacologic action of Bumex, these conditions may become more pronounced by intensive therapy.</paragraph><paragraph>Also reported have been thrombocytopenia (0.2%) and deviations in hemoglobin (0.8%), prothrombin time (0.8%), hematocrit (0.6%), WBC (0.3%) and differential counts (0.1%). There have been rare spontaneous reports of thrombocytopenia from postmarketing experience.</paragraph><paragraph>Diuresis induced by Bumex may also rarely be accompanied by changes in LDH (1.0%), total serum bilirubin (0.8%), serum proteins (0.7%), SGOT (0.6%), SGPT (0.5%), alkaline phosphatase (0.4%), cholesterol (0.4%) and creatinine clearance (0.3%). Increases in urinary glucose (0.7%) and urinary protein (0.3%) have also been seen.</paragraph></text>
<effectiveTime value="20060511" />
</section>
</component>
<component>
<section>
<id root="AC57B338-E931-17B0-D719-733F288DF516" />
<code code="34088-5" codeSystem="2.16.840.1.113883.6.1" codeSystemName="LOINC" displayName="OVERDOSAGE SECTION" />
<title mediaType="text/x-hl7-title+xml">OVERDOSAGE</title>
<text><paragraph>Overdosage can lead to acute profound water loss, volume and electrolyte depletion, dehydration, reduction of blood volume and circulatory collapse with a possibility of vascular thrombosis and embolism. Electrolyte depletion may be manifested by weakness, dizziness, mental confusion, anorexia, lethargy, vomiting and cramps. Treatment consists of replacement of fluid and electrolyte losses by careful monitoring of the urine and electrolyte output and serum electrolyte levels.</paragraph></text>
<effectiveTime value="20060511" />
</section>
</component>
<component>
<section ID="DOSAGE">
<id root="291B8A1C-FB42-AA3E-7AA4-8F3FA66DD088" />
<code code="34068-7" codeSystem="2.16.840.1.113883.6.1" codeSystemName="LOINC" displayName="DOSAGE &amp; ADMINISTRATION SECTION" />
<title mediaType="text/x-hl7-title+xml">DOSAGE AND ADMINISTRATION</title>
<text><paragraph>Dosage should be individualized with careful monitoring of patient response.</paragraph></text>
<effectiveTime value="20060511" />
<component>
<section>
<id root="ED079C48-AD88-422E-1ADD-51427F4BB957" />
<code code="42229-5" codeSystem="2.16.840.1.113883.6.1" codeSystemName="LOINC" displayName="SPL UNCLASSIFIED SECTION" />
<title mediaType="text/x-hl7-title+xml">Oral Administration</title>
<text><paragraph>The usual total daily dosage of Bumex is 0.5 mg to 2 mg and in most patients is given as a single dose.</paragraph><paragraph>If the diuretic response to an initial dose of Bumex is not adequate, in view of its rapid onset and short duration of action, a second or third dose may be given at 4- to 5-hour intervals up to a maximum daily dose of 10 mg. An intermittent dose schedule, whereby Bumex is given on alternate days or for 3 to 4 days with rest periods of 1 to 2 days in between, is recommended as the safest and most effective method for the continued control of edema. In patients with hepatic failure, the dosage should be kept to a minimum and, if necessary, dosage increased very carefully.</paragraph><paragraph>Because cross-sensitivity with furosemide has rarely been observed, Bumex can be substituted at approximately a 1:40 ratio of Bumex to furosemide in patients allergic to furosemide.</paragraph></text>
<effectiveTime value="20060511" />
</section>
</component>
<component>
<section>
<id root="BAB12A3A-CD27-AE96-7D0B-A5F6207A740D" />
<code code="42229-5" codeSystem="2.16.840.1.113883.6.1" codeSystemName="LOINC" displayName="SPL UNCLASSIFIED SECTION" />
<title mediaType="text/x-hl7-title+xml">Parenteral Administration</title>
<text><paragraph>Bumetanide injection may be administered parenterally (IV or IM) to patients in whom gastrointestinal absorption may be impaired or in whom oral administration is not practical.</paragraph><paragraph>Parenteral treatment should be terminated and oral treatment instituted as soon as possible.</paragraph></text>
<effectiveTime value="20060511" />
</section>
</component>
</section>
</component>
<component>
<section>
<id root="3D62C7A5-07E1-02C8-BC3B-AD7AF231BAA1" />
<code code="34069-5" codeSystem="2.16.840.1.113883.6.1" codeSystemName="LOINC" displayName="HOW SUPPLIED SECTION" />
<title mediaType="text/x-hl7-title+xml">HOW SUPPLIED</title>
<text><paragraph><content styleCode="italics">Tablets,</content> 0.5 mg (light green), bottles of 100 (NDC 0004-0125-01) and 5000 (NDC 0004-0125-11); 1 mg (yellow), bottles of 100 (NDC 0004-0121-01), 500 (NDC 0004-0121-14) and 5000 (NDC 0004-0121-11); 2 mg (peach), bottles of 100 (NDC 0004-0162-01) and 5000 (NDC 0004-0162-11).</paragraph><paragraph>Imprint on tablets: 0.5 mg&#8211;ROCHE BUMEX 0.5; 1 mg&#8211;ROCHE BUMEX 1; 2 mg&#8211;ROCHE BUMEX 2.</paragraph><paragraph>Store tablets at 59&#176; to 86&#176;F (15&#176; to 30&#176;C).</paragraph></text>
<effectiveTime value="20060511" />
</section>
</component>
<component>
<section>
<id root="5900807C-BFA6-6EE5-DAAC-594524B79A20" />
<code code="42229-5" codeSystem="2.16.840.1.113883.6.1" codeSystemName="LOINC" displayName="SPL UNCLASSIFIED SECTION" />
<title mediaType="text/x-hl7-title+xml" />
<text><renderMultiMedia referencedObject="MM2" /><paragraph>27898480</paragraph><paragraph>Printed in USA</paragraph><paragraph>Copyright &#169; 1997-2003 by Roche Laboratories Inc. All rights reserved.</paragraph></text>
<effectiveTime value="20060511" />
<component>
<observationMedia ID="MM2">
<value mediaType="image/jpeg" xsi:type="ED"><reference value="bumex-image02.jpg" /></value>
</observationMedia>
</component>
</section>
</component>
</structuredBody>
</component>
</document>
