<?xml version="1.0" encoding="UTF-8"?>
<?xml-stylesheet href="http://www.fda.gov/oc/datacouncil/stylesheets/spl/spl.xsl" type="text/xsl"?><document xmlns="urn:hl7-org:v3" xmlns:voc="http://www.hl7.org/v3/voc" xmlns:xsi="http://www.w3.org/2001/XMLSchema-instance" xsi:schemaLocation="urn:hl7-org:v3 http://www.fda.gov/oc/datacouncil/schemas/spl/spl.xsd">
<id root="332D6786-4945-4E1F-8F97-02919C0B6345" />
<code code="34391-3" codeSystem="2.16.840.1.113883.6.1" codeSystemName="LOINC" displayName="Human prescription drug label" />
<title mediaType="text/x-hl7-title+xml">ACETAMINOPHEN AND CODEINE PHOSPHATE TABLETS USP<br />300 mg/60 mg</title>
<effectiveTime value="20060419" />
<setId root="332D6786-4945-4E1F-8F97-02919C0B6345" />
<versionNumber value="1" />
<author>
<time />
<assignedEntity>
<representedOrganization>
<name>Mikart, Inc.</name>
</representedOrganization>
</assignedEntity>
</author>
<component>
<structuredBody>
<component>
<section>
<id root="4CF06508-B141-207E-4E83-D12BD7875D3E" />
<effectiveTime value="20060419" />
<subject>
<manufacturedProduct>
<manufacturedMedicine>
<code code="46672-056" codeSystem="2.16.840.1.113883.6.69" />
<name>Acetaminophen and Codeine Phosphate</name>
<formCode code="C42998" codeSystem="2.16.840.1.113883.3.26.1.1" displayName="TABLET" />
<activeIngredient>
<quantity>
<numerator unit="mg" value="300">
<translation code="C28253" codeSystem="2.16.840.1.113883.3.26.1.1" displayName="MILLIGRAM" value="300" />
</numerator>
<denominator value="1">
<translation code="C48542" codeSystem="2.16.840.1.113883.3.26.1.1" displayName="TABLET" value="1" />
</denominator>
</quantity>
<activeIngredientSubstance>
<code code="362O9ITL9D" codeSystem="2.16.840.1.113883.4.9" codeSystemName="FDA SRS" />
<name>Acetaminophen</name>
<activeMoiety>
<activeMoiety>
<code code="362O9ITL9D" codeSystem="2.16.840.1.113883.4.9" codeSystemName="FDA SRS" />
<name>Acetaminophen</name>
</activeMoiety>
</activeMoiety>
</activeIngredientSubstance>
</activeIngredient>
<activeIngredient>
<quantity>
<numerator unit="mg" value="60">
<translation code="C28253" codeSystem="2.16.840.1.113883.3.26.1.1" displayName="MILLIGRAM" value="60" />
</numerator>
<denominator value="1">
<translation code="C48542" codeSystem="2.16.840.1.113883.3.26.1.1" displayName="TABLET" value="1" />
</denominator>
</quantity>
<activeIngredientSubstance>
<code code="GSL05Y1MN6" codeSystem="2.16.840.1.113883.4.9" codeSystemName="FDA SRS" />
<name>codeine phosphate</name>
<activeMoiety>
<activeMoiety>
<code code="Q830PW7520" codeSystem="2.16.840.1.113883.4.9" codeSystemName="FDA SRS" />
<name>codeine</name>
</activeMoiety>
</activeMoiety>
</activeIngredientSubstance>
</activeIngredient>
<asEntityWithGeneric>
<genericMedicine>
<name>Acetaminophen and Codeine Phosphate</name>
</genericMedicine>
</asEntityWithGeneric>
<inactiveIngredient>
<inactiveIngredientSubstance>
<name>alginic acid</name>
</inactiveIngredientSubstance>
</inactiveIngredient>
<inactiveIngredient>
<inactiveIngredientSubstance>
<name>colloidal silicon dioxide</name>
</inactiveIngredientSubstance>
</inactiveIngredient>
<inactiveIngredient>
<inactiveIngredientSubstance>
<name>crospovidone</name>
</inactiveIngredientSubstance>
</inactiveIngredient>
<inactiveIngredient>
<inactiveIngredientSubstance>
<name>microcrystalline cellulose</name>
</inactiveIngredientSubstance>
</inactiveIngredient>
<inactiveIngredient>
<inactiveIngredientSubstance>
<name>povidone</name>
</inactiveIngredientSubstance>
</inactiveIngredient>
<inactiveIngredient>
<inactiveIngredientSubstance>
<name>pregelatinized starch</name>
</inactiveIngredientSubstance>
</inactiveIngredient>
<inactiveIngredient>
<inactiveIngredientSubstance>
<code code="4ELV7Z65AP" codeSystem="2.16.840.1.113883.4.9" codeSystemName="FDA SRS" />
<name>stearic acid</name>
</inactiveIngredientSubstance>
</inactiveIngredient>
<asContent>
<quantity>
<numerator value="1000">
<translation code="C48542" codeSystem="2.16.840.1.113883.3.26.1.1" displayName="TABLET" value="1000" />
</numerator>
<denominator value="1">
<translation value="1" />
</denominator>
</quantity>
<containerPackagedMedicine>
<code code="46672-056-11" codeSystem="2.16.840.1.113883.6.69" codeSystemName="NDC" />
<formCode code="C43173" codeSystem="2.16.840.1.113883.3.26.1.1" displayName="BOTTLE, PLASTIC" />
</containerPackagedMedicine>
</asContent>
<asContent>
<quantity>
<numerator value="100">
<translation code="C48542" codeSystem="2.16.840.1.113883.3.26.1.1" displayName="TABLET" value="100" />
</numerator>
<denominator value="1">
<translation value="1" />
</denominator>
</quantity>
<containerPackagedMedicine>
<code code="46672-056-10" codeSystem="2.16.840.1.113883.6.69" codeSystemName="NDC" />
<formCode code="C43173" codeSystem="2.16.840.1.113883.3.26.1.1" displayName="BOTTLE, PLASTIC" />
</containerPackagedMedicine>
</asContent>
</manufacturedMedicine>
<subjectOf>
<policy classCode="DEADrugSchedule">
<code code="C48675" codeSystem="2.16.840.1.112883.3.26.1.1" displayName="CII" />
</policy>
</subjectOf>
<subjectOf>
<characteristic classCode="OBS">
<code code="SPLCOLOR" codeSystem="2.16.840.1.113883.1.11.19255" />
<value code="C48325" codeSystem="2.16.840.1.113883.3.26.1.1" displayName="WHITE" xsi:type="CE"><originalText>WHITE</originalText></value>
</characteristic>
</subjectOf>
<subjectOf>
<characteristic classCode="OBS">
<code code="SPLSHAPE" codeSystem="2.16.840.1.113883.1.11.19255" />
<value code="C48348" codeSystem="2.16.840.1.113883.3.26.1.1" displayName="ROUND" xsi:type="CE"><originalText>ROUND</originalText></value>
</characteristic>
</subjectOf>
<subjectOf>
<characteristic classCode="OBS">
<code code="SPLSIZE" codeSystem="2.16.840.1.113883.1.11.19255" />
<value unit="mm" value="11" xsi:type="PQ" />
</characteristic>
</subjectOf>
<subjectOf>
<characteristic classCode="OBS">
<code code="SPLCOATING" codeSystem="2.16.840.1.113883.1.11.19255" />
<value value="false" xsi:type="BL" />
</characteristic>
</subjectOf>
<subjectOf>
<characteristic classCode="OBS">
<code code="SPLSCORE" codeSystem="2.16.840.1.113883.1.11.19255" />
<value value="2" xsi:type="INT" />
</characteristic>
</subjectOf>
<subjectOf>
<characteristic classCode="OBS">
<code code="SPLSYMBOL" codeSystem="2.16.840.1.113883.1.11.19255" />
<value value="false" xsi:type="BL" />
</characteristic>
</subjectOf>
<subjectOf>
<characteristic classCode="OBS">
<code code="SPLIMPRINT" codeSystem="2.16.840.1.113883.1.11.19255" />
<value xsi:type="ST">4</value>
</characteristic>
</subjectOf>
<consumedIn>
<substanceAdministration>
<routeCode code="C38288" codeSystem="2.16.840.1.113883.3.26.1.1" displayName="ORAL" />
</substanceAdministration>
</consumedIn>
</manufacturedProduct>
</subject>
</section>
</component>
<component>
<section ID="i4i_description_ID_A06EB00B-EB59-4C20-8B2F-1539166C7876">
<id root="2F0D329C-3DE3-74C3-F195-F4187F48D83C" />
<code code="34089-3" codeSystem="2.16.840.1.113883.6.1" codeSystemName="LOINC" displayName="Description section" />
<title mediaType="text/x-hl7-title+xml">DESCRIPTION</title>
<text><paragraph>Acetaminophen and codeine is supplied in tablet form for oral administration.</paragraph><paragraph>Acetaminophen, 4&#8217;-hydroxyacetanilide, a slightly bitter, white, odorless, crystalline powder, is a non-opiate, non-salicylate analgesic and antipyretic. It has the following structural formula:</paragraph><renderMultiMedia referencedObject="ID_3DA46E27-B69E-4CDE-AF51-316B356FCD48" /><paragraph>C<sub>8</sub>H<sub>9</sub>NO<sub>2</sub>&#160;&#160;&#160;&#160;&#160;&#160;&#160;&#160;&#160;&#160;&#160;&#160;&#160;&#160;&#160;&#160;&#160;&#160;&#160;&#160;&#160;&#160;&#160;&#160;&#160;&#160;&#160;&#160;&#160;&#160;&#160;&#160;&#160;&#160;&#160;&#160;&#160;&#160;&#160;&#160;&#160;&#160;&#160;&#160;&#160;&#160;&#160;&#160;&#160;&#160;&#160;&#160;&#160;&#160;&#160;&#160;&#160;&#160;&#160;&#160;&#160;&#160;&#160;&#160;&#160;&#160;&#160;&#160;&#160;&#160;&#160;&#160;&#160;&#160;&#160;&#160;&#160;&#160;&#160;&#160;&#160;&#160;&#160;&#160;&#160;&#160;&#160;&#160;&#160;&#160;&#160;&#160;&#160;&#160;&#160;&#160;&#160;&#160;&#160;&#160;&#160;&#160;&#160;&#160;&#160;&#160;&#160;&#160;&#160;&#160;&#160;&#160;&#160;M.W. 151.17</paragraph><paragraph>Codeine phosphate, 7,8-didehydro-4, 5 &#945;-epoxy-3-methoxy-17-methylmorphinan-6 &#945;-ol phosphate (1:1) (salt) hemihydrate, a white crystalline powder, is a narcotic analgesic and antitussive. It has the following structural formula:</paragraph><renderMultiMedia referencedObject="ID_F0DA066E-BCEF-4A5E-AF09-4BD5F78AF0C9" /><paragraph>C<sub>18</sub>H<sub>21</sub>NO<sub>3&#8226;</sub>H<sub>3</sub>PO<sub>4</sub>&#8226;&#189;H<sub>2</sub>O&#160;&#160;&#160;&#160;&#160;&#160;&#160;&#160;&#160;&#160;&#160;&#160;&#160;&#160;&#160;&#160;&#160;&#160;&#160;&#160;&#160;&#160;&#160;&#160;&#160;&#160;&#160;&#160;&#160;&#160;&#160;&#160;&#160;&#160;&#160;&#160;&#160;&#160;&#160;&#160;&#160;&#160;&#160;&#160;&#160;&#160;&#160;&#160;&#160;&#160;&#160;&#160;&#160;&#160;&#160;&#160;&#160;&#160;&#160;&#160;&#160;&#160;&#160;&#160;&#160;&#160;&#160;&#160;&#160;&#160;&#160;&#160;&#160;&#160;&#160;&#160;&#160;&#160;&#160;&#160;&#160;&#160;&#160;&#160;&#160;&#160;&#160;&#160;&#160;&#160;M.W. 406.37</paragraph><paragraph>Each tablet contains:</paragraph><paragraph>Acetaminophen.........................................300 mg<br />Codeine Phosphate....................................60 mg</paragraph><paragraph>(<content styleCode="bold">Warning:</content> May be habit forming)</paragraph><paragraph>In addition, each tablet contains the following inactive ingredients:  alginic acid, colloidal silicon dioxide, crospovidone, microcrystalline cellulose, povidone, pregelatinized corn starch and stearic acid.</paragraph></text>
<effectiveTime value="20060419" />
<component>
<observationMedia ID="ID_3DA46E27-B69E-4CDE-AF51-316B356FCD48">
<value mediaType="image/jpeg" xsi:type="ED"><reference value="acetaminophen_and_codeine_phosphate_tablets_-01.jpg" /></value>
</observationMedia>
</component>
<component>
<observationMedia ID="ID_F0DA066E-BCEF-4A5E-AF09-4BD5F78AF0C9">
<value mediaType="image/jpeg" xsi:type="ED"><reference value="acetaminophen_and_codeine_phosphate_tablets_-02.jpg" /></value>
</observationMedia>
</component>
</section>
</component>
<component>
<section ID="i4i_clinical_pharmacology_ID_36E8A51A-496E-4EC5-B367-1708BDEC10AD">
<id root="2DA58058-20EF-D5BD-24CB-95451E2AFE97" />
<code code="34090-1" codeSystem="2.16.840.1.113883.6.1" codeSystemName="LOINC" displayName="Clinical Pharmacology section" />
<title mediaType="text/x-hl7-title+xml">CLINICAL PHARMACOLOGY:</title>
<text><paragraph>This product combines the analgesic effects of a centrally acting analgesic, codeine, with a peripherally acting analgesic, acetaminophen.</paragraph></text>
<effectiveTime value="20060419" />
<component>
<section ID="i4i_section_ID_69A82A92-A498-4864-AC01-AD67908BE9FD">
<id root="B7B1339D-6F40-1923-E097-C02CF830B50F" />
<code code="42229-5" codeSystem="2.16.840.1.113883.6.1" codeSystemName="LOINC" displayName="SPL Unclassified section" />
<title mediaType="text/x-hl7-title+xml">Pharmacokinetics:  </title>
<text><paragraph>The behavior of the individual components is described below.</paragraph></text>
<effectiveTime value="20060419" />
<component>
<section ID="i4i_section_ID_41B0EDA6-6E26-440B-BFA6-FA946A4595E0">
<id root="679634AD-F146-0FBE-8254-AD45B17D1D84" />
<code code="42229-5" codeSystem="2.16.840.1.113883.6.1" codeSystemName="LOINC" displayName="SPL Unclassified section" />
<title mediaType="text/x-hl7-title+xml">Codeine:  </title>
<text><paragraph>Codeine is readily absorbed from the gastrointestinal tract. It is rapidly distributed from the intravascular spaces to the various body tissues, with preferential uptake by parenchymatous organs such as the liver, spleen and kidney. Codeine crosses the blood-brain barrier, and is found in fetal tissue and breast milk. The plasma concentration does not correlate with brain concentration or relief of pain; however, codeine is not bound to plasma proteins and does not accumulate in body tissues.</paragraph><paragraph>The plasma half-life is about 2.9 hours. The elimination of codeine is primarily via the kidneys, and about 90% of an oral dose is excreted by the kidneys within 24 hours of dosing. The urinary secretion products consist of free and glucuronide conjugated codeine (about 70%), free and conjugated norcodeine (about 10%),&#160;free and conjugated morphine (about 10%), normorphine (4%), and hydrocodone (1%). The remainder of the dose is excreted in the feces.</paragraph><paragraph>At therapeutic doses, the analgesic effect reaches a peak within 2 hours and persists between 4 and 6 hours.</paragraph><paragraph>See <linkHtml href="#i4i_overdosage_ID_A34FE261-E49D-43E8-BB81-37FA2DB5FAFB">OVERDOSAGE:</linkHtml> for toxicity information.</paragraph></text>
<effectiveTime value="20060419" />
</section>
</component>
<component>
<section ID="i4i_section_ID_EF7195A4-BF19-47F2-B04F-18B2B325757B">
<id root="60B6C753-12B1-76AB-7CAB-C77CF769986B" />
<code code="42229-5" codeSystem="2.16.840.1.113883.6.1" codeSystemName="LOINC" displayName="SPL Unclassified section" />
<title mediaType="text/x-hl7-title+xml">Acetaminophen:  </title>
<text><paragraph>Acetaminophen is rapidly absorbed from the gastrointestinal tract and is distributed throughout most body tissues. The plasma half-life is 1.25 to 3 hours, but may be increased by liver damage and following overdosage. Elimination of acetaminophen is principally by liver metabolism (conjugation) and subsequent renal excretion of metabolites. Approximately 85% of an oral dose appears in the urine within 24 hours of administration, most as the glucuronide conjugate, with small amounts of other conjugates and unchanged drug.</paragraph><paragraph>See <linkHtml href="#i4i_overdosage_ID_A34FE261-E49D-43E8-BB81-37FA2DB5FAFB">OVERDOSAGE:</linkHtml> for toxicity information.</paragraph></text>
<effectiveTime value="20060419" />
</section>
</component>
</section>
</component>
</section>
</component>
<component>
<section ID="i4i_indications_ID_B606EE65-8D62-4764-92BC-F8E16CA7B8C1">
<id root="2914CE16-3BBC-83E5-387C-DD96156CD019" />
<code code="34067-9" codeSystem="2.16.840.1.113883.6.1" codeSystemName="LOINC" displayName="Indications section" />
<title mediaType="text/x-hl7-title+xml">INDICATIONS AND USAGE:</title>
<text><paragraph>Acetaminophen and Codeine Phosphate Tablets are indicated for the relief of mild to moderately severe pain.</paragraph></text>
<effectiveTime value="20060419" />
</section>
</component>
<component>
<section ID="i4i_contraindications_ID_8F334346-99D8-4EF0-AB04-6A33AC86E803">
<id root="436C937F-3651-2660-FE60-24890D97EE8A" />
<code code="34070-3" codeSystem="2.16.840.1.113883.6.1" codeSystemName="LOINC" displayName="Contraindications section" />
<title mediaType="text/x-hl7-title+xml">CONTRAINDICATIONS:</title>
<text><paragraph>This product should not be administered to patients who have previously exhibited hypersensitivity to codeine or acetaminophen.</paragraph></text>
<effectiveTime value="20060419" />
</section>
</component>
<component>
<section ID="i4i_warnings_ID_5A0B7377-781B-4FE9-A094-8F7337A122DF">
<id root="EA921377-D889-E6EE-9431-5E346949EC60" />
<code code="34071-1" codeSystem="2.16.840.1.113883.6.1" codeSystemName="LOINC" displayName="Warnings section" />
<title mediaType="text/x-hl7-title+xml">WARNINGS:</title>
<text><paragraph>In the presence of head injury or other intracranial lesions, the respiratory depressant effects of codeine and other narcotics may be markedly enhanced, as well as their capacity for elevating cerebrospinal fluid pressure. Narcotics also produce other CNS depressant effects, such as drowsiness, that may further obscure the clinical course of the patients with head injuries.</paragraph><paragraph>Codeine or other narcotics may obscure signs on which to judge the diagnosis or clinical course of patients with acute abdominal conditions.</paragraph><paragraph>Codeine is habit-forming and potentially abusable. Consequently, the extended use of this product is not recommended.</paragraph></text>
<effectiveTime value="20060419" />
</section>
</component>
<component>
<section ID="i4i_precautions_ID_13A0DBC2-1A78-461C-BBFF-4FCEA19FFA5F">
<id root="606965CB-3372-66A8-47F6-0BA51397080F" />
<code code="42232-9" codeSystem="2.16.840.1.113883.6.1" codeSystemName="LOINC" displayName="Precautions Section" />
<title mediaType="text/x-hl7-title+xml">PRECAUTIONS:</title>
<effectiveTime value="20060419" />
<component>
<section ID="i4i_precautions_general_ID_90D6D612-03F3-45AC-B7CC-9A666D51547F">
<id root="CD312299-80B9-7734-396F-1A6F562AF13B" />
<code code="34072-9" codeSystem="2.16.840.1.113883.6.1" codeSystemName="LOINC" displayName="General Precautions section" />
<title mediaType="text/x-hl7-title+xml">General: </title>
<text><paragraph>Acetaminophen and Codeine Phosphate Tablets should be prescribed with caution in certain special-risk patients, such as the elderly or debilitated, and those with severe impairment of renal or hepatic function, head injuries, elevated intracranial pressure, acute abdominal conditions, hypothyroidism, urethral stricture, Addison&#8217;s disease, or prostatic hypertrophy.</paragraph></text>
<effectiveTime value="20060419" />
</section>
</component>
<component>
<section ID="i4i_info_patients_ID_2AF48FAF-C66D-4C80-A76D-F60AB838ADC8">
<id root="C548AFA5-9470-019B-3F8B-A3E2593F62A0" />
<code code="34076-0" codeSystem="2.16.840.1.113883.6.1" codeSystemName="LOINC" displayName="Information for Patients section" />
<title mediaType="text/x-hl7-title+xml">Information for Patients: </title>
<text><paragraph>Codeine may impair mental and/or physical abilities required for the performance of potentially hazardous tasks such as driving a car or operating machinery. Such tasks should be avoided while taking this product.</paragraph><paragraph>Alcohol and other CNS depressants may produce an additive CNS depression, when taken with this combination product, and should be avoided.</paragraph><paragraph>Codeine may be habit-forming. Patients should take the drug only for as long as it is prescribed, in the amounts prescribed, and no more frequently than prescribed.</paragraph></text>
<effectiveTime value="20060419" />
</section>
</component>
<component>
<section ID="i4i_lab_tests_ID_BF6EE290-E541-4A68-8711-BA0FE6B6CBBB">
<id root="E28D96DC-9A46-E6E8-3CEE-ECCF9AAFBCD2" />
<code code="34075-2" codeSystem="2.16.840.1.113883.6.1" codeSystemName="LOINC" displayName="Laboratory Tests section" />
<title mediaType="text/x-hl7-title+xml">Laboratory Tests: </title>
<text><paragraph>&#160;In patients with severe hepatic or renal disease, effects of therapy should be monitored with serial liver and/or renal function tests.</paragraph></text>
<effectiveTime value="20060419" />
</section>
</component>
<component>
<section ID="i4i_drug_interaction_ID_E77324D1-2E16-429C-81A0-EE33FD122FBC">
<id root="87B631AF-497C-EA45-6D89-CC144C1A7F2B" />
<code code="34073-7" codeSystem="2.16.840.1.113883.6.1" codeSystemName="LOINC" displayName="Drug Interactions section" />
<title mediaType="text/x-hl7-title+xml">Drug Interactions: </title>
<text><paragraph>This drug may enhance the effects of: other narcotic analgesics, alcohol, general anesthetics, tranquilizers such as chlordiazepoxide, sedative-hypnotics, or other CNS depressants, causing increased CNS depression.</paragraph></text>
<effectiveTime value="20060419" />
</section>
</component>
<component>
<section ID="i4i_drug_lab_interaction_ID_F8EB6FEC-5AF3-4ACE-BDFC-A27104B00321">
<id root="10F79151-1045-571C-BE74-436F96658098" />
<code code="34074-5" codeSystem="2.16.840.1.113883.6.1" codeSystemName="LOINC" displayName="Drug/Laboratory Test Interactions section" />
<title mediaType="text/x-hl7-title+xml">Drug/Laboratory Test Interactions: </title>
<text><paragraph>Codeine may increase serum amylase levels.</paragraph><paragraph>Acetaminophen may produce false-positive test results for urinary 5-hydroxyindoleacetic acid.</paragraph></text>
<effectiveTime value="20060419" />
</section>
</component>
<component>
<section ID="i4i_carcinogenesis_mutagenesis_fertility_ID_DFC5F4A3-84EB-462F-B8D7-6DA6A7B6381F">
<id root="BCBB0FBC-0488-B62D-4932-4027A0BC4CA8" />
<code code="34083-6" codeSystem="2.16.840.1.113883.6.1" codeSystemName="LOINC" displayName="Carcinogenesis, Mutagenesis, Impairment of Fertility section" />
<title mediaType="text/x-hl7-title+xml">Carcinogenesis, Mutagenesis, Impairment of Fertility: </title>
<text><paragraph>No adequate studies have been conducted in animals to determine whether acetaminophen and codeine have a potential for carcinogenesis or mutagenesis. No adequate studies have been conducted in animals to determine whether acetaminophen has a potential for impairment of fertility.</paragraph><paragraph>Acetaminophen and codeine have been found to have no mutagenic potential using the Ames Salmonella-Microsomal Activation test, the Basc test on Drosophila germ cells, and Micronucleus test on mouse bone marrow.</paragraph></text>
<effectiveTime value="20060419" />
</section>
</component>
<component>
<section ID="i4i_pregnancy_ID_26B2C484-0EC9-4FAE-9D8A-15684CB66980">
<id root="4DC184D7-D7DE-EA07-27AC-FC67471EEF01" />
<code code="42228-7" codeSystem="2.16.840.1.113883.6.1" codeSystemName="LOINC" displayName="Pregnancy" />
<title mediaType="text/x-hl7-title+xml">Pregnancy:</title>
<effectiveTime value="20060419" />
<component>
<section ID="i4i_teratogenic_ID_BBB98B65-A71A-4CF9-9AC7-CAD86E62F12D">
<id root="9F525DA1-CF37-AECE-0F5C-8698E4CD8B96" />
<code code="34077-8" codeSystem="2.16.840.1.113883.6.1" codeSystemName="LOINC" displayName="Teratogenic Effects section" />
<title mediaType="text/x-hl7-title+xml">Teratogenic Effects: Pregnancy Category C:</title>
<effectiveTime value="20060419" />
<component>
<section ID="i4i_section_ID_64382B8C-25AF-4833-9942-2FDA5B7C7523">
<id root="BE3F3E72-1217-7D7C-E885-90A46DED043F" />
<code code="42229-5" codeSystem="2.16.840.1.113883.6.1" codeSystemName="LOINC" displayName="SPL Unclassified section" />
<title mediaType="text/x-hl7-title+xml">Codeine: </title>
<text><paragraph>A study in rats and rabbits reported no teratogenic effect of codeine administered during the period of organogeneses in doses ranging from 5 to 120 mg/kg. In the rat, doses at the 120 mg/kg level, in the toxic range for the adult animal, were associated with an increase in embryo resorption at the time of implantation. In another study a single 100 mg/kg dose of codeine administered to pregnant mice reportedly resulted in delayed ossification in the offspring.</paragraph><paragraph>There are no adequate and well-controlled studies in pregnant women. Acetaminophen and codeine phosphate should be used during pregnancy only if the potential benefit justifies the potential risk to the fetus.</paragraph></text>
<effectiveTime value="20060419" />
</section>
</component>
<component>
<section ID="i4i_non_teratogenic_ID_CA9B995A-274B-466B-B775-F92FE253CFD4">
<id root="1FB00372-6BB4-B593-C80D-9A6368F46E66" />
<code code="34078-6" codeSystem="2.16.840.1.113883.6.1" codeSystemName="LOINC" displayName="Nonteratogenic Effects section" />
<title mediaType="text/x-hl7-title+xml">Nonteratogenic Effects:  </title>
<text><paragraph>Dependence has been reported in newborns whose mothers took opiates regularly during pregnancy. Withdrawal signs include irritability, excessive crying, tremors, hyperreflexia, fever, vomiting, and diarrhea. These signs usually appear during the first few days of life.</paragraph></text>
<effectiveTime value="20060419" />
</section>
</component>
</section>
</component>
</section>
</component>
<component>
<section ID="i4i_labour_delivery_ID_9E710372-FA8E-4D4E-A7A1-3B84C444F3B6">
<id root="B5CB807A-912E-E152-9375-AC3FB2725ABC" />
<code code="34079-4" codeSystem="2.16.840.1.113883.6.1" codeSystemName="LOINC" displayName="Labor and Delivery section" />
<title mediaType="text/x-hl7-title+xml">Labor and Delivery: </title>
<text><paragraph>Narcotic analgesics cross the placental barrier. The closer to delivery and the larger the dose used, the greater the possibility of respiratory depression in the newborn. Narcotic analgesics should be avoided during labor if delivery of a premature infant is anticipated. If the mother has received narcotic analgesics during labor, newborn infants should be observed closely for signs of respiratory depression. Resuscitation may be required (see <linkHtml href="#i4i_overdosage_ID_A34FE261-E49D-43E8-BB81-37FA2DB5FAFB">OVERDOSAGE:</linkHtml>). The effect of codeine, if any, on the later growth, development, and functional maturation of the child is unknown.</paragraph></text>
<effectiveTime value="20060419" />
</section>
</component>
<component>
<section ID="i4i_nursing_mothers_ID_B17BAFDA-7CBE-4765-8534-E045BDFC3A4E">
<id root="B06629CE-EF70-94C6-5465-86CF55FD4AA5" />
<code code="34080-2" codeSystem="2.16.840.1.113883.6.1" codeSystemName="LOINC" displayName="Nursing Mothers section" />
<title mediaType="text/x-hl7-title+xml">Nursing Mothers: </title>
<text><paragraph>Acetaminophen and codeine are excreted in breast milk in small amounts, but the significance of their effects on nursing infants is not known. Because of the potential for serious adverse reactions in nursing infants from acetaminophen and codeine, a decision should be made whether to discontinue nursing or to discontinue the drug, taking into account the importance of the drug to the mother.</paragraph></text>
<effectiveTime value="20060419" />
</section>
</component>
</section>
</component>
<component>
<section ID="i4i_adverse_effects_ID_5CE08A3B-8B1D-433D-81D5-A670AE0A2CC4">
<id root="CBB0D0AF-3067-1629-A5E3-3BB5F2BAD6C5" />
<code code="34084-4" codeSystem="2.16.840.1.113883.6.1" codeSystemName="LOINC" displayName="Adverse Reactions section" />
<title mediaType="text/x-hl7-title+xml">ADVERSE REACTIONS:</title>
<text><paragraph>The most frequently reported adverse reactions are drowsiness, lightheadedness, dizziness, sedation, shortness of breath, nausea and vomiting. These effects seem to be more prominent in ambulatory than in non-ambulatory patients, and some of these adverse reactions may be alleviated if the patient lies down.</paragraph><paragraph>Other adverse reactions include allergic reactions, euphoria, dysphoria, constipation, abdominal pain, pruritus, rash, thrombocytopenia, agranulocytosis.</paragraph><paragraph>At higher doses codeine has most of the disadvantages of morphine, including respiratory depression.</paragraph></text>
<effectiveTime value="20060419" />
</section>
</component>
<component>
<section ID="i4i_abuse_dependence_ID_D628FD54-74F0-4F87-9514-4971CED7F97C">
<id root="A40F42C3-E8DE-5D92-A809-C166303C94D7" />
<code code="42227-9" codeSystem="2.16.840.1.113883.6.1" codeSystemName="LOINC" displayName="Drug Abuse and Dependence section" />
<title mediaType="text/x-hl7-title+xml">DRUG ABUSE AND DEPENDENCE:</title>
<effectiveTime value="20060419" />
<component>
<section ID="i4i_controlled_substance_ID_53259BD3-9A23-433C-B264-7C280F0F6730">
<id root="3B3B15AA-5C4B-DE0E-84D5-7EED85DB999E" />
<code code="34085-1" codeSystem="2.16.840.1.113883.6.1" codeSystemName="LOINC" displayName="Controlled Substance section" />
<title mediaType="text/x-hl7-title+xml">Controlled Substance: </title>
<text><paragraph>Acetaminophen and Codeine Phosphate Tablets are classified as a Schedule III controlled substance.</paragraph></text>
<effectiveTime value="20060419" />
</section>
</component>
<component>
<section ID="i4i_dependence_ID_F10E3632-F9FC-49B7-932D-E207A3D13F71">
<id root="38BB42AD-2F2D-57B8-FB2C-542CBD1D7D63" />
<code code="34087-7" codeSystem="2.16.840.1.113883.6.1" codeSystemName="LOINC" displayName="Dependence section" />
<title mediaType="text/x-hl7-title+xml">Abuse and Dependence: </title>
<text><paragraph>Codeine can produce drug dependence of the morphine type and, therefore, has the potential for being abused. Psychological dependence, physical dependence and tolerance may develop upon repeated administration and it should be prescribed and administered with the same degree of caution appropriate to the use of other oral narcotic medications.</paragraph></text>
<effectiveTime value="20060419" />
</section>
</component>
</section>
</component>
<component>
<section ID="i4i_overdosage_ID_A34FE261-E49D-43E8-BB81-37FA2DB5FAFB">
<id root="860D61B4-7583-3A71-CC15-FAE206664A9D" />
<code code="34088-5" codeSystem="2.16.840.1.113883.6.1" codeSystemName="LOINC" displayName="Overdosage section" />
<title mediaType="text/x-hl7-title+xml">OVERDOSAGE:</title>
<text><paragraph>Following an acute overdosage, toxicity may result from codeine or acetaminophen.</paragraph></text>
<effectiveTime value="20060419" />
<component>
<section ID="i4i_section_ID_A0D48B62-F57C-40DA-A0FD-B1B52371A907">
<id root="5964C5DA-07A9-00D8-1F36-0A1F0AEC7D73" />
<code code="42229-5" codeSystem="2.16.840.1.113883.6.1" codeSystemName="LOINC" displayName="SPL Unclassified section" />
<title mediaType="text/x-hl7-title+xml">Signs and Symptoms:</title>
<effectiveTime value="20060419" />
<component>
<section ID="i4i_section_ID_C5A3580A-B1E4-4A8C-B368-D3F48B5354F3">
<id root="30AE7AC1-7E8E-6959-0A34-4FD57FF09DE1" />
<code code="42229-5" codeSystem="2.16.840.1.113883.6.1" codeSystemName="LOINC" displayName="SPL Unclassified section" />
<title mediaType="text/x-hl7-title+xml">Codeine:  </title>
<text><paragraph>Toxicity from codeine poisoning includes the opioid triad of: pinpoint pupils, depression of respiration, and loss of consciousness. Convulsions may occur.</paragraph></text>
<effectiveTime value="20060419" />
</section>
</component>
<component>
<section ID="i4i_section_ID_6C6DB6F1-6F13-4C82-8C07-61B59F234397">
<id root="6531F694-34A3-CBDA-DF57-638C3D73E417" />
<code code="42229-5" codeSystem="2.16.840.1.113883.6.1" codeSystemName="LOINC" displayName="SPL Unclassified section" />
<title mediaType="text/x-hl7-title+xml">Acetaminophen:  </title>
<text><paragraph>In acetaminophen overdosage: dose-dependent, potentially fatal hepatic necrosis is the most serious adverse effect. Renal tubular necrosis, hypoglycemic coma and thrombocytopenia may also occur.</paragraph><paragraph>Early symptoms following a potentially hepatotoxic overdose may include: nausea, vomiting, diaphoresis and general malaise. Clinical and laboratory evidence of hepatic toxicity may not be apparent until 48 to 72 hours post-ingestion.</paragraph><paragraph>In adults, hepatic toxicity has rarely been reported with acute overdoses of less than 10 grams, or fatalities with less than 15 grams.</paragraph></text>
<effectiveTime value="20060419" />
</section>
</component>
</section>
</component>
<component>
<section ID="i4i_section_ID_617B181E-20F5-4B56-BDD8-A2C0B49323FE">
<id root="B49E1020-3EEC-E400-5CE5-15F5C8B7CAC0" />
<code code="42229-5" codeSystem="2.16.840.1.113883.6.1" codeSystemName="LOINC" displayName="SPL Unclassified section" />
<title mediaType="text/x-hl7-title+xml">Treatment: </title>
<text><paragraph>A single or multiple overdose with acetaminophen and codeine is a potentially lethal polydrug overdose, and consultation with a regional poison control center is recommended.</paragraph><paragraph>Immediate treatment includes support of cardiorespiratory function and measures to reduce drug absorption. Vomiting should be induced mechanically, or with syrup of ipecac, if the patient is alert (adequate pharyngeal and laryngeal reflexes). Oral activated charcoal (1 g/kg) should follow gastric emptying. The first dose should be accompanied by an appropriate cathartic. If repeated doses are used, the cathartic might be included with alternate doses as required. Hypotension is usually hypovolemic and should respond to fluids. Vasopressors and other supportive measures should be employed as indicated. A cuffed endo-tracheal tube should be inserted before gastric lavage of the unconscious patient and, when necessary, to provide assisted respiration.</paragraph><paragraph>Meticulous attention should be given to maintaining adequate pulmonary ventilation. In severe cases of&#160;intoxication, peritoneal dialysis, or preferably hemodialysis may be considered. If hypoprothrombinemia occurs due to acetaminophen overdose, vitamin K should be administered intravenously.</paragraph><paragraph>Naloxone, a narcotic antagonist, can reverse respiratory depression and coma associated with opioid overdose. Naloxone hydrochloride 0.4 mg to 2 mg is&#160;given parenterally. Since the duration of action of codeine may exceed that of the naloxone, the patient should be kept under continuous surveillance and repeated doses of the antagonist should be administered as needed to maintain adequate respiration. A narcotic antagonist should not be administered in the absence of clinically significant respiratory or cardiovascular depression.</paragraph><paragraph>If the dose of acetaminophen may have exceeded 140 mg/kg, acetylcysteine should be administered as early as possible. Serum acetaminophen levels should be obtained, since levels four or more&#160;hours following ingestion help predict acetaminophen toxicity. Do not await acetaminophen assay results before initiating treatment. Hepatic enzymes should be obtained initially, and repeated at 24-hour intervals.</paragraph><paragraph>Methemoglobinemia over 30% should be treated with methylene blue by slow intravenous administration.</paragraph></text>
<effectiveTime value="20060419" />
</section>
</component>
<component>
<section ID="i4i_section_ID_BA50BF7F-D3CB-4DB4-8EFF-CFDE9ACB0837">
<id root="BB65C433-4013-E38F-2C2A-5917CC214734" />
<code code="42229-5" codeSystem="2.16.840.1.113883.6.1" codeSystemName="LOINC" displayName="SPL Unclassified section" />
<title mediaType="text/x-hl7-title+xml">Toxic Doses (for adults):</title>
<text><paragraph>Acetaminophen:&#160;&#160;&#160;&#160;&#160;toxic dose&#160;&#160;&#160;l0 g<br />Codeine:&#160;&#160;&#160;&#160;&#160;&#160;&#160;&#160;&#160;&#160;&#160;&#160;&#160;&#160;&#160;&#160;toxic dose&#160;&#160;&#160;240 mg</paragraph></text>
<effectiveTime value="20060419" />
</section>
</component>
</section>
</component>
<component>
<section ID="i4i_dosage_admin_ID_3B5014BD-B0B5-4F70-9430-136AFA6989A7">
<id root="8AD67DB2-37D7-D1A9-2390-9C54329B85B1" />
<code code="34068-7" codeSystem="2.16.840.1.113883.6.1" codeSystemName="LOINC" displayName="Dosage and Administration section" />
<title mediaType="text/x-hl7-title+xml">DOSAGE AND ADMINISTRATION:</title>
<text><paragraph>Dosage should be adjusted according to severity of pain and response of the patient.</paragraph><paragraph>The usual <content styleCode="bold">adult</content> dosage is:</paragraph><table ID="ID_32198314-41CF-4040-A7AF-1B914BCBDDE9" border="single" frame="box" width="437.40000000000003"><col width="33.448%" />
<col width="33.699%" />
<col width="32.853%" />
<tbody>
<tr ID="ID_D1AF7528-04CC-4B97-A962-00A612D880E5"><td align="center" valign="top" /><td align="center" valign="top"><content styleCode="underline">Single Doses (Range)</content></td><td align="center" valign="top"><content styleCode="underline">Maximum 24 Hour Dose</content></td></tr>
<tr ID="ID_B5976D7A-7ECC-494C-ADF3-B48A8F375C6A"><td align="center" valign="top">Codeine Phosphate</td><td align="center" valign="top">15 mg to 60 mg</td><td align="center" valign="top">360 mg</td></tr>
<tr ID="ID_26C0A362-D830-4D8F-AC28-F0BC6D6CC460"><td align="center" valign="top">Acetaminophen</td><td align="center" valign="top">300 mg to 1000 mg</td><td align="center" valign="top">4000 mg</td></tr>
</tbody>
</table><paragraph>The usual dose of codeine phosphate in <content styleCode="bold">children</content> is 0.5 mg/kg.</paragraph><paragraph>Doses may be repeated up to every 4 hours.</paragraph><paragraph>The prescriber must determine the number of tablets per dose, and the maximum number of tablets per 24 hours based upon the above dosage guidance. This information should be conveyed in the prescription.</paragraph><paragraph>It should be kept in mind, however, that tolerance to codeine can develop with continued use and that the incidence of untoward effects&#160;is dose related. Adult doses of codeine higher than 60 mg fail to give commensurate relief of pain but merely prolong analgesia and are associated with an appreciably increased incidence of undesirable side effects. Equivalently high doses in children would have similar effects.</paragraph></text>
<effectiveTime value="20060419" />
</section>
</component>
<component>
<section ID="i4i_how_supplied_ID_77176070-2F4D-4EEC-99C6-AECBD3693304">
<id root="1D7C54BC-AE28-73AE-BBE5-73705FEDC7BC" />
<code code="34069-5" codeSystem="2.16.840.1.113883.6.1" codeSystemName="LOINC" displayName="How Supplied section" />
<title mediaType="text/x-hl7-title+xml">HOW SUPPLIED:</title>
<text><paragraph>Acetaminophen and Codeine Phosphate Tablets USP, 300 mg/60 mg, are available as a white, round tablet debossed &#8220;4&#8221; on one side and single-scored on the other, each containing 300 mg of acetaminophen and 60 mg of codeine phosphate (<content styleCode="bold">Warning:</content>  May be habit forming), and are supplied in bottles of 100, NDC 46672-056-10 and in bottles of 1000, NDC 46672-056-11.</paragraph><paragraph><content styleCode="bold">Storage:  </content>Store at controlled room temperature 15&#176;-30&#176;C (59&#176;-86&#176;F).</paragraph><paragraph>Dispense in a tight, light-resistant container with a child-resistant closure.</paragraph><paragraph><content styleCode="bold">CAUTION:  </content>Federal law prohibits dispensing without prescription.</paragraph><paragraph>Manufactured by:</paragraph><paragraph><content styleCode="bold">MIKART, INC.</content></paragraph><paragraph>Atlanta, GA 30318</paragraph><paragraph>Code 718Z00&#160;&#160;&#160;&#160;&#160;&#160;&#160;&#160;&#160;&#160;&#160;&#160;&#160;&#160;&#160;&#160;&#160;&#160;&#160;&#160;&#160;&#160;&#160;&#160;&#160;&#160;&#160;&#160;&#160;&#160;&#160;&#160;&#160;&#160;&#160;&#160;&#160;&#160;&#160;&#160;&#160;&#160;&#160;&#160;&#160;&#160;&#160;&#160;&#160;&#160;&#160;&#160;&#160;&#160;&#160;&#160;&#160;&#160;&#160;&#160;&#160;&#160;&#160;&#160;&#160;&#160;&#160;&#160;&#160;&#160;&#160;&#160;&#160;&#160;&#160;&#160;&#160;&#160;&#160;&#160;&#160;&#160;&#160;&#160;&#160;&#160;&#160;&#160;&#160;&#160;&#160;&#160;&#160;&#160;&#160;&#160;&#160;&#160;&#160;&#160;&#160;&#160;&#160;&#160;&#160;&#160;&#160;&#160;&#160;&#160;&#160;&#160;&#160;&#160;&#160;&#160;&#160;Rev. 01/97</paragraph></text>
<effectiveTime value="20060419" />
</section>
</component>
</structuredBody>
</component>
</document>
