<?xml version="1.0" encoding="UTF-8"?>
<?xml-stylesheet href="http://www.fda.gov/oc/datacouncil/stylesheets/spl/spl.xsl" type="text/xsl"?><document xmlns="urn:hl7-org:v3" xmlns:voc="http://www.hl7.org/v3/voc" xmlns:xsi="http://www.w3.org/2001/XMLSchema-instance" xsi:schemaLocation="urn:hl7-org:v3 http://www.fda.gov/oc/datacouncil/schemas/spl/spl.xsd">
<id root="42BED965-4B8F-4471-BCC9-091F87238653" />
<code code="34391-3" codeSystem="2.16.840.1.113883.6.1" codeSystemName="LOINC" displayName="HUMAN PRESCRIPTION DRUG LABELING" />
<title mediaType="text/x-hl7-title+xml">LITHANE&#174;<br />(lithium carbonate)<br />TABLETS<br />For Control of Manic Episodes in Manic-Depressive Psychosis&#160;</title>
<effectiveTime value="20060612" />
<setId root="42BED965-4B8F-4471-BCC9-091F87238653" />
<versionNumber value="1" />
<author>
<time />
<assignedEntity>
<representedOrganization>
<name>Miles Pharmaceuticals</name>
</representedOrganization>
</assignedEntity>
</author>
<component>
<structuredBody>
<component>
<section>
<id root="DE0509D9-BEFA-7A1E-3711-BDBE67A6FDC3" />
<effectiveTime value="20060612" />
<subject>
<manufacturedProduct>
<manufacturedMedicine>
<code code="0026-2951" codeSystem="2.16.840.1.113883.6.69" codeSystemName="FDA" displayName="NDC" />
<name>Lithane</name>
<formCode code="C42998" codeSystem="2.16.840.1.113883.3.26.1.1" displayName="TABLET" />
<activeIngredient>
<quantity>
<numerator unit="mg" value="300">
<translation code="C28253" codeSystem="2.16.840.1.113883.3.26.1.1" displayName="MILLIGRAM" value="300" />
</numerator>
<denominator value="1">
<translation code="C48542" codeSystem="2.16.840.1.113883.3.26.1.1" displayName="TABLET" value="1" />
</denominator>
</quantity>
<activeIngredientSubstance>
<code code="2BMD2GNA4V" codeSystem="2.16.840.1.113883.4.9" codeSystemName="FDA SRS" />
<name>lithium carbonate</name>
<activeMoiety>
<activeMoiety>
<name>lithium</name>
</activeMoiety>
</activeMoiety>
</activeIngredientSubstance>
</activeIngredient>
<asEntityWithGeneric>
<genericMedicine>
<name>lithium carbonate</name>
</genericMedicine>
</asEntityWithGeneric>
<inactiveIngredient>
<inactiveIngredientSubstance>
<name>Blue 1 Lake</name>
</inactiveIngredientSubstance>
</inactiveIngredient>
<inactiveIngredient>
<inactiveIngredientSubstance>
<name>dibasic calcium phosphate</name>
</inactiveIngredientSubstance>
</inactiveIngredient>
<inactiveIngredient>
<inactiveIngredientSubstance>
<code code="70097M6I30" codeSystem="2.16.840.1.113883.4.9" codeSystemName="FDA SRS" />
<name>magnesium stearate</name>
</inactiveIngredientSubstance>
</inactiveIngredient>
<inactiveIngredient>
<inactiveIngredientSubstance>
<name>polyethylene glycol</name>
</inactiveIngredientSubstance>
</inactiveIngredient>
<inactiveIngredient>
<inactiveIngredientSubstance>
<code code="368GB5141J" codeSystem="2.16.840.1.113883.4.9" codeSystemName="FDA SRS" />
<name>sodium lauryl sulfate</name>
</inactiveIngredientSubstance>
</inactiveIngredient>
<inactiveIngredient>
<inactiveIngredientSubstance>
<name>starch</name>
</inactiveIngredientSubstance>
</inactiveIngredient>
<inactiveIngredient>
<inactiveIngredientSubstance>
<name>Yellow 5 Lake</name>
</inactiveIngredientSubstance>
</inactiveIngredient>
<asContent>
<quantity>
<numerator value="100">
<translation code="C48542" codeSystem="2.16.840.1.113883.3.26.1.1" displayName="TABLET" value="100" />
</numerator>
<denominator value="1">
<translation value="1" />
</denominator>
</quantity>
<containerPackagedMedicine>
<code code="0026-2951-51" codeSystem="2.16.840.1.113883.6.69" />
<formCode code="C43169" codeSystem="2.16.840.1.113883.3.26.1.1" displayName="BOTTLE" />
</containerPackagedMedicine>
</asContent>
<asContent>
<quantity>
<numerator value="1000">
<translation code="C48542" codeSystem="2.16.840.1.113883.3.26.1.1" displayName="TABLET" value="1000" />
</numerator>
<denominator value="1">
<translation value="1" />
</denominator>
</quantity>
<containerPackagedMedicine>
<code code="0026-2951-54" codeSystem="2.16.840.1.113883.6.69" />
<formCode code="C43169" codeSystem="2.16.840.1.113883.3.26.1.1" displayName="BOTTLE" />
</containerPackagedMedicine>
</asContent>
</manufacturedMedicine>
<subjectOf>
<characteristic classCode="OBS">
<code code="SPLCOLOR" codeSystem="2.16.840.1.113883.1.11.19255" />
<value code="C48329" codeSystem="2.16.840.1.113883.3.26.1.1" displayName="GREEN" xsi:type="CE"><originalText>GREEN</originalText></value>
</characteristic>
</subjectOf>
<subjectOf>
<characteristic classCode="OBS">
<code code="SPLSCORE" codeSystem="2.16.840.1.113883.1.11.19255" />
<value value="2" xsi:type="INT" />
</characteristic>
</subjectOf>
<subjectOf>
<characteristic classCode="OBS">
<code code="SPLSHAPE" codeSystem="2.16.840.1.113883.1.11.19255" />
<value code="C48348" codeSystem="2.16.840.1.113883.3.26.1.1" displayName="ROUND" xsi:type="CE"><originalText>convex</originalText></value>
</characteristic>
</subjectOf>
<subjectOf>
<characteristic classCode="OBS">
<code code="SPLSIZE" codeSystem="2.16.840.1.113883.1.11.19255" />
<value unit="mm" value="10" xsi:type="PQ" />
</characteristic>
</subjectOf>
<subjectOf>
<characteristic classCode="OBS">
<code code="SPLCOATING" codeSystem="2.16.840.1.113883.1.11.19255" />
<value value="false" xsi:type="BL" />
</characteristic>
</subjectOf>
<subjectOf>
<characteristic classCode="OBS">
<code code="SPLSYMBOL" codeSystem="2.16.840.1.113883.1.11.19255" />
<value value="false" xsi:type="BL" />
</characteristic>
</subjectOf>
<subjectOf>
<characteristic classCode="OBS">
<code code="SPLIMPRINT" codeSystem="2.16.840.1.113883.1.11.19255" />
<value xsi:type="ST">Miles;951</value>
</characteristic>
</subjectOf>
<consumedIn>
<substanceAdministration>
<routeCode code="C38288" codeSystem="2.16.840.1.113883.3.26.1.1" displayName="ORAL" />
</substanceAdministration>
</consumedIn>
</manufacturedProduct>
</subject>
</section>
</component>
<component>
<section>
<id root="6D05DE31-A231-21E5-5554-314EDFAE1D68" />
<code code="34066-1" codeSystem="2.16.840.1.113883.6.1" codeSystemName="LOINC" displayName="BOXED WARNING SECTION" />
<title mediaType="text/x-hl7-title+xml">WARNING</title>
<text><paragraph>Lithium toxicity is closely related to serum lithium levels, and can occur at doses close to therapeutic levels. Facilities for prompt and accurate serum lithium determinations should be available before initiating therapy.</paragraph></text>
<effectiveTime value="20060612" />
</section>
</component>
<component>
<section>
<id root="61E1A1AA-96C0-ACFA-9DDB-5871FC49CB52" />
<code code="34089-3" codeSystem="2.16.840.1.113883.6.1" codeSystemName="LOINC" displayName="DESCRIPTION SECTION" />
<title mediaType="text/x-hl7-title+xml">DESCRIPTION</title>
<text><paragraph>Lithium carbonate is a white, light, alkaline powder with molecular formula Li<sub>2</sub>CO<sub>3</sub> and molecular weight 73.89. Lithium is an element of the alkali-metal group with atomic number 3, atomic weight 6.94, and an emission line at 671 nm on the flame photometer.</paragraph><paragraph>Inert ingredients are: Blue 1 Lake; dibasic calcium phosphate; magnesium stearate; polyethylene glycol; sodium lauryl sulfate; starch; Yellow 5 Lake.</paragraph></text>
<effectiveTime value="20060612" />
</section>
</component>
<component>
<section>
<id root="7C446DF6-78B2-49A3-24E3-43C9723F4245" />
<code code="42229-5" codeSystem="2.16.840.1.113883.6.1" codeSystemName="LOINC" displayName="SPL UNCLASSIFIED SECTION" />
<title mediaType="text/x-hl7-title+xml">ACTIONS</title>
<text><paragraph>Preclinical studies have shown that lithium alters sodium transport in nerve and muscle cells and effects a shift toward intraneuronal metabolism of catecholamines, but the specific biochemical mechanism of lithium action in mania is unknown.</paragraph></text>
<effectiveTime value="20060612" />
</section>
</component>
<component>
<section>
<id root="15D9CAFD-2B28-94F3-C98C-12D2716F0E12" />
<code code="34067-9" codeSystem="2.16.840.1.113883.6.1" codeSystemName="LOINC" displayName="INDICATIONS &amp; USAGE SECTION" />
<title mediaType="text/x-hl7-title+xml">INDICATIONS</title>
<text><paragraph>Lithium carbonate is indicated in the treatment of manic episodes of manic-depressive illness. Maintenance therapy prevents or diminishes the intensity of subsequent episodes in those manic-depressive patients with a history of mania.</paragraph><paragraph><content styleCode="bold">Typical symptoms</content> of mania include pressure of speech, motor hyperactivity, reduced need for sleep, flight of ideas, grandiosity, elation, poor judgment, aggressiveness, and possibly hostility. When given to a patient experiencing a manic episode, lithium may produce a normalization of symptomatology within 1 to 3 weeks.</paragraph></text>
<effectiveTime value="20060612" />
</section>
</component>
<component>
<section>
<id root="49D43A31-3F2A-5B40-E578-7731DB55F41E" />
<code code="34071-1" codeSystem="2.16.840.1.113883.6.1" codeSystemName="LOINC" displayName="WARNINGS SECTION" />
<title mediaType="text/x-hl7-title+xml">WARNINGS</title>
<text><paragraph>Lithium should generally not be given to patients with significant renal or cardiovascular disease, severe debilitation or dehydration, or sodium depletion, and to patients receiving diuretics, since the risk of lithium toxicity is very high in such patients. If the psychiatric indication is life-threatening, and if such a patient fails to respond to other measures, lithium treatment may be undertaken with extreme caution, including daily serum lithium determinations and adjustment to the usually low doses ordinarily tolerated by these individuals. In such instances, hospitalization is a necessity.</paragraph><paragraph>Chronic lithium therapy may be associated with diminution of renal concentrating ability, occasionally presenting as nephrogenic diabetes insipidus, with polyuria and polydipsia. Such patients should be carefully managed to avoid dehydration with resulting lithium retention and toxicity. This condition is usually reversible when lithium is discontinued.</paragraph><paragraph>Morphologic changes with glomerular and interstitial fibrosis and nephron atrophy have been reported in patients on chronic lithium therapy. Morphologic changes have also been seen in manic-depressive patients never exposed to lithium. The relationship between renal functional and morphologic changes and their association with lithium therapy have not been established.</paragraph><paragraph>When kidney function is assessed, for baseline data prior to starting lithium therapy or thereafter, routine urinalysis and other tests may be used to evaluate tubular function (e.g., urine specific gravity or osmolality following a period of water deprivation, or 24 hour urine volume) and glomerular function (e.g., serum creatinine or creatinine clearance). During lithium therapy, progressive or sudden changes in renal function, even within the normal range, indicate the need for reevaluation of treatment.</paragraph><paragraph>Lithium therapy has been reported in some cases to be associated with morphologic changes in the kidneys. The relationship between such changes and renal function has not been established.</paragraph><paragraph>An encephalopathic syndrome (characterized by weakness, lethargy, fever, tremulousness and confusion, extrapyramidal symptoms, leukocytosis, elevated serum enzymes, BUN and FBS) followed by irreversible brain damage has occurred in a few patients treated with lithium plus haloperidol. A causal relationship between these events and the concomitant administration of lithium and haloperidol has not been established; however, patients receiving such combined therapy should be monitored closely for early evidence of neurologic toxicity and treatment discontinued promptly if such signs appear. The possibility of similar adverse interactions with other antipsychotic medication exists.</paragraph><paragraph>Lithium toxicity is closely related to serum lithium levels, and can occur at doses close to therapeutic levels (see <linkHtml href="#DOSAGE">DOSAGE AND ADMINISTRATION</linkHtml>).</paragraph><paragraph>Outpatients and their families should be warned that the patient must discontinue lithium carbonate therapy and contact his physician if such clinical signs of lithium toxicity as diarrhea, vomiting, tremor, mild ataxia, drowsiness, or muscular weakness occur.</paragraph><paragraph>Lithium carbonate may impair mental and/or physical abilities. Caution patients about activities requiring alertness (e.g., operating vehicles or machinery).</paragraph><paragraph>Lithium may prolong the effects of neuromuscular blocking agents. Therefore, neuromuscular blocking agents should be given with caution to patients receiving lithium.</paragraph></text>
<effectiveTime value="20060612" />
<component>
<section>
<id root="1E72F81C-38D7-E514-B215-02AABD7AE192" />
<code code="42229-5" codeSystem="2.16.840.1.113883.6.1" codeSystemName="LOINC" displayName="SPL UNCLASSIFIED SECTION" />
<title mediaType="text/x-hl7-title+xml">Usage in Pregnancy</title>
<text><paragraph>Adverse effects on nidation in rats, embryo viability in mice, and metabolism <content styleCode="italics">in vitro</content> of rat testis and human spermatozoa have been attributed to lithium, as have teratogenicity in sub-mammalian species and cleft palates in mice. Studies in rats, rabbits, and monkeys have shown no evidence of lithium-induced teratology.</paragraph><paragraph>In humans, lithium carbonate may cause fetal harm when administered to a pregnant woman. Data from lithium birth registries suggest an increase in cardiac and other anomalies, especially Ebstein's anomaly. If this drug is used during pregnancy, or if a patient becomes pregnant while taking this drug, the patient should be apprised of the potential hazard to the fetus.</paragraph><paragraph>There are lithium birth registries in the United States and elsewhere; however there is at the present time insufficient data to determine the effects of lithium carbonate on human fetuses. Therefore, at this point, lithium should not be used in pregnancy, especially the first trimester, unless in the opinion of the physician, the potential benefits outweigh the possible hazards.</paragraph></text>
<effectiveTime value="20060612" />
</section>
</component>
<component>
<section>
<id root="B5872FE7-F53F-C814-B8C2-CBAD3DD46CBA" />
<code code="42229-5" codeSystem="2.16.840.1.113883.6.1" codeSystemName="LOINC" displayName="SPL UNCLASSIFIED SECTION" />
<title mediaType="text/x-hl7-title+xml">Usage in Nursing Mothers</title>
<text><paragraph>Lithium is excreted in human milk. Nursing should not be undertaken during lithium therapy except in rare and unusual circumstances where, in the view of the physician, the potential benefits to the mother outweigh possible hazards to the child.</paragraph></text>
<effectiveTime value="20060612" />
</section>
</component>
<component>
<section>
<id root="BDB3254D-9213-B3A4-6E0E-4EB775B48762" />
<code code="42229-5" codeSystem="2.16.840.1.113883.6.1" codeSystemName="LOINC" displayName="SPL UNCLASSIFIED SECTION" />
<title mediaType="text/x-hl7-title+xml">Usage in Children</title>
<text><paragraph>Since information regarding the safety and effectiveness of lithium carbonate in children under 12 years of age is not available, its use in such patients is not recommended at this time. There has been a report of a transient syndrome of acute dystonia and hyperreflexia occurring in a 15 kg child who ingested 300 mg of lithium carbonate.</paragraph></text>
<effectiveTime value="20060612" />
</section>
</component>
</section>
</component>
<component>
<section ID="PRECAUTIONS">
<id root="52A94598-19D1-3390-B876-59F77737C6D0" />
<code code="42232-9" codeSystem="2.16.840.1.113883.6.1" codeSystemName="LOINC" displayName="PRECAUTIONS SECTION" />
<title mediaType="text/x-hl7-title+xml">PRECAUTIONS</title>
<text><paragraph>The ability to tolerate lithium is greater during the acute manic phase and decreases when manic symptoms subside (see <linkHtml href="#DOSAGE">DOSAGE AND ADMINISTRATION</linkHtml>).</paragraph></text>
<effectiveTime value="20060612" />
<component>
<section>
<id root="2141151A-73ED-DA42-AC43-B2B4AC8B0D82" />
<code code="34073-7" codeSystem="2.16.840.1.113883.6.1" codeSystemName="LOINC" displayName="DRUG INTERACTIONS SECTION" />
<title mediaType="text/x-hl7-title+xml">Drug Interactions</title>
<text><paragraph>Caution should be used when lithium and diuretics or angiotensin converting enzyme (ACE) inhibitors are used concomitantly because sodium loss may reduce the renal clearance of lithium and increase serum lithium levels with risk of lithium toxicity. When such combinations are used, the lithium dosage may need to be decreased, and more frequent monitoring of lithium plasma levels is recommended.</paragraph><paragraph>The distribution space of lithium approximates that of total body water. Lithium is primarily excreted in urine with insignificant excretion in feces. Renal excretion of lithium is proportional to its plasma concentration. The half-life of elimination of lithium is approximately 24 hours. Lithium decreases sodium reabsorption by the renal tubules which could lead to sodium depletion. Therefore, it is essential for the patient to maintain a normal diet, including salt, and an adequate fluid intake (2500&#8211;3000 ml) at least during the initial stabilization period. Decreased tolerance to lithium has been reported to ensue from protracted sweating or diarrhea and, if such occur, supplemental fluid and salt should be administered.</paragraph><paragraph><content styleCode="bold">In addition to sweating and diarrhea,</content> concomitant infection with elevated temperatures may also necessitate a temporary reduction or cessation of medication.</paragraph><paragraph>Previously existing underlying thyroid disorders do not necessarily constitute a contraindication to lithium treatment; where hypothyroidism exists, careful monitoring of thyroid function during lithium stabilization and maintenance allows for correction of changing thyroid parameters, if any; where hypothyroidism occurs during lithium stabilization and maintenance, supplemental thyroid treatment may be used.</paragraph><paragraph>This product contains FD&amp;C Yellow No. 5 (tartrazine) which may cause allergic-type reactions (including bronchial asthma) in certain susceptible individuals. Although the over-all incidence of FD&amp;C Yellow No. 5 (tartrazine) sensitivity in the general population is low, it is frequently seen in patients who also have aspirin hypersensitivity.</paragraph><paragraph>Indomethacin and piroxicam have been reported to increase significantly, steady state plasma lithium levels. In some cases lithium toxicity has resulted from such interactions. There is also some evidence that other nonsteroidal, anti-inflammatory agents may have a similar effect. When such combinations are used, increased plasma lithium level monitoring is recommended.</paragraph></text>
<effectiveTime value="20060612" />
</section>
</component>
</section>
</component>
<component>
<section ID="ADVERSE">
<id root="6931E2E1-3357-69B0-893B-FB6C2D7507CA" />
<code code="34084-4" codeSystem="2.16.840.1.113883.6.1" codeSystemName="LOINC" displayName="ADVERSE REACTIONS SECTION" />
<title mediaType="text/x-hl7-title+xml">ADVERSE REACTIONS</title>
<text><paragraph>Adverse reactions are seldom encountered at serum lithium levels below 1.5 mEq./l., except in the occasional patient sensitive to lithium. Mild to moderate toxic reactions may occur at levels from 1.5&#8211;2.5 mEq./l., and moderate to severe reactions may be seen at levels from 2.0&#8211;2.5 mEq./l., depending upon individual response to the drug.</paragraph><paragraph>Fine hand tremor, polyuria, and mild thirst may occur during initial therapy for the acute manic phase, and may persist throughout treatment. Transient and mild nausea and general discomfort may also appear during the first few days of lithium administration.</paragraph><paragraph>These side effects are an inconvenience rather than a disabling condition, and usually subside with continued treatment or a temporary reduction or cessation of dosage. If persistent, a cessation of dosage is indicated.</paragraph><paragraph>Diarrhea, vomiting, drowsiness, muscular weakness, and lack of coordination may be early signs of lithium intoxication, and can occur at lithium levels below 2.0 mEq./l. At higher levels, giddiness, ataxia, blurred vision, tinnitus, and a large output of dilute urine may be seen. Serum lithium levels above 3.0 mEq./l. may produce a complex clinical picture involving multiple organs and organ systems. Serum lithium levels should not be permitted to exceed 2.0 mEq./l. during the acute treatment phase.</paragraph><paragraph>The following reactions have been reported and appear to be related to serum lithium levels, including levels within the therapeutic range:</paragraph><list listType="unordered"><item><caption>&#160;</caption><content styleCode="bold">Neurological:</content> Cases of pseudotumor cerebri (increased intracranial pressure and papilledema) have been reported with lithium use. If undetected, this condition may result in enlargement of the blind spot, constriction of visual fields and eventual blindness due to optic atrophy. Lithium should be discontinued, if clinically possible, if this syndrome occurs.</item><item><caption>&#160;</caption><content styleCode="bold">Neuromuscular:</content> tremor, muscle hyperirritability (fasciculations, twitching, clonic movements of whole limbs), ataxia, choreo-athetotic movements, hyperactive deep tendon reflexes.</item><item><caption>&#160;</caption><content styleCode="bold">Central Nervous System:</content> blackout spells, epileptiform seizures, slurred speech, dizziness, vertigo, incontinence of urine or feces, somnolence, psychomotor retardation, restlessness, confusion, stupor, coma, acute dystonia, and downbeat nystagmus.</item><item><caption>&#160;</caption><content styleCode="bold">Cardiovascular:</content> cardiac arrhythmia, hypotension, peripheral circulatory collapse.</item><item><caption>&#160;</caption><content styleCode="bold">Gastrointestinal:</content> anorexia, nausea, vomiting, diarrhea.</item><item><caption>&#160;</caption><content styleCode="bold">Genitourinary:</content> albuminuria, oliguria, polyuria, glycosuria.</item><item><caption>&#160;</caption><content styleCode="bold">Dermatologic:</content> drying and thinning of hair, anesthesia of skin, chronic folliculitis, xerosis cutis, alopecia, and exacerbation of psoriasis.</item><item><caption>&#160;</caption><content styleCode="bold">Autonomic Nervous System:</content> blurred vision, dry mouth.</item><item><caption>&#160;</caption><content styleCode="bold">Thyroid Abnormalities:</content> Euthyroid goiter and/or hypothyroidism (including myxedema) accompanied by lower T<sub>3</sub> and T<sub>4</sub>. I<sup>131</sup> iodine uptake may be elevated. (See <linkHtml href="#PRECAUTIONS">Precautions</linkHtml>.) Paradoxically, rare cases of hyperthyroidism have been reported.</item><item><caption>&#160;</caption><content styleCode="bold">EEG. Changes:</content> diffuse slowing, widening of frequency spectrum, potentiation and disorganization of background rhythm.</item><item><caption>&#160;</caption><content styleCode="bold">EKG. Changes:</content> reversible flattening, isoelectricity or inversion of T-waves.</item><item><caption>&#160;</caption><content styleCode="bold">Miscellaneous:</content> fatigue, lethargy, tendency to sleep, dehydration, weight loss, transient scotomata.</item></list></text>
<effectiveTime value="20060612" />
<component>
<section>
<id root="A19F69E0-D8E0-850D-52C3-969A7304D08D" />
<code code="42229-5" codeSystem="2.16.840.1.113883.6.1" codeSystemName="LOINC" displayName="SPL UNCLASSIFIED SECTION" />
<title mediaType="text/x-hl7-title+xml" />
<text><paragraph><content styleCode="bold">Miscellaneous reactions unrelated to dosage are:</content> transient electroencephalographic and electrocardiographic changes, leucocytosis, headache, diffuse non-toxic goiter with or without hypothyroidism, transient hyperglycemia, generalized pruritus with or without rash, cutaneous ulcers, albuminuria, worsening of organic brain syndromes, excessive weight gain, edematous swelling of ankles or wrists, and thirst or polyuria, sometimes resembling diabetes insipidus, and metallic taste. A single report has been received of the development of painful discoloration of fingers and toes and coldness of the extremities within one day of the starting of treatment of lithium. The mechanism through which these symptoms (resembling Raynaud's Syndrome) developed is not known. Recovery followed discontinuance.</paragraph></text>
<effectiveTime value="20060612" />
</section>
</component>
</section>
</component>
<component>
<section ID="DOSAGE">
<id root="845C11A5-DF11-B837-E262-122854520230" />
<code code="34068-7" codeSystem="2.16.840.1.113883.6.1" codeSystemName="LOINC" displayName="DOSAGE &amp; ADMINISTRATION SECTION" />
<title mediaType="text/x-hl7-title+xml">DOSAGE AND ADMINISTRATION</title>
<effectiveTime value="20060612" />
<component>
<section>
<id root="5790BFDB-18CC-07C8-AED1-CD9D5A9AFD7F" />
<code code="42229-5" codeSystem="2.16.840.1.113883.6.1" codeSystemName="LOINC" displayName="SPL UNCLASSIFIED SECTION" />
<title mediaType="text/x-hl7-title+xml">Acute Mania</title>
<text><paragraph>Optimal patient response to lithium carbonate usually can be established and maintained with 600 mg t.i.d. Such doses will normally produce an effective serum lithium level ranging between 1.0 and 1.5 mEq./l. Dosage must be individualized according to serum levels and clinical response. Regular monitoring of the patient's clinical state and of serum lithium levels is necessary. Serum levels should be determined twice per week during the acute phase, and until the serum level and clinical condition of the patient have been stabilized.</paragraph></text>
<effectiveTime value="20060612" />
</section>
</component>
<component>
<section>
<id root="DE00BA40-FA80-BA1C-F8C5-C53B77C39563" />
<code code="42229-5" codeSystem="2.16.840.1.113883.6.1" codeSystemName="LOINC" displayName="SPL UNCLASSIFIED SECTION" />
<title mediaType="text/x-hl7-title+xml">Long term Control</title>
<text><paragraph>The desirable lithium levels are 0.6 to 1.2 mEq./l. Dosage will vary from one individual to another, but usually 300 mg t.i.d. or q.i.d will maintain this level. Serum lithium levels in uncomplicated cases receiving maintenance therapy during remission should be monitored at least every two months.</paragraph><paragraph>Patients abnormally sensitive to lithium may exhibit toxic signs at serum levels of 1.0 to 1.5 mEq./l. Elderly patients often respond to reduced dosage, and may exhibit signs of toxicity at serum levels ordinarily tolerated by other patients.</paragraph></text>
<effectiveTime value="20060612" />
</section>
</component>
<component>
<section>
<id root="13817A2A-77FD-10EC-4F67-9F097262D4F4" />
<code code="42229-5" codeSystem="2.16.840.1.113883.6.1" codeSystemName="LOINC" displayName="SPL UNCLASSIFIED SECTION" />
<title mediaType="text/x-hl7-title+xml">N.B.</title>
<text><paragraph>Blood samples for serum lithium determinations should be drawn immediately prior to the next dose when lithium concentrations are relatively stable (i.e., 8&#8211;12 hours after the previous dose). Total reliance must not be placed on serum levels alone. Accurate patient evaluation requires both clinical and laboratory analysis.</paragraph></text>
<effectiveTime value="20060612" />
</section>
</component>
</section>
</component>
<component>
<section>
<id root="5D34AD92-FF97-290C-DFFA-8903E5FEC802" />
<code code="34088-5" codeSystem="2.16.840.1.113883.6.1" codeSystemName="LOINC" displayName="OVERDOSAGE SECTION" />
<title mediaType="text/x-hl7-title+xml">OVERDOSAGE</title>
<text><paragraph>The toxic levels for lithium are close to the therapeutic levels. It is therefore important that patients and their families be cautioned to watch for early toxic symptoms and to discontinue the drug and inform the physician should they occur. Toxic symptoms are listed in detail under <linkHtml href="#ADVERSE">ADVERSE REACTIONS</linkHtml>.</paragraph></text>
<effectiveTime value="20060612" />
<component>
<section>
<id root="362648A8-D0BC-520C-A03E-70E5A99ACADD" />
<code code="42229-5" codeSystem="2.16.840.1.113883.6.1" codeSystemName="LOINC" displayName="SPL UNCLASSIFIED SECTION" />
<title mediaType="text/x-hl7-title+xml">Treatment</title>
<text><paragraph>No specific antidote for lithium poisoning is known. Early symptoms of lithium toxicity can usually be treated by reduction or cessation of dosage of the drug and resumption of the treatment at a lower dose after 24 to 48 hours. In severe cases of lithium poisoning, the first and foremost goal of treatment consists of elimination of this ion from the organism.</paragraph><paragraph>Treatment is essentially the same as that used in barbiturate poisoning: 1) lavage, 2) correction of fluid and electrolyte imbalance, and 3) regulation of kidney functioning. Urea, mannitol, and aminophylline all produce significant increases in lithium excretion. Hemodialysis is an effective and rapid means of removing the ion from the severely toxic patient. Infection prophylaxis, regular chest X-rays, and preservation of adequate respiration are essential.</paragraph></text>
<effectiveTime value="20060612" />
</section>
</component>
</section>
</component>
<component>
<section>
<id root="1F0EC56D-F45F-DBAC-E043-B33B45A6D5F0" />
<code code="34069-5" codeSystem="2.16.840.1.113883.6.1" codeSystemName="LOINC" displayName="HOW SUPPLIED SECTION" />
<title mediaType="text/x-hl7-title+xml">HOW SUPPLIED</title>
<text><paragraph>Lithane (lithium carbonate) is available as scored tablets containing 300 mg of lithium carbonate in bottles of 100 (NDC 0026-2951-51), and 1000 (NDC 0026-2951-54).</paragraph></text>
<effectiveTime value="20060612" />
</section>
</component>
<component>
<section>
<id root="18594DB6-DB45-3B7C-CFDF-45EC93FF34FF" />
<code code="42229-5" codeSystem="2.16.840.1.113883.6.1" codeSystemName="LOINC" displayName="SPL UNCLASSIFIED SECTION" />
<title mediaType="text/x-hl7-title+xml" />
<text><paragraph>Manufactured for<br /><content styleCode="bold">Miles Pharmaceuticals</content><br />Division of Miles Laboratories, Inc.<br />West Haven, Connecticut 06516 USA<br />by Pfizer Inc., New York, N.Y. 10017</paragraph><paragraph>LAB-0140-2.0</paragraph></text>
<effectiveTime value="20060612" />
</section>
</component>
</structuredBody>
</component>
</document>
