<?xml version="1.0" encoding="UTF-8"?>
<?xml-stylesheet href="http://www.fda.gov/oc/datacouncil/stylesheets/spl/spl.xsl" type="text/xsl"?><document xmlns="urn:hl7-org:v3" xmlns:voc="http://www.hl7.org/v3/voc" xmlns:xsi="http://www.w3.org/2001/XMLSchema-instance" xsi:schemaLocation="urn:hl7-org:v3 http://www.fda.gov/oc/datacouncil/schemas/spl/spl.xsd">
<id root="AD64EE99-9E6B-412A-AD63-C6667C7AF332" />
<code code="34391-3" codeSystem="2.16.840.1.113883.6.1" codeSystemName="LOINC" displayName="HUMAN PRESCRIPTION DRUG LABELING" />
<title mediaType="text/x-hl7-title+xml">Cordran<sup>&#174;</sup> SP Cream<br />
and<br />
Cordran<sup>&#174;</sup> Ointment<br />
Flurandrenolide, USP</title>
<effectiveTime value="20060605" />
<setId root="AD64EE99-9E6B-412A-AD63-C6667C7AF332" />
<versionNumber value="2" />
<author>
  <time/>
  <assignedEntity>
   <representedOrganization>
    <name>Oclassen Dermatologics</name>
   </representedOrganization>
  </assignedEntity>
</author>
<component>
<structuredBody>
<component>
<section>
<id root="68164ACC-B417-6203-2C7D-AD9C3DF71E7E" />
<effectiveTime value="20060605" />
<subject>
<manufacturedProduct>
<manufacturedMedicine>
<code code="55515-035" codeSystem="2.16.840.1.113883.6.69" />
<name>Cordran</name>
<formCode code="C28944" codeSystem="2.16.840.1.113883.3.26.1.1" displayName="CREAM" />
<activeIngredient>
<quantity>
<numerator unit="mg" value="0.5">
<translation code="C28253" codeSystem="2.16.840.1.113883.3.26.1.1" displayName="MILLIGRAM" value="0.5" />
</numerator>
<denominator unit="g" value="1">
<translation code="C48155" codeSystem="2.16.840.1.113883.3.26.1.1" displayName="GRAM" value="1" />
</denominator>
</quantity>
<activeIngredientSubstance>
<code code="8EUL29XUQT" codeSystem="2.16.840.1.113883.4.9" codeSystemName="FDA SRS" />
<name>flurandrenolide</name>
<activeMoiety>
<activeMoiety>
<code code="8EUL29XUQT" codeSystem="2.16.840.1.113883.4.9" codeSystemName="FDA SRS" />
<name>flurandrenolide</name>
</activeMoiety>
</activeMoiety>
</activeIngredientSubstance>
</activeIngredient>
<asEntityWithGeneric>
<genericMedicine>
<name>Flurandrenolide</name>
</genericMedicine>
</asEntityWithGeneric>
<inactiveIngredient>
<inactiveIngredientSubstance>
<code code="936JST6JCN" codeSystem="2.16.840.1.113883.4.9" codeSystemName="FDA SRS" />
<name>cetyl alcohol</name>
</inactiveIngredientSubstance>
</inactiveIngredient>
<inactiveIngredient>
<inactiveIngredientSubstance>
<code code="2968PHW8QP" codeSystem="2.16.840.1.113883.4.9" codeSystemName="FDA SRS" />
<name>citric acid</name>
</inactiveIngredientSubstance>
</inactiveIngredient>
<inactiveIngredient>
<inactiveIngredientSubstance>
<name>mineral oil</name>
</inactiveIngredientSubstance>
</inactiveIngredient>
<inactiveIngredient>
<inactiveIngredientSubstance>
<name>polyoxyl 40 stearate</name>
</inactiveIngredientSubstance>
</inactiveIngredient>
<inactiveIngredient>
<inactiveIngredientSubstance>
<code code="6DC9Q167V3" codeSystem="2.16.840.1.113883.4.9" codeSystemName="FDA SRS" />
<name>propylene glycol</name>
</inactiveIngredientSubstance>
</inactiveIngredient>
<inactiveIngredient>
<inactiveIngredientSubstance>
<code code="1Q73Q2JULR" codeSystem="2.16.840.1.113883.4.9" codeSystemName="FDA SRS" />
<name>sodium citrate</name>
</inactiveIngredientSubstance>
</inactiveIngredient>
<inactiveIngredient>
<inactiveIngredientSubstance>
<code code="4ELV7Z65AP" codeSystem="2.16.840.1.113883.4.9" codeSystemName="FDA SRS" />
<name>stearic acid</name>
</inactiveIngredientSubstance>
</inactiveIngredient>
<inactiveIngredient>
<inactiveIngredientSubstance>
<name>purified water</name>
</inactiveIngredientSubstance>
</inactiveIngredient>
<asContent>
<quantity>
<numerator unit="g" value="15">
<translation code="C48155" codeSystem="2.16.840.1.113883.3.26.1.1" displayName="GRAM" value="15" />
</numerator>
<denominator value="1">
<translation value="1" />
</denominator>
</quantity>
<containerPackagedMedicine>
<code code="55515-035-15" codeSystem="2.16.840.1.113883.6.69" />
<formCode code="C42794" codeSystem="2.16.840.1.113883.3.26.1.1" displayName="TUBE" />
</containerPackagedMedicine>
</asContent>
<asContent>
<quantity>
<numerator unit="g" value="30">
<translation code="C48155" codeSystem="2.16.840.1.113883.3.26.1.1" displayName="GRAM" value="30" />
</numerator>
<denominator value="1">
<translation value="1" />
</denominator>
</quantity>
<containerPackagedMedicine>
<code code="55515-035-30" codeSystem="2.16.840.1.113883.6.69" />
<formCode code="C42794" codeSystem="2.16.840.1.113883.3.26.1.1" displayName="TUBE" />
</containerPackagedMedicine>
</asContent>
<asContent>
<quantity>
<numerator unit="g" value="60">
<translation code="C48155" codeSystem="2.16.840.1.113883.3.26.1.1" displayName="GRAM" value="60" />
</numerator>
<denominator value="1">
<translation value="1" />
</denominator>
</quantity>
<containerPackagedMedicine>
<code code="55515-035-60" codeSystem="2.16.840.1.113883.6.69" />
<formCode code="C42794" codeSystem="2.16.840.1.113883.3.26.1.1" displayName="TUBE" />
</containerPackagedMedicine>
</asContent>
</manufacturedMedicine>
<consumedIn>
<substanceAdministration>
<routeCode code="C38304" codeSystem="2.16.840.1.113883.3.26.1.1" displayName="TOPICAL" />
</substanceAdministration>
</consumedIn>
</manufacturedProduct>
</subject>
<subject>
<manufacturedProduct>
<manufacturedMedicine>
<code code="55515-034" codeSystem="2.16.840.1.113883.6.69" />
<name>Cordran</name>
<formCode code="C28944" codeSystem="2.16.840.1.113883.3.26.1.1" displayName="CREAM" />
<activeIngredient>
<quantity>
<numerator unit="mg" value="0.25">
<translation code="C28253" codeSystem="2.16.840.1.113883.3.26.1.1" displayName="MILLIGRAM" value="0.25" />
</numerator>
<denominator unit="g" value="1">
<translation code="C48155" codeSystem="2.16.840.1.113883.3.26.1.1" displayName="GRAM" value="1" />
</denominator>
</quantity>
<activeIngredientSubstance>
<code code="8EUL29XUQT" codeSystem="2.16.840.1.113883.4.9" codeSystemName="FDA SRS" />
<name>flurandrenolide</name>
<activeMoiety>
<activeMoiety>
<code code="8EUL29XUQT" codeSystem="2.16.840.1.113883.4.9" codeSystemName="FDA SRS" />
<name>flurandrenolide</name>
</activeMoiety>
</activeMoiety>
</activeIngredientSubstance>
</activeIngredient>
<asEntityWithGeneric>
<genericMedicine>
<name>Flurandrenolide</name>
</genericMedicine>
</asEntityWithGeneric>
<inactiveIngredient>
<inactiveIngredientSubstance>
<code code="936JST6JCN" codeSystem="2.16.840.1.113883.4.9" codeSystemName="FDA SRS" />
<name>cetyl alcohol</name>
</inactiveIngredientSubstance>
</inactiveIngredient>
<inactiveIngredient>
<inactiveIngredientSubstance>
<code code="2968PHW8QP" codeSystem="2.16.840.1.113883.4.9" codeSystemName="FDA SRS" />
<name>citric acid</name>
</inactiveIngredientSubstance>
</inactiveIngredient>
<inactiveIngredient>
<inactiveIngredientSubstance>
<name>mineral oil</name>
</inactiveIngredientSubstance>
</inactiveIngredient>
<inactiveIngredient>
<inactiveIngredientSubstance>
<name>polyoxyl 40 stearate</name>
</inactiveIngredientSubstance>
</inactiveIngredient>
<inactiveIngredient>
<inactiveIngredientSubstance>
<code code="6DC9Q167V3" codeSystem="2.16.840.1.113883.4.9" codeSystemName="FDA SRS" />
<name>propylene glycol</name>
</inactiveIngredientSubstance>
</inactiveIngredient>
<inactiveIngredient>
<inactiveIngredientSubstance>
<code code="1Q73Q2JULR" codeSystem="2.16.840.1.113883.4.9" codeSystemName="FDA SRS" />
<name>sodium citrate</name>
</inactiveIngredientSubstance>
</inactiveIngredient>
<inactiveIngredient>
<inactiveIngredientSubstance>
<code code="4ELV7Z65AP" codeSystem="2.16.840.1.113883.4.9" codeSystemName="FDA SRS" />
<name>stearic acid</name>
</inactiveIngredientSubstance>
</inactiveIngredient>
<inactiveIngredient>
<inactiveIngredientSubstance>
<name>purified water</name>
</inactiveIngredientSubstance>
</inactiveIngredient>
<asContent>
<quantity>
<numerator unit="g" value="30">
<translation code="C48155" codeSystem="2.16.840.1.113883.3.26.1.1" displayName="GRAM" value="30" />
</numerator>
<denominator value="1">
<translation value="1" />
</denominator>
</quantity>
<containerPackagedMedicine>
<code code="55515-034-30" codeSystem="2.16.840.1.113883.6.69" />
<formCode code="C42794" codeSystem="2.16.840.1.113883.3.26.1.1" displayName="TUBE" />
</containerPackagedMedicine>
</asContent>
<asContent>
<quantity>
<numerator unit="g" value="60">
<translation code="C48155" codeSystem="2.16.840.1.113883.3.26.1.1" displayName="GRAM" value="60" />
</numerator>
<denominator value="1">
<translation value="1" />
</denominator>
</quantity>
<containerPackagedMedicine>
<code code="55515-034-60" codeSystem="2.16.840.1.113883.6.69" />
<formCode code="C42794" codeSystem="2.16.840.1.113883.3.26.1.1" displayName="TUBE" />
</containerPackagedMedicine>
</asContent>
</manufacturedMedicine>
<consumedIn>
<substanceAdministration>
<routeCode code="C38304" codeSystem="2.16.840.1.113883.3.26.1.1" displayName="TOPICAL" />
</substanceAdministration>
</consumedIn>
</manufacturedProduct>
</subject>
<subject>
<manufacturedProduct>
<manufacturedMedicine>
<code code="55515-026" codeSystem="2.16.840.1.113883.6.69" />
<name>Cordran</name>
<formCode code="C42966" codeSystem="2.16.840.1.113883.3.26.1.1" displayName="OINTMENT" />
<activeIngredient>
<quantity>
<numerator unit="mg" value="0.5">
<translation code="C28253" codeSystem="2.16.840.1.113883.3.26.1.1" displayName="MILLIGRAM" value="0.5" />
</numerator>
<denominator unit="g" value="1">
<translation code="C48155" codeSystem="2.16.840.1.113883.3.26.1.1" displayName="GRAM" value="1" />
</denominator>
</quantity>
<activeIngredientSubstance>
<code code="8EUL29XUQT" codeSystem="2.16.840.1.113883.4.9" codeSystemName="FDA SRS" />
<name>flurandrenolide</name>
<activeMoiety>
<activeMoiety>
<code code="8EUL29XUQT" codeSystem="2.16.840.1.113883.4.9" codeSystemName="FDA SRS" />
<name>flurandrenolide</name>
</activeMoiety>
</activeMoiety>
</activeIngredientSubstance>
</activeIngredient>
<asEntityWithGeneric>
<genericMedicine>
<name>Flurandrenolide</name>
</genericMedicine>
</asEntityWithGeneric>
<inactiveIngredient>
<inactiveIngredientSubstance>
<name>white wax</name>
</inactiveIngredientSubstance>
</inactiveIngredient>
<inactiveIngredient>
<inactiveIngredientSubstance>
<code code="936JST6JCN" codeSystem="2.16.840.1.113883.4.9" codeSystemName="FDA SRS" />
<name>cetyl alcohol</name>
</inactiveIngredientSubstance>
</inactiveIngredient>
<inactiveIngredient>
<inactiveIngredientSubstance>
<name>sorbitan sesquioleate</name>
</inactiveIngredientSubstance>
</inactiveIngredient>
<inactiveIngredient>
<inactiveIngredientSubstance>
<name>white petrolatum</name>
</inactiveIngredientSubstance>
</inactiveIngredient>
<asContent>
<quantity>
<numerator unit="g" value="15">
<translation code="C48155" codeSystem="2.16.840.1.113883.3.26.1.1" displayName="GRAM" value="15" />
</numerator>
<denominator value="1">
<translation value="1" />
</denominator>
</quantity>
<containerPackagedMedicine>
<code code="55515-026-15" codeSystem="2.16.840.1.113883.6.69" />
<formCode code="C42794" codeSystem="2.16.840.1.113883.3.26.1.1" displayName="TUBE" />
</containerPackagedMedicine>
</asContent>
<asContent>
<quantity>
<numerator unit="g" value="30">
<translation code="C48155" codeSystem="2.16.840.1.113883.3.26.1.1" displayName="GRAM" value="30" />
</numerator>
<denominator value="1">
<translation value="1" />
</denominator>
</quantity>
<containerPackagedMedicine>
<code code="55515-026-30" codeSystem="2.16.840.1.113883.6.69" />
<formCode code="C42794" codeSystem="2.16.840.1.113883.3.26.1.1" displayName="TUBE" />
</containerPackagedMedicine>
</asContent>
<asContent>
<quantity>
<numerator unit="g" value="60">
<translation code="C48155" codeSystem="2.16.840.1.113883.3.26.1.1" displayName="GRAM" value="60" />
</numerator>
<denominator value="1">
<translation value="1" />
</denominator>
</quantity>
<containerPackagedMedicine>
<code code="55515-026-60" codeSystem="2.16.840.1.113883.6.69" />
<formCode code="C42794" codeSystem="2.16.840.1.113883.3.26.1.1" displayName="TUBE" />
</containerPackagedMedicine>
</asContent>
</manufacturedMedicine>
<consumedIn>
<substanceAdministration>
<routeCode code="C38304" codeSystem="2.16.840.1.113883.3.26.1.1" displayName="TOPICAL" />
</substanceAdministration>
</consumedIn>
</manufacturedProduct>
</subject>
<subject>
<manufacturedProduct>
<manufacturedMedicine>
<code code="55515-024" codeSystem="2.16.840.1.113883.6.69" />
<name>Cordran</name>
<formCode code="C42966" codeSystem="2.16.840.1.113883.3.26.1.1" displayName="OINTMENT" />
<activeIngredient>
<quantity>
<numerator unit="mg" value="0.25">
<translation code="C28253" codeSystem="2.16.840.1.113883.3.26.1.1" displayName="MILLIGRAM" value="0.25" />
</numerator>
<denominator unit="g" value="1">
<translation code="C48155" codeSystem="2.16.840.1.113883.3.26.1.1" displayName="GRAM" value="1" />
</denominator>
</quantity>
<activeIngredientSubstance>
<code code="8EUL29XUQT" codeSystem="2.16.840.1.113883.4.9" codeSystemName="FDA SRS" />
<name>flurandrenolide</name>
<activeMoiety>
<activeMoiety>
<code code="8EUL29XUQT" codeSystem="2.16.840.1.113883.4.9" codeSystemName="FDA SRS" />
<name>flurandrenolide</name>
</activeMoiety>
</activeMoiety>
</activeIngredientSubstance>
</activeIngredient>
<asEntityWithGeneric>
<genericMedicine>
<name>Flurandrenolide</name>
</genericMedicine>
</asEntityWithGeneric>
<inactiveIngredient>
<inactiveIngredientSubstance>
<name>white wax</name>
</inactiveIngredientSubstance>
</inactiveIngredient>
<inactiveIngredient>
<inactiveIngredientSubstance>
<code code="936JST6JCN" codeSystem="2.16.840.1.113883.4.9" codeSystemName="FDA SRS" />
<name>cetyl alcohol</name>
</inactiveIngredientSubstance>
</inactiveIngredient>
<inactiveIngredient>
<inactiveIngredientSubstance>
<name>sorbitan sesquioleate</name>
</inactiveIngredientSubstance>
</inactiveIngredient>
<inactiveIngredient>
<inactiveIngredientSubstance>
<name>white petrolatum</name>
</inactiveIngredientSubstance>
</inactiveIngredient>
<asContent>
<quantity>
<numerator unit="g" value="30">
<translation code="C48155" codeSystem="2.16.840.1.113883.3.26.1.1" displayName="GRAM" value="30" />
</numerator>
<denominator value="1">
<translation value="1" />
</denominator>
</quantity>
<containerPackagedMedicine>
<code code="55515-024-30" codeSystem="2.16.840.1.113883.6.69" />
<formCode code="C42794" codeSystem="2.16.840.1.113883.3.26.1.1" displayName="TUBE" />
</containerPackagedMedicine>
</asContent>
<asContent>
<quantity>
<numerator unit="g" value="60">
<translation code="C48155" codeSystem="2.16.840.1.113883.3.26.1.1" displayName="GRAM" value="60" />
</numerator>
<denominator value="1">
<translation value="1" />
</denominator>
</quantity>
<containerPackagedMedicine>
<code code="55515-024-60" codeSystem="2.16.840.1.113883.6.69" />
<formCode code="C42794" codeSystem="2.16.840.1.113883.3.26.1.1" displayName="TUBE" />
</containerPackagedMedicine>
</asContent>
</manufacturedMedicine>
<consumedIn>
<substanceAdministration>
<routeCode code="C38304" codeSystem="2.16.840.1.113883.3.26.1.1" displayName="TOPICAL" />
</substanceAdministration>
</consumedIn>
</manufacturedProduct>
</subject>
</section>
</component>
<component>
<section>
<id root="413F6F82-76C0-8F58-66EA-A70C2A3D9657" />
<code code="34089-3" codeSystem="2.16.840.1.113883.6.1" displayName="DESCRIPTION SECTION" />
<title mediaType="text/x-hl7-title+xml">DESCRIPTION</title>
<text><paragraph>Cordran<sup>&#174;</sup> (Flurandrenolide, USP) is a potent corticosteroid intended for topical use. Flurandrenolide occurs as white to off-white, fluffy, crystalline powder and is odorless. Flurandrenolide is practically insoluble in water and in ether. One g dissolves in 72 mL of alcohol and in 10 mL of chloroform. The molecular weight of flurandrenolide is 436.52.</paragraph><paragraph>The chemical name of flurandrenolide is Pregn-4-ene-3,20-dione, 6-fluoro-11,21-dihydroxy-16,17-[(1-methylethylidene)bis (oxy)]-, (6&#945;, 11&#946;, 16&#945;)-; its empirical formula is C<sub>24</sub>H<sub>33</sub>FO<sub>6</sub>. The structure is as follows:</paragraph><renderMultiMedia referencedObject="MM1" /><paragraph>Each g of Cordran<sup>&#174;</sup> SP Cream (Flurandrenolide Cream, USP) contains 0.5 mg (1.145 &#956;mol; 0.05%) or 0.25 mg (0.57 &#956;mol; 0.025%) flurandrenolide in an emulsified base composed of cetyl alcohol, citric acid, mineral oil, polyoxyl 40 stearate, propylene glycol, sodium citrate, stearic acid, and purified water.</paragraph><paragraph>Each g of Cordran<sup>&#174;</sup> Ointment (Flurandrenolide Ointment, USP) contains 0.5 mg (1.145 &#956;mol; 0.05%) or 0.25 mg (0.57 &#956;mol; 0.025%) flurandrenolide in a base composed of white wax, cetyl alcohol, sorbitan sesquioleate, and white petrolatum.</paragraph></text>
<effectiveTime value="20060605" />
</section>
</component>
<component>
<section>
<id root="CE1C05DE-2E16-FC2E-FECE-0DC9C9FFD59B" />
<code code="34090-1" codeSystem="2.16.840.1.113883.6.1" displayName="CLINICAL PHARMACOLOGY SECTION" />
<title mediaType="text/x-hl7-title+xml">CLINICAL PHARMACOLOGY</title>
<text><paragraph>Cordran is primarily effective because of its anti-inflammatory, antipruritic, and vasoconstrictive actions.</paragraph><paragraph>The mechanism of the anti-inflammatory effect of topical corticosteroids is not completely understood. Various laboratory methods, including vasoconstrictor assays, are used to compare and predict potencies and/or clinical efficacies of the topical corticosteroids. There is some evidence to suggest that a recognizable correlation exists between vasoconstrictor potency and therapeutic efficacy in man. Corticosteroids with anti-inflammatory activity may stabilize cellular and lysosomal membranes. There is also the suggestion that the effect on the membranes of lysosomes prevents the release of proteolytic enzymes and, thus, plays a part in reducing inflammation.</paragraph><paragraph><content styleCode="italics">Pharmacokinetics&#8212;</content>The extent of percutaneous absorption of topical corticosteroids is determined by many factors, including the vehicle, the integrity of the epidermal barrier, and the use of occlusive dressings.</paragraph><paragraph>Topical corticosteroids can be absorbed from normal intact skin. Inflammation and/or other disease processes in the skin increase percutaneous absorption. Occlusive dressings substantially increase the percutaneous absorption of topical corticosteroids. Thus, occlusive dressings may be a valuable therapeutic adjunct for treatment of resistant dermatoses (see <linkHtml href="#A27EDEA6-A574-4E3F-AD59-D6AC314130D3">DOSAGE AND ADMINISTRATION</linkHtml>).</paragraph><paragraph>Once absorbed through the skin, topical corticosteroids are handled through pharmacokinetic pathways similar to systemically administered corticosteroids. Corticosteroids are bound to plasma proteins in varying degrees. They are metabolized primarily in the liver and then excreted in the kidneys. Some of the topical corticosteroids and their metabolites are also excreted into the bile.</paragraph></text>
<effectiveTime value="20060605" />
</section>
</component>
<component>
<section>
<id root="166D7149-3C67-6F20-95F8-DCAF729FE327" />
<code code="34067-9" codeSystem="2.16.840.1.113883.6.1" displayName="INDICATIONS &amp; USAGE SECTION" />
<title mediaType="text/x-hl7-title+xml">INDICATIONS AND USAGE</title>
<text><paragraph>Cordran is indicated for the relief of the inflammatory and pruritic manifestations of corticosteroid-responsive dermatoses.</paragraph></text>
<effectiveTime value="20060605" />
</section>
</component>
<component>
<section>
<id root="E70A2954-A0DE-E77E-87BC-7B58822EA86C" />
<code code="34070-3" codeSystem="2.16.840.1.113883.6.1" displayName="CONTRAINDICATIONS SECTION" />
<title mediaType="text/x-hl7-title+xml">CONTRAINDICATIONS</title>
<text><paragraph>Topical corticosteroids are contraindicated in patients with a history of hypersensitivity to any of the components of these preparations.</paragraph></text>
<effectiveTime value="20060605" />
</section>
</component>
<component>
<section ID="A7F8A733-EEA5-43C1-8917-562CFC8CDC2C">
<id root="A40FBFBE-2BFE-4444-1A39-9CAA75863539" />
<code code="42232-9" codeSystem="2.16.840.1.113883.6.1" displayName="PRECAUTIONS SECTION" />
<title mediaType="text/x-hl7-title+xml">PRECAUTIONS</title>
<effectiveTime value="20060605" />
<component>
<section>
<id root="489A941C-5A02-B49C-C8F3-9186DF83096D" />
<code code="34072-9" codeSystem="2.16.840.1.113883.6.1" displayName="GENERAL PRECAUTIONS SECTION" />
<title mediaType="text/x-hl7-title+xml">General</title>
<text><paragraph>Systemic absorption of topical corticosteroids has produced reversible hypothalamic-pituitary-adrenal (HPA) axis suppression, manifestations of Cushing&#8217;s syndrome, hyperglycemia, and glucosuria in some patients.</paragraph><paragraph>Conditions that augment systemic absorption include application of the more potent steroids, use over large surface areas, prolonged use, and the addition of occlusive dressings.</paragraph><paragraph>Therefore, patients receiving a large dose of a potent topical steroid applied to a large surface area or under an occlusive dressing should be evaluated periodically for evidence of HPA axis suppression using urinary-free cortisol and ACTH stimulation tests. If HPA axis suppression is noted, an attempt should be made to withdraw the drug, to reduce the frequency of application, or to substitute a less potent steroid.</paragraph><paragraph>Recovery of HPA axis function is generally prompt and complete upon discontinuation of the drug. Infrequently, signs and symptoms of steroid withdrawal may occur, so that supplemental systemic corticosteroids are required.</paragraph><paragraph>Pediatric patients may absorb proportionately larger amounts of topical corticosteroids and thus be more susceptible to systemic toxicity (see <linkHtml href="#A5C91EEB-C7E4-44AB-987A-29514B63CADF">Pediatric Use</linkHtml> under <content styleCode="bold">PRECAUTIONS</content>).</paragraph><paragraph>If irritation develops, topical corticosteroids should be discontinued and appropriate therapy instituted.</paragraph><paragraph>In the presence of dermatologic infections, the use of an appropriate antifungal or antibacterial agent should be instituted. If a favorable response does not occur promptly, Cordran should be discontinued until the infection has been adequately controlled.</paragraph></text>
<effectiveTime value="20060605" />
</section>
</component>
<component>
<section>
<id root="EE0A1DC7-8C70-7B80-508A-F4E9ACC1217C" />
<code code="34076-0" codeSystem="2.16.840.1.113883.6.1" displayName="INFORMATION FOR PATIENTS SECTION" />
<title mediaType="text/x-hl7-title+xml">Information for the Patient</title>
<text><paragraph>Patients using topical corticosteroids should receive the following information and instructions:</paragraph><list listType="ordered" styleCode="Arabic"><item><paragraph>This medication is to be used as directed by the physician. It is for external use only. Avoid contact with the eyes.</paragraph></item><item><paragraph>Patients should be advised not to use this medication for any disorder other than that for which it was prescribed.</paragraph></item><item><paragraph>The treated skin area should not be bandaged or otherwise covered or wrapped in order to be occlusive unless the patient is directed to do so by the physician.</paragraph></item><item><paragraph>Patients should report any signs of local adverse reactions, especially under occlusive dressing.</paragraph></item><item><paragraph>Parents of pediatric patients should be advised not to use tight-fitting diapers or plastic pants on a patient being treated in the diaper area, because these garments may constitute occlusive dressings.</paragraph></item></list></text>
<effectiveTime value="20060605" />
</section>
</component>
<component>
<section>
<id root="CDD34879-C4A7-95CA-5AA4-DD7BCD8873E4" />
<code code="34075-2" codeSystem="2.16.840.1.113883.6.1" displayName="LABORATORY TESTS SECTION" />
<title mediaType="text/x-hl7-title+xml">Laboratory Tests</title>
<text><paragraph>The following tests may be helpful in evaluating the HPA axis suppression:<br />Urinary-free cortisol test<br />ACTH stimulation test</paragraph></text>
<effectiveTime value="20060605" />
</section>
</component>
<component>
<section>
<id root="C7B680B4-99C2-EFCD-DDB6-FAD69CFD8AE5" />
<code code="34083-6" codeSystem="2.16.840.1.113883.6.1" displayName="CARCINOGENESIS &amp; MUTAGENESIS &amp; IMPAIRMENT OF FERTILITY SECTION" />
<title mediaType="text/x-hl7-title+xml">Carcinogenesis, Mutagenesis, and Impairment of Fertility</title>
<text><paragraph>Long-term animal studies have not been performed to evaluate the carcinogenic potential or the effect on fertility of topical corticosteroids.</paragraph><paragraph>Studies to determine mutagenicity with prednisolone and hydrocortisone have revealed negative results.</paragraph></text>
<effectiveTime value="20060605" />
</section>
</component>
<component>
<section>
<id root="F341AFF4-DCC4-D872-80BE-FAD16B2FC1CD" />
<code code="42228-7" codeSystem="2.16.840.1.113883.6.1" displayName="PREGNANCY SECTION" />
<title mediaType="text/x-hl7-title+xml">Usage in Pregnancy</title>
<text><paragraph><content styleCode="italics">Pregnancy Category C&#8212;</content>Corticosteroids are generally teratogenic in laboratory animals when administered systemically at relatively low dosage levels. The more potent corticosteroids have been shown to be teratogenic after dermal application in laboratory animals. There are no adequate and well-controlled studies in pregnant women on teratogenic effects from topically applied corticosteroids. Therefore, topical corticosteroids should be used during pregnancy only if the potential benefit justifies the potential risk to the fetus. Drugs of this class should not be used extensively for pregnant patients or in large amounts or for prolonged periods of time.</paragraph></text>
<effectiveTime value="20060605" />
</section>
</component>
<component>
<section>
<id root="CC9B3DD0-30E6-2976-9E92-44420EC3A16A" />
<code code="34080-2" codeSystem="2.16.840.1.113883.6.1" displayName="NURSING MOTHERS SECTION" />
<title mediaType="text/x-hl7-title+xml">Nursing Mothers</title>
<text><paragraph>It is not known whether topical administration of corticosteroids could result in sufficient systemic absorption to produce detectable quantities in breast milk. Systemically administered corticosteroids are secreted into breast milk in quantities <content styleCode="italics">not </content>likely to have a deleterious effect on the infant. Nevertheless, caution should be exercised when topical corticosteroids are administered to a nursing woman.</paragraph></text>
<effectiveTime value="20060605" />
</section>
</component>
<component>
<section ID="A5C91EEB-C7E4-44AB-987A-29514B63CADF">
<id root="83440916-8943-5F29-9CDF-6FF1534669F6" />
<code code="34081-0" codeSystem="2.16.840.1.113883.6.1" displayName="PEDIATRIC USE SECTION" />
<title mediaType="text/x-hl7-title+xml">Pediatric Use</title>
<text><paragraph>Pediatric patients may demonstrate greater susceptibility to topical corticosteroid-induced HPA axis suppression and Cushing&#8217;s syndrome than do mature patients because of a larger skin surface area to body weight ratio.</paragraph><paragraph>Hypothalamic-pituitary-adrenal (HPA) axis suppression, Cushing&#8217;s syndrome, and intracranial hypertension have been reported in pediatric patients receiving topical corticosteroids. Manifestations of adrenal suppression in pediatric patients include linear growth retardation, delayed weight gain, low plasma cortisol levels, and absence of response to ACTH stimulation. Manifestations of intracranial hypertension include bulging fontanelles, headaches, and bilateral papilledema.</paragraph><paragraph>Administration of topical corticosteroids to pediatric patients should be limited to the least amount compatible with an effective therapeutic regimen. Chronic corticosteroid therapy may interfere with the growth and development of pediatric patients.</paragraph></text>
<effectiveTime value="20060605" />
</section>
</component>
</section>
</component>
<component>
<section>
<id root="42BA75B1-4F28-FE79-C00B-861820BBD35B" />
<code code="34084-4" codeSystem="2.16.840.1.113883.6.1" displayName="ADVERSE REACTIONS SECTION" />
<title mediaType="text/x-hl7-title+xml">ADVERSE REACTIONS</title>
<text><paragraph>The following local adverse reactions are reported infrequently with topical corticosteroids but may occur more frequently with the use of occlusive dressings. These reactions are listed in an approximate decreasing order of occurrence:</paragraph><paragraph>Burning<br />Itching<br />Irritation<br />Dryness<br />Folliculitis<br />Hypertrichosis<br />Acneform eruptions<br />Hypopigmentation<br />Perioral dermatitis<br />Allergic contact dermatitis</paragraph><paragraph>The following may occur more frequently with occlusive dressings:</paragraph><paragraph>Maceration of the skin<br />Secondary infection<br />Skin atrophy<br />Striae<br />Miliaria</paragraph></text>
<effectiveTime value="20060605" />
</section>
</component>
<component>
<section>
<id root="C25EFECF-B331-8D5E-C9E4-FBA6A89BAA52" />
<code code="34088-5" codeSystem="2.16.840.1.113883.6.1" displayName="OVERDOSAGE SECTION" />
<title mediaType="text/x-hl7-title+xml">OVERDOSAGE</title>
<text><paragraph>Topically applied corticosteroids can be absorbed in sufficient amounts to produce systemic effects (see <linkHtml href="#A7F8A733-EEA5-43C1-8917-562CFC8CDC2C">PRECAUTIONS</linkHtml>).</paragraph></text>
<effectiveTime value="20060605" />
</section>
</component>
<component>
<section ID="A27EDEA6-A574-4E3F-AD59-D6AC314130D3">
<id root="6A3F6B75-3075-6E1A-19B0-6B3331736010" />
<code code="34068-7" codeSystem="2.16.840.1.113883.6.1" displayName="DOSAGE &amp; ADMINISTRATION SECTION" />
<title mediaType="text/x-hl7-title+xml">DOSAGE AND ADMINISTRATION</title>
<text><paragraph>Topical corticosteroids are generally applied to the affected area as a thin film 1 to 4 times daily, depending on the severity of the condition.</paragraph><paragraph>For moist lesions, a small quantity of the cream should be rubbed gently into the affected areas 2 or 3 times a day. For dry, scaly lesions, the ointment is applied as a thin film to affected areas 2 or 3 times daily.</paragraph><paragraph>Occlusive dressings may be used for the management of psoriasis or recalcitrant conditions.</paragraph><paragraph>If an infection develops, the use of occlusive dressings should be discontinued and appropriate antimicrobial therapy instituted.</paragraph><paragraph><content styleCode="bold">Use With Occlusive Dressings</content></paragraph><paragraph>The technique of occlusive dressings (for management of psoriasis and other persistent dermatoses) is as follows:</paragraph><list listType="ordered" styleCode="Arabic"><item><paragraph>Remove as much as possible of the superficial scaling before applying Cordran SP Cream or Cordran Ointment. Soaking in a bath will help soften the scales and permit easier removal by brushing, picking, or rubbing.</paragraph></item><item><paragraph>Rub Cordran SP Cream or Cordran Ointment thoroughly into the affected areas.</paragraph></item><item><paragraph>Cover with an occlusive plastic film, such as polyethylene, Saran Wrap<sup>&#8482;</sup>, or Handi-Wrap<sup>&#174;</sup>. (When Cordran SP Cream is used, added moisture may be provided by placing a slightly dampened cloth or gauze over the lesion before the plastic film is applied.)</paragraph></item><item><paragraph>Seal the edges to adjacent normal skin with tape or hold in place by a gauze wrapping.</paragraph></item><item><paragraph>For convenience, the patient may remove the dressing during the day. The dressing should then be reapplied each night.</paragraph></item><item><paragraph>For daytime therapy, the condition may be treated by rubbing Cordran SP Cream or Cordran Ointment sparingly into the affected areas.</paragraph></item><item><paragraph>In more resistant cases, leaving the dressing in place for 3 to 4 days at a time may result in a better response.</paragraph></item><item><paragraph>Thin polyethylene gloves are suitable for treatment of the hands and fingers; plastic garment bags may be utilized for treating lesions on the trunk or buttocks. A tight shower cap is useful in treating lesions on the scalp.</paragraph></item></list><paragraph><content styleCode="italics">Occlusive Dressings Have the Following Advantages&#8212;</content></paragraph><list listType="ordered" styleCode="Arabic"><item><paragraph>Percutaneous penetration of the corticosteroid is enhanced.</paragraph></item><item><paragraph>Medication is concentrated on the areas of skin where it is most needed.</paragraph></item><item><paragraph>This method of administration frequently is more effective in very resistant dermatoses than is the conventional application of Cordran.</paragraph></item></list><paragraph><content styleCode="italics">Precautions to Be Observed in Therapy With Occlusive Dressings&#8212;</content>Treatment should be continued for at least a few days after clearing of the lesions. If it is stopped too soon, a relapse may occur. Reinstitution of treatment frequently will cause remission.</paragraph><paragraph>Because of the increased hazard of secondary infection from resistant strains of staphylococci among hospitalized patients, it is suggested that the use of occlusive plastic films for corticosteroid therapy in such cases be restricted.</paragraph><paragraph>Generally, occlusive dressings should not be used on weeping, or exudative, lesions.</paragraph><paragraph>When large areas of the body are covered, thermal homeostasis may be impaired. If elevation of body temperature occurs, use of the occlusive dressing should be discontinued.</paragraph><paragraph>Rarely, a patient may develop miliaria, folliculitis, or a sensitivity to either the particular dressing material or a combination of Cordran and the occlusive dressing. If miliaria or folliculitis occurs, use of the occlusive dressing should be discontinued. Treatment by inunction with a corticosteroid such as Cordran may be continued. If the sensitivity is caused by the particular material of the dressing, substitution of a different material may be tried.</paragraph><paragraph><content styleCode="italics">Warnings&#8212;</content>Some plastic films are readily flammable. Patients should be cautioned against the use of any such material.</paragraph><paragraph>When plastic films are used on pediatric patients, the persons caring for the patients must be reminded of the danger of suffocation if the plastic material accidentally covers the face.</paragraph></text>
<effectiveTime value="20060605" />
</section>
</component>
<component>
<section>
<id root="10D3D77B-C1BE-64C1-EEF5-8CCEA644F097" />
<code code="34069-5" codeSystem="2.16.840.1.113883.6.1" displayName="HOW SUPPLIED SECTION" />
<title mediaType="text/x-hl7-title+xml">HOW SUPPLIED</title>
<text><paragraph>Cream:<br />0.025%, 30 g, NDC 55515-034-30; 60 g, NDC 55515-034-60<br />0.05%, 15 g, NDC 55515-035-15; 30 g, NDC 55515-035-30;<br />60 g, NDC 55515-035-60</paragraph><paragraph>Ointment:<br />0.025%, 30 g, NDC 55515-024-30; 60 g, NDC 55515-024-60<br />0.05%, 15 g, NDC 55515-026-15; 30 g, NDC 55515-026-30;<br />60 g, NDC 55515-026-60</paragraph><paragraph>Store at controlled room temperature, 59&#176;-86&#176;F (15&#176;-30&#176;C).<br /><content styleCode="bold">Rx only.</content></paragraph><paragraph>Mfd. for Oclassen Dermatologics a Division of Watson Pharma, Inc. Corona, Ca 92880</paragraph><paragraph> Manufactured by: DPT Laboratories, Ltd. San Antonio, TX 78215</paragraph><paragraph>PRINTED IN USA<br />127854-0702</paragraph></text>
<effectiveTime value="20060605" />
<component>
<observationMedia ID="MM1">
<value mediaType="image/jpeg" xsi:type="ED"><reference value="cordran-figure-01.jpg" /></value>
</observationMedia>
</component>
</section>
</component>
</structuredBody>
</component>
</document>
