<?xml version="1.0" encoding="UTF-8"?>
<?xml-stylesheet href="http://www.fda.gov/oc/datacouncil/stylesheets/spl/spl.xsl" type="text/xsl"?><document xmlns="urn:hl7-org:v3" xmlns:voc="http://www.hl7.org/v3/voc" xmlns:xsi="http://www.w3.org/2001/XMLSchema-instance" xsi:schemaLocation="urn:hl7-org:v3 http://www.fda.gov/oc/datacouncil/schemas/spl/spl.xsd">
<id root="E6CAD6BD-2903-4D66-5D8C-D4D750AE7B9E" />
<code code="34391-3" codeSystem="2.16.840.1.113883.6.1" codeSystemName="LOINC" displayName="Human prescription drug label" />
<title mediaType="text/x-hl7-title+xml">20%, 30%, 40%, 50% and 70% <br />Dextrose Injection, USP</title>
<effectiveTime value="20060511" />
<setId root="E6CAD6BD-2903-4D66-5D8C-D4D750AE7B9E" />
<versionNumber value="1" />
<author>
<time />
<assignedEntity>
<id root="83BC88C2-02D2-4518-168D-BCC2E89F0225" />
<representedOrganization>
<name>Hospira</name>
<addr />
</representedOrganization>
</assignedEntity>
</author>
<component>
<structuredBody>
<component>
<section>
<id root="666DD808-75FF-7D2B-DDBE-5AB68A94AABC" />
<effectiveTime value="20060511" />
<subject>
<manufacturedProduct>
<manufacturedMedicine>
<code code="0409-7935" codeSystem="2.16.840.1.113883.6.69" />
<name>Dextrose</name>
<formCode code="C42945" codeSystem="2.16.840.1.113883.3.26.1.1" displayName="INJECTION, SOLUTION" />
<activeIngredient>
<quantity>
<numerator unit="g" value="20">
<translation code="C48155" codeSystem="2.16.840.1.113883.3.26.1.1" displayName="GRAM" value="20" />
</numerator>
<denominator unit="mL" value="100">
<translation code="C28254" codeSystem="2.16.840.1.113883.3.26.1.1" displayName="MILLILITER" value="100" />
</denominator>
</quantity>
<activeIngredientSubstance>
<code code="LX22YL083G" codeSystem="2.16.840.1.113883.4.9" codeSystemName="FDA SRS" />
<name>Dextrose Hydrous</name>
<activeMoiety>
<activeMoiety>
<code code="IY9XDZ35W2" codeSystem="2.16.840.1.113883.4.9" codeSystemName="FDA SRS" />
<name>Dextrose</name>
</activeMoiety>
</activeMoiety>
</activeIngredientSubstance>
</activeIngredient>
<asEntityWithGeneric>
<genericMedicine>
<name>Dextrose</name>
</genericMedicine>
</asEntityWithGeneric>
<inactiveIngredient>
<inactiveIngredientSubstance>
<name>Water</name>
</inactiveIngredientSubstance>
</inactiveIngredient>
<asContent>
<quantity>
<numerator unit="mL" value="500">
<translation code="C28254" codeSystem="2.16.840.1.113883.3.26.1.1" displayName="MILLILITER" value="500" />
</numerator>
<denominator value="1">
<translation value="1" />
</denominator>
</quantity>
<containerPackagedMedicine>
<code />
<formCode code="C43167" codeSystem="2.16.840.1.113883.3.26.1.1" displayName="BAG" />
<asContent>
<quantity>
<numerator value="12">
<translation code="C48474" codeSystem="2.16.840.1.113883.3.26.1.1" displayName="BAG" value="12" />
</numerator>
<denominator value="1">
<translation value="1" />
</denominator>
</quantity>
<containerPackagedMedicine>
<code code="0409-7935-19" codeSystem="2.16.840.1.113883.6.69" />
<formCode code="C43184" codeSystem="2.16.840.1.113883.3.26.1.1" displayName="CASE" />
</containerPackagedMedicine>
</asContent>
</containerPackagedMedicine>
</asContent>
</manufacturedMedicine>
<consumedIn>
<substanceAdministration>
<routeCode code="C38276" codeSystem="2.16.840.1.113883.3.26.1.1" displayName="INTRAVENOUS" />
</substanceAdministration>
</consumedIn>
</manufacturedProduct>
</subject>
<subject>
<manufacturedProduct>
<manufacturedMedicine>
<code code="0409-8004" codeSystem="2.16.840.1.113883.6.69" />
<name>Dextrose</name>
<formCode code="C42945" codeSystem="2.16.840.1.113883.3.26.1.1" displayName="INJECTION, SOLUTION" />
<activeIngredient>
<quantity>
<numerator unit="g" value="30">
<translation code="C48155" codeSystem="2.16.840.1.113883.3.26.1.1" displayName="GRAM" value="30" />
</numerator>
<denominator unit="mL" value="100">
<translation code="C28254" codeSystem="2.16.840.1.113883.3.26.1.1" displayName="MILLILITER" value="100" />
</denominator>
</quantity>
<activeIngredientSubstance>
<code code="LX22YL083G" codeSystem="2.16.840.1.113883.4.9" codeSystemName="FDA SRS" />
<name>Dextrose Hydrous</name>
<activeMoiety>
<activeMoiety>
<code code="IY9XDZ35W2" codeSystem="2.16.840.1.113883.4.9" codeSystemName="FDA SRS" />
<name>Dextrose</name>
</activeMoiety>
</activeMoiety>
</activeIngredientSubstance>
</activeIngredient>
<asEntityWithGeneric>
<genericMedicine>
<name>Dextrose</name>
</genericMedicine>
</asEntityWithGeneric>
<inactiveIngredient>
<inactiveIngredientSubstance>
<name>Water</name>
</inactiveIngredientSubstance>
</inactiveIngredient>
<asContent>
<quantity>
<numerator unit="mL" value="500">
<translation code="C28254" codeSystem="2.16.840.1.113883.3.26.1.1" displayName="MILLILITER" value="500" />
</numerator>
<denominator value="1">
<translation value="1" />
</denominator>
</quantity>
<containerPackagedMedicine>
<code codeSystem="2.16.840.1.113883.6.69" codeSystemName="FDA" displayName="NDC" />
<formCode code="C43167" codeSystem="2.16.840.1.113883.3.26.1.1" displayName="BAG" />
<asContent>
<quantity>
<numerator value="12">
<translation code="C48474" codeSystem="2.16.840.1.113883.3.26.1.1" displayName="BAG" value="12" />
</numerator>
<denominator value="1">
<translation value="1" />
</denominator>
</quantity>
<containerPackagedMedicine>
<code code="0409-8004-15" codeSystem="2.16.840.1.113883.6.69" />
<formCode code="C43184" codeSystem="2.16.840.1.113883.3.26.1.1" displayName="CASE" />
</containerPackagedMedicine>
</asContent>
</containerPackagedMedicine>
</asContent>
</manufacturedMedicine>
<consumedIn>
<substanceAdministration>
<routeCode code="C38276" codeSystem="2.16.840.1.113883.3.26.1.1" displayName="INTRAVENOUS" />
</substanceAdministration>
</consumedIn>
</manufacturedProduct>
</subject>
<subject>
<manufacturedProduct>
<manufacturedMedicine>
<code code="0409-7937" codeSystem="2.16.840.1.113883.6.69" />
<name>Dextrose</name>
<formCode code="C42945" codeSystem="2.16.840.1.113883.3.26.1.1" displayName="INJECTION, SOLUTION" />
<activeIngredient>
<quantity>
<numerator unit="g" value="40">
<translation code="C48155" codeSystem="2.16.840.1.113883.3.26.1.1" displayName="GRAM" value="40" />
</numerator>
<denominator unit="mL" value="100">
<translation code="C28254" codeSystem="2.16.840.1.113883.3.26.1.1" displayName="MILLILITER" value="100" />
</denominator>
</quantity>
<activeIngredientSubstance>
<code code="LX22YL083G" codeSystem="2.16.840.1.113883.4.9" codeSystemName="FDA SRS" />
<name>Dextrose Hydrous</name>
<activeMoiety>
<activeMoiety>
<code code="IY9XDZ35W2" codeSystem="2.16.840.1.113883.4.9" codeSystemName="FDA SRS" />
<name>Dextrose</name>
</activeMoiety>
</activeMoiety>
</activeIngredientSubstance>
</activeIngredient>
<asEntityWithGeneric>
<genericMedicine>
<name>Dextrose</name>
</genericMedicine>
</asEntityWithGeneric>
<inactiveIngredient>
<inactiveIngredientSubstance>
<name>Water</name>
</inactiveIngredientSubstance>
</inactiveIngredient>
<asContent>
<quantity>
<numerator unit="mL" value="500">
<translation code="C28254" codeSystem="2.16.840.1.113883.3.26.1.1" displayName="MILLILITER" value="500" />
</numerator>
<denominator value="1">
<translation value="1" />
</denominator>
</quantity>
<containerPackagedMedicine>
<code />
<formCode code="C43167" codeSystem="2.16.840.1.113883.3.26.1.1" displayName="BAG" />
<asContent>
<quantity>
<numerator value="12">
<translation code="C48474" codeSystem="2.16.840.1.113883.3.26.1.1" displayName="BAG" value="12" />
</numerator>
<denominator value="1">
<translation value="1" />
</denominator>
</quantity>
<containerPackagedMedicine>
<code code="0409-7937-19" codeSystem="2.16.840.1.113883.6.69" />
<formCode code="C43184" codeSystem="2.16.840.1.113883.3.26.1.1" displayName="CASE" />
</containerPackagedMedicine>
</asContent>
</containerPackagedMedicine>
</asContent>
</manufacturedMedicine>
<consumedIn>
<substanceAdministration>
<routeCode code="C38276" codeSystem="2.16.840.1.113883.3.26.1.1" displayName="INTRAVENOUS" />
</substanceAdministration>
</consumedIn>
</manufacturedProduct>
</subject>
<subject>
<manufacturedProduct>
<manufacturedMedicine>
<code code="0409-7936" codeSystem="2.16.840.1.113883.6.69" />
<name>Dextrose</name>
<formCode code="C42945" codeSystem="2.16.840.1.113883.3.26.1.1" displayName="INJECTION, SOLUTION" />
<activeIngredient>
<quantity>
<numerator unit="g" value="50">
<translation code="C48155" codeSystem="2.16.840.1.113883.3.26.1.1" displayName="GRAM" value="50" />
</numerator>
<denominator unit="mL" value="100">
<translation code="C28254" codeSystem="2.16.840.1.113883.3.26.1.1" displayName="MILLILITER" value="100" />
</denominator>
</quantity>
<activeIngredientSubstance>
<code code="LX22YL083G" codeSystem="2.16.840.1.113883.4.9" codeSystemName="FDA SRS" />
<name>Dextrose Hydrous</name>
<activeMoiety>
<activeMoiety>
<code code="IY9XDZ35W2" codeSystem="2.16.840.1.113883.4.9" codeSystemName="FDA SRS" />
<name>Dextrose</name>
</activeMoiety>
</activeMoiety>
</activeIngredientSubstance>
</activeIngredient>
<asEntityWithGeneric>
<genericMedicine>
<name>Dextrose</name>
</genericMedicine>
</asEntityWithGeneric>
<inactiveIngredient>
<inactiveIngredientSubstance>
<name>Water</name>
</inactiveIngredientSubstance>
</inactiveIngredient>
<asContent>
<quantity>
<numerator unit="mL" value="500">
<translation code="C28254" codeSystem="2.16.840.1.113883.3.26.1.1" displayName="MILLILITER" value="500" />
</numerator>
<denominator value="1">
<translation value="1" />
</denominator>
</quantity>
<containerPackagedMedicine>
<code />
<formCode code="C43167" codeSystem="2.16.840.1.113883.3.26.1.1" displayName="BAG" />
<asContent>
<quantity>
<numerator value="12">
<translation code="C48474" codeSystem="2.16.840.1.113883.3.26.1.1" displayName="BAG" value="12" />
</numerator>
<denominator value="1">
<translation value="1" />
</denominator>
</quantity>
<containerPackagedMedicine>
<code code="0409-7936-19" codeSystem="2.16.840.1.113883.6.69" />
<formCode code="C43184" codeSystem="2.16.840.1.113883.3.26.1.1" displayName="CASE" />
</containerPackagedMedicine>
</asContent>
</containerPackagedMedicine>
</asContent>
</manufacturedMedicine>
<consumedIn>
<substanceAdministration>
<routeCode code="C38276" codeSystem="2.16.840.1.113883.3.26.1.1" displayName="INTRAVENOUS" />
</substanceAdministration>
</consumedIn>
</manufacturedProduct>
</subject>
<subject>
<manufacturedProduct>
<manufacturedMedicine>
<code code="0409-7918" codeSystem="2.16.840.1.113883.6.69" />
<name>Dextrose</name>
<formCode code="C42945" codeSystem="2.16.840.1.113883.3.26.1.1" displayName="INJECTION, SOLUTION" />
<activeIngredient>
<quantity>
<numerator unit="g" value="70">
<translation code="C48155" codeSystem="2.16.840.1.113883.3.26.1.1" displayName="GRAM" value="70" />
</numerator>
<denominator unit="mL" value="100">
<translation code="C28254" codeSystem="2.16.840.1.113883.3.26.1.1" displayName="MILLILITER" value="100" />
</denominator>
</quantity>
<activeIngredientSubstance>
<code code="LX22YL083G" codeSystem="2.16.840.1.113883.4.9" codeSystemName="FDA SRS" />
<name>Dextrose Hydrous</name>
<activeMoiety>
<activeMoiety>
<code code="IY9XDZ35W2" codeSystem="2.16.840.1.113883.4.9" codeSystemName="FDA SRS" />
<name>Dextrose</name>
</activeMoiety>
</activeMoiety>
</activeIngredientSubstance>
</activeIngredient>
<asEntityWithGeneric>
<genericMedicine>
<name>Dextrose</name>
</genericMedicine>
</asEntityWithGeneric>
<inactiveIngredient>
<inactiveIngredientSubstance>
<name>Water</name>
</inactiveIngredientSubstance>
</inactiveIngredient>
<asContent>
<quantity>
<numerator unit="mL" value="500">
<translation code="C28254" codeSystem="2.16.840.1.113883.3.26.1.1" displayName="MILLILITER" value="500" />
</numerator>
<denominator value="1">
<translation value="1" />
</denominator>
</quantity>
<containerPackagedMedicine>
<code />
<formCode code="C43167" codeSystem="2.16.840.1.113883.3.26.1.1" displayName="BAG" />
<asContent>
<quantity>
<numerator value="12">
<translation code="C48474" codeSystem="2.16.840.1.113883.3.26.1.1" displayName="BAG" value="12" />
</numerator>
<denominator value="1">
<translation value="1" />
</denominator>
</quantity>
<containerPackagedMedicine>
<code code="0409-7918-19" codeSystem="2.16.840.1.113883.6.69" />
<formCode code="C43184" codeSystem="2.16.840.1.113883.3.26.1.1" displayName="CASE" />
</containerPackagedMedicine>
</asContent>
</containerPackagedMedicine>
</asContent>
</manufacturedMedicine>
<consumedIn>
<substanceAdministration>
<routeCode code="C38276" codeSystem="2.16.840.1.113883.3.26.1.1" displayName="INTRAVENOUS" />
</substanceAdministration>
</consumedIn>
</manufacturedProduct>
</subject>
<subject>
<manufacturedProduct>
<manufacturedMedicine>
<code code="0409-7935" codeSystem="2.16.840.1.113883.6.69" />
<name>Dextrose</name>
<formCode code="C42945" codeSystem="2.16.840.1.113883.3.26.1.1" displayName="INJECTION, SOLUTION" />
<activeIngredient>
<quantity>
<numerator unit="g" value="20">
<translation code="C48155" codeSystem="2.16.840.1.113883.3.26.1.1" displayName="GRAM" value="20" />
</numerator>
<denominator unit="mL" value="100">
<translation code="C28254" codeSystem="2.16.840.1.113883.3.26.1.1" displayName="MILLILITER" value="100" />
</denominator>
</quantity>
<activeIngredientSubstance>
<code code="LX22YL083G" codeSystem="2.16.840.1.113883.4.9" codeSystemName="FDA SRS" />
<name>Dextrose Hydrous</name>
<activeMoiety>
<activeMoiety>
<code code="IY9XDZ35W2" codeSystem="2.16.840.1.113883.4.9" codeSystemName="FDA SRS" />
<name>Dextrose</name>
</activeMoiety>
</activeMoiety>
</activeIngredientSubstance>
</activeIngredient>
<asEntityWithGeneric>
<genericMedicine>
<name>Dextrose</name>
</genericMedicine>
</asEntityWithGeneric>
<inactiveIngredient>
<inactiveIngredientSubstance>
<name>Water</name>
</inactiveIngredientSubstance>
</inactiveIngredient>
<asContent>
<quantity>
<numerator unit="mL" value="1000">
<translation code="C28254" codeSystem="2.16.840.1.113883.3.26.1.1" displayName="MILLILITER" value="1000" />
</numerator>
<denominator value="1">
<translation value="1" />
</denominator>
</quantity>
<containerPackagedMedicine>
<code />
<formCode code="C43167" codeSystem="2.16.840.1.113883.3.26.1.1" displayName="BAG" />
<asContent>
<quantity>
<numerator value="6">
<translation code="C48474" codeSystem="2.16.840.1.113883.3.26.1.1" displayName="BAG" value="6" />
</numerator>
<denominator value="1">
<translation value="1" />
</denominator>
</quantity>
<containerPackagedMedicine>
<code code="0409-7935-29" codeSystem="2.16.840.1.113883.6.69" />
<formCode code="C43184" codeSystem="2.16.840.1.113883.3.26.1.1" displayName="CASE" />
</containerPackagedMedicine>
</asContent>
</containerPackagedMedicine>
</asContent>
</manufacturedMedicine>
<consumedIn>
<substanceAdministration>
<routeCode code="C38276" codeSystem="2.16.840.1.113883.3.26.1.1" displayName="INTRAVENOUS" />
</substanceAdministration>
</consumedIn>
</manufacturedProduct>
</subject>
<subject>
<manufacturedProduct>
<manufacturedMedicine>
<code code="0409-7936" codeSystem="2.16.840.1.113883.6.69" />
<name>Dextrose</name>
<formCode code="C42945" codeSystem="2.16.840.1.113883.3.26.1.1" displayName="INJECTION, SOLUTION" />
<activeIngredient>
<quantity>
<numerator unit="g" value="50">
<translation code="C48155" codeSystem="2.16.840.1.113883.3.26.1.1" displayName="GRAM" value="50" />
</numerator>
<denominator unit="mL" value="100">
<translation code="C28254" codeSystem="2.16.840.1.113883.3.26.1.1" displayName="MILLILITER" value="100" />
</denominator>
</quantity>
<activeIngredientSubstance>
<code code="LX22YL083G" codeSystem="2.16.840.1.113883.4.9" codeSystemName="FDA SRS" />
<name>Dextrose Hydrous</name>
<activeMoiety>
<activeMoiety>
<code code="IY9XDZ35W2" codeSystem="2.16.840.1.113883.4.9" codeSystemName="FDA SRS" />
<name>Dextrose</name>
</activeMoiety>
</activeMoiety>
</activeIngredientSubstance>
</activeIngredient>
<asEntityWithGeneric>
<genericMedicine>
<name>Dextrose</name>
</genericMedicine>
</asEntityWithGeneric>
<inactiveIngredient>
<inactiveIngredientSubstance>
<name>Water</name>
</inactiveIngredientSubstance>
</inactiveIngredient>
<asContent>
<quantity>
<numerator unit="mL" value="1000">
<translation code="C28254" codeSystem="2.16.840.1.113883.3.26.1.1" displayName="MILLILITER" value="1000" />
</numerator>
<denominator value="1">
<translation value="1" />
</denominator>
</quantity>
<containerPackagedMedicine>
<code />
<formCode code="C43167" codeSystem="2.16.840.1.113883.3.26.1.1" displayName="BAG" />
<asContent>
<quantity>
<numerator value="6">
<translation code="C48474" codeSystem="2.16.840.1.113883.3.26.1.1" displayName="BAG" value="6" />
</numerator>
<denominator value="1">
<translation value="1" />
</denominator>
</quantity>
<containerPackagedMedicine>
<code code="0409-7936-29" codeSystem="2.16.840.1.113883.6.69" />
<formCode code="C43184" codeSystem="2.16.840.1.113883.3.26.1.1" displayName="CASE" />
</containerPackagedMedicine>
</asContent>
</containerPackagedMedicine>
</asContent>
</manufacturedMedicine>
<consumedIn>
<substanceAdministration>
<routeCode code="C38276" codeSystem="2.16.840.1.113883.3.26.1.1" displayName="INTRAVENOUS" />
</substanceAdministration>
</consumedIn>
</manufacturedProduct>
</subject>
</section>
</component>
<component>
<section>
<id root="789E0379-7E89-3A9C-67FF-73C6304BAD58" />
<code code="42229-5" codeSystem="2.16.840.1.113883.6.1" codeSystemName="LOINC" displayName="SPL UNCLASSIFIED SECTION" />
<title mediaType="text/x-hl7-title+xml" />
<text><paragraph><content styleCode="bold italics">CONCENTRATED DEXTROSE IN
WATER</content></paragraph><paragraph><content styleCode="bold">Concentrated
source of carbohydrate calories for intravenous infusion.</content></paragraph><paragraph><content styleCode="bold">NOTE: These solutions are hypertonic &#8212; see WARNINGS
and PRECAUTIONS.</content></paragraph><paragraph><content styleCode="bold">Partial-Fill
Flexible Plastic Containers</content></paragraph><paragraph>R<sub>x</sub> only</paragraph></text>
<effectiveTime value="20060511" />
</section>
</component>
<component>
<section>
<id root="5C322653-F4C8-8AF3-3243-C7746D400D55" />
<code code="34089-3" codeSystem="2.16.840.1.113883.6.1" codeSystemName="LOINC" displayName="DESCRIPTION SECTION" />
<title mediaType="text/x-hl7-title+xml">DESCRIPTION</title>
<text><paragraph>20%, 30%, 40%, 50% and 70% Dextrose Injection, USP (concentrated
dextrose in water) is a sterile, nonpyrogenic, hypertonic solution of Dextrose,
USP in water for injection for intravenous administration after appropriate
admixture or dilution.</paragraph><paragraph>	Partial-fill containers, designed
to facilitate admixture or dilution to provide dextrose in various concentrations,
are available in various sizes. See table under HOW SUPPLIED for summary of
content and characteristics of these concentrated solutions.</paragraph><paragraph>	The
solutions contain no bacteriostat, antimicrobial agent or added buffer and
are intended only for use as a single-dose injection following admixture or
dilution.</paragraph><paragraph>	The flexible plastic container is fabricated
from a specially formulated polyvinylchloride. Water can permeate from inside
the container into the overwrap but not in amounts sufficient to affect the
solution significantly. Solutions in contact with the plastic container may
leach out certain chemical components from the plastic in very small amounts;
however, biological testing was supportive of the safety of the plastic container
materials.</paragraph><paragraph>	Exposure to temperatures above 25&#176;C/77&#176;F
during transport and storage will lead to minor losses in moisture content.
Higher temperatures lead to greater losses. It is unlikely that these minor
losses will lead to clinically significant changes within the expiration period.</paragraph><paragraph>	Dextrose
Injection, USP is a parenteral fluid and nutrient replenisher.</paragraph><paragraph>	Dextrose,
USP is chemically designated D-glucose, monohydrate (C<sub>6</sub>H<sub>12</sub>O<sub>6</sub>&#8226;
H<sub>2</sub>O), a hexose sugar freely soluble in water. It has the following
structural formula:</paragraph><paragraph><renderMultiMedia referencedObject="MM1138914456-1" /></paragraph><paragraph>	Water for Injection, USP is chemically
designated H<sub>2</sub>O.</paragraph></text>
<effectiveTime value="20060511" />
<component>
<observationMedia ID="MM1138914456-1">
<id root="9570EC52-9E4E-4A69-DCAD-9B1304315932" />
<value mediaType="image/jpeg" xsi:type="ED"><reference value="xen1037.jpg" /></value>
</observationMedia>
</component>
</section>
</component>
<component>
<section>
<id root="9E7E2739-F917-8227-C32E-E23EDD6D01E1" />
<code code="34090-1" codeSystem="2.16.840.1.113883.6.1" codeSystemName="LOINC" displayName="CLINICAL PHARMACOLOGY SECTION" />
<title mediaType="text/x-hl7-title+xml">CLINICAL PHARMACOLOGY</title>
<text><paragraph>When administered intravenously, solutions containing carbohydrate
in the form of dextrose restore blood glucose levels and provide calories.
Carbohydrate in the form of dextrose may aid in minimizing liver glycogen
depletion and exerts a protein sparing action. Dextrose injection undergoes
oxidation to carbon dioxide and water.</paragraph><paragraph>	Water is an
essential constituent of all body tissues and accounts for approximately 70%
of total body weight. Average normal adult daily requirement ranges from two
to three liters (1.0&#160;to 1.5&#160;liters each for insensible water loss
by perspiration and urine production, respectively).</paragraph><paragraph>	Water
balance is maintained by various regulatory mechanisms. Water distribution
depends primarily on the concentration of electrolytes in the body compartments,
and sodium (Na<sup>+</sup>) plays a major role in maintaining physiologic
equilibrium.</paragraph></text>
<effectiveTime value="20060511" />
</section>
</component>
<component>
<section>
<id root="31E4C0AF-419A-EB6F-5320-DFFF679B09BE" />
<code code="34067-9" codeSystem="2.16.840.1.113883.6.1" codeSystemName="LOINC" displayName="INDICATIONS &amp; USAGE SECTION" />
<title mediaType="text/x-hl7-title+xml">INDICATIONS AND USAGE</title>
<text><paragraph>20%, 30%, 40%, 50% and 70% Dextrose Injection, USP (concentrated
dextrose in water) in partial-fill containers is indicated for admixture with
amino acids or dilution with other compatible I.V. fluids to provide variable
final dextrose concentrations for intravenous infusion in patients whose condition
requires parenteral nutrition.</paragraph></text>
<effectiveTime value="20060511" />
</section>
</component>
<component>
<section>
<id root="F367081A-5617-48C6-B276-FC951CD22481" />
<code code="34070-3" codeSystem="2.16.840.1.113883.6.1" codeSystemName="LOINC" displayName="CONTRAINDICATIONS SECTION" />
<title mediaType="text/x-hl7-title+xml">CONTRAINDICATIONS</title>
<text><paragraph>A concentrated dextrose solution should not be used when
intracranial or intraspinal hemorrhage is present nor in the presence of delirium
tremens if the patient is already dehydrated.</paragraph><paragraph>	Dextrose
injection without electrolytes should not be administered simultaneously with
blood through the same infusion set because of the possibility that pseudoagglutination
of red cells may occur.</paragraph></text>
<effectiveTime value="20060511" />
</section>
</component>
<component>
<section>
<id root="B17D70D4-89C7-B207-1A53-EB09D1B259FC" />
<code code="34071-1" codeSystem="2.16.840.1.113883.6.1" codeSystemName="LOINC" displayName="WARNINGS SECTION" />
<title mediaType="text/x-hl7-title+xml">WARNINGS</title>
<text><paragraph>Concentrated dextrose in water should be administered only
after suitable dilution. Hypertonic dextrose solutions should be given slowly.
Significant hyperglycemia and possible hyperosmolar syndrome may result from
too rapid administration. The physician should be aware of the symptoms of
hyperosmolar syndrome, such as mental confusion and loss of consciousness,
especially in patients with chronic uremia and those with known carbohydrate
intolerance.</paragraph><paragraph>	The intravenous administration of these
solutions can cause fluid and/or solute overloading resulting in dilution
of serum electrolyte concentrations, overhydration, congested states or pulmonary
edema.</paragraph><paragraph>	WARNING: This product contains aluminum that
may be toxic. Aluminum may reach toxic levels with prolonged parenteral administration
if kidney function is impaired. Premature neonates are particularly at risk
because their kidneys are immature, and they require large amounts of calcium
and phosphate solutions, which contain aluminum.</paragraph><paragraph>	Research
indicates that patients with impaired kidney function, including premature
neonates, who receive parenteral levels of aluminum at greater than 4 to 5
mcg/kg/day accumulate aluminum at levels associated with central nervous system
and bone toxicity. Tissue loading may occur at even lower rates of administration.</paragraph><paragraph><content styleCode="bold italics">FOR PERIPHERAL VEIN ADMINISTRATION</content></paragraph><paragraph>Hypertonic
dextrose solutions (above 5% concentration) should be given slowly, preferably
through a small bore needle into a large vein, to minimize venous irritation.</paragraph><paragraph><content styleCode="bold italics">FOR CENTRAL VENOUS ADMINISTRATION</content></paragraph><paragraph>Concentrated
dextrose should be administered via central vein after appropriate admixture
or dilution when required.</paragraph></text>
<effectiveTime value="20060511" />
</section>
</component>
<component>
<section>
<id root="4C8B3F68-A1D3-8DF8-47A8-86791694780D" />
<code code="42232-9" codeSystem="2.16.840.1.113883.6.1" codeSystemName="LOINC" displayName="PRECAUTIONS SECTION" />
<title mediaType="text/x-hl7-title+xml">PRECAUTIONS</title>
<text><paragraph>Electrolyte deficits, particularly in serum potassium and
phosphate, may occur during prolonged use of concentrated dextrose solutions.
Blood electrolyte monitoring is essential, and fluid and electrolyte imbalances
should be corrected. Essential vitamins and minerals also should be provided
as needed.</paragraph><paragraph>	To minimize hyperglycemia and consequent
glycosuria, it is desirable to monitor blood and urine glucose and if necessary,
add insulin. When concentrated dextrose infusion is abruptly withdrawn, it
is advisable to follow with the administration of 5% or 10% dextrose to avoid
rebound hypoglycemia.</paragraph><paragraph>	Solutions containing dextrose
should be used with caution in patients with known subclinical or overt diabetes
mellitus.</paragraph><paragraph>	Care should be exercised to insure that the
needle (or catheter) is well within the lumen of the vein and that extravasation
does not occur.</paragraph><paragraph>	Concentrated dextrose solutions should
not be administered subcutaneously or intramuscularly.</paragraph><paragraph>	Do
not administer unless solution is clear and container is undamaged. Discard
unused portion.</paragraph></text>
<effectiveTime value="20060511" />
<component>
<section>
<id root="5C770EF1-DD76-7E62-8D02-4EAAC270FADD" />
<code code="42228-7" codeSystem="2.16.840.1.113883.6.1" codeSystemName="LOINC" displayName="PREGNANCY SECTION" />
<title mediaType="text/x-hl7-title+xml">Pregnancy Category C.</title>
<text><paragraph>Animal reproduction studies have not been conducted with
dextrose. It is also not known whether dextrose can cause fetal harm when
administered to a pregnant woman or can affect reproduction capacity. Dextrose
should be given to a pregnant woman only if clearly needed.</paragraph></text>
<effectiveTime value="20060511" />
</section>
</component>
<component>
<section>
<id root="6187370B-FBE4-87B4-0DCA-9B06F67B5188" />
<code code="34081-0" codeSystem="2.16.840.1.113883.6.1" codeSystemName="LOINC" displayName="PEDIATRIC USE SECTION" />
<title mediaType="text/x-hl7-title+xml">Pediatric Use:</title>
<text><paragraph>The safety and effectiveness in the pediatric population
are based on the similarity of the clinical conditions of the pediatric and
adult populations. In neonates or very small infants the volume of fluid may
affect fluid and electrolyte balance.</paragraph><paragraph>	Frequent monitoring
of serum glucose concentrations is required when dextrose is prescribed to
pediatric patients, particularly neonates and low birth weight infants.</paragraph><paragraph>	In
very low birth weight infants, excessive or rapid administration of dextrose
injection may result in increased serum osmolality and possible intracerebral
hemorrhage.</paragraph><paragraph>	This product contains no more than 25 mcg/L
of aluminum.</paragraph></text>
<effectiveTime value="20060511" />
</section>
</component>
</section>
</component>
<component>
<section>
<id root="4B6A5E2B-2841-B1D4-A743-C0D0A7A8000C" />
<code code="34084-4" codeSystem="2.16.840.1.113883.6.1" codeSystemName="LOINC" displayName="ADVERSE REACTIONS SECTION" />
<title mediaType="text/x-hl7-title+xml">ADVERSE REACTIONS</title>
<text><paragraph>Hyperosmolar syndrome, resulting from excessively rapid administration
of concentrated dextrose may cause hypovolemia, dehydration, mental confusion
and/or loss of consciousness.</paragraph><paragraph>	Reactions which may occur
because of the solution or the technique of administration include febrile
response, infection at the site of injection, venous thrombosis or phlebitis
extending from the site of injection, extravasation and hypervolemia.</paragraph><paragraph>	If
an adverse reaction does occur, discontinue the infusion, evaluate the patient,
institute appropriate therapeutic countermeasures and save the remainder of
the fluid for examination if deemed necessary.</paragraph></text>
<effectiveTime value="20060511" />
</section>
</component>
<component>
<section>
<id root="BDDB97A8-C311-015D-8A57-0B67884EA8E2" />
<code code="34088-5" codeSystem="2.16.840.1.113883.6.1" codeSystemName="LOINC" displayName="OVERDOSAGE SECTION" />
<title mediaType="text/x-hl7-title+xml">OVERDOSAGE</title>
<text><paragraph>In the event of overhydration or solute overload during therapy,
reevaluate the patient and institute appropriate corrective measures. See
WARNINGS and PRECAUTIONS.</paragraph></text>
<effectiveTime value="20060511" />
</section>
</component>
<component>
<section>
<id root="821040F6-3F68-057B-2B76-59763EE64CEF" />
<code code="34068-7" codeSystem="2.16.840.1.113883.6.1" codeSystemName="LOINC" displayName="DOSAGE &amp; ADMINISTRATION SECTION" />
<title mediaType="text/x-hl7-title+xml">DOSAGE AND ADMINISTRATION</title>
<text><paragraph>Concentrated Dextrose in Water is administered by slow intravenous
infusion (a) After admixture with amino acid solutions or (b) After dilution
with other compatible I.V. fluids. Dosage should be adjusted to meet the requirements
of each individual patient.</paragraph><paragraph>	The maximum rate at which
dextrose can be infused without producing glycosuria is 0.5 g/kg of body weight
/hr. About 95% of the dextrose is retained when infused at a rate of 0.8 g/kg/hr.</paragraph><paragraph>	As
reported in the literature, the dosage and constant infusion rate of intravenous
dextrose must be selected with caution in pediatric patients, particularly
neonates and low birth weight infants, because of the increased risk of hyperglycemia/hypoglycemia.</paragraph><paragraph>	Clinical
evaluation and periodic laboratory determinations are necessary to monitor
changes in fluid balance, electrolyte concentrations, and acid-base balance
during prolonged parenteral therapy or whenever the condition of the patient
warrants such evaluation.</paragraph><paragraph>	A list of nutritional admixture
values is appended.</paragraph><paragraph>	Parenteral drug products should
be inspected visually for particulate matter and discoloration prior to administration,
whenever solution and container permit. See PRECAUTIONS.</paragraph><paragraph><content styleCode="bold">Drug Interaction</content></paragraph><paragraph>Additives
may be incompatible. Consult with pharmacist, if available. When introducing
additives, use aseptic technique, mix thoroughly and do not store.</paragraph><paragraph>	Some
opacity of the plastic due to moisture absorption during sterilization process
may be observed. This is normal and does not affect the solution quality or
safety. The opacity will diminish gradually.</paragraph><paragraph><content styleCode="bold">WARNING: Do not use flexible container in series connections.</content></paragraph></text>
<effectiveTime value="20060511" />
</section>
</component>
<component>
<section>
<id root="E1CD806A-AC75-6BBA-D985-171C8B5D5197" />
<code code="34069-5" codeSystem="2.16.840.1.113883.6.1" codeSystemName="LOINC" displayName="HOW SUPPLIED SECTION" />
<title mediaType="text/x-hl7-title+xml">HOW SUPPLIED</title>
<text><paragraph>20%, 30%, 40%, 50% or 70% Dextrose Injection, USP are supplied
in single-dose partial-fill flexible containers. See the following table.</paragraph><table frame="below"><caption>Concentrated Dextrose In Water</caption>
<colgroup>
<col />
<col />
<col />
<col />
<col />
<col />
<col />
<col />
</colgroup>
<tbody>
<tr><td align="center" colspan="8" valign="top"><paragraph><content styleCode="bold">Content
and Characteristics</content></paragraph></td></tr>
<tr valign="bottom"><td><paragraph><content styleCode="bold">List No.</content></paragraph></td><td align="center"><paragraph><content styleCode="bold">% Conc.</content></paragraph></td><td align="center"><paragraph><content styleCode="bold">Fill Volume (mL)</content></paragraph></td><td align="center"><paragraph><content styleCode="bold">Total Grams of Dextrose
Hydrous Per Container</content></paragraph></td><td align="center"><paragraph><content styleCode="bold">kcal*/100&#160;mL</content></paragraph><paragraph><content styleCode="bold">(Per Container)</content></paragraph></td><td align="center"><paragraph><content styleCode="bold">mOsmol/liter</content></paragraph><paragraph><content styleCode="bold">(calc.)</content></paragraph></td><td align="center" colspan="2"><paragraph><content styleCode="bold">pH (range)</content></paragraph></td></tr>
<tr><td valign="top"><paragraph>7935</paragraph></td><td align="center" valign="top"><paragraph>20</paragraph></td><td align="center" valign="top"><paragraph>500</paragraph></td><td align="center" valign="top"><paragraph>100</paragraph></td><td align="center" valign="top"><paragraph>68 (340)</paragraph></td><td align="center" valign="top"><paragraph>1009</paragraph></td><td align="center" colspan="2" valign="top"><paragraph>4.3 (3.2 - 6.5)</paragraph></td></tr>
<tr><td valign="top"><paragraph>8004</paragraph></td><td align="center" valign="top"><paragraph>30</paragraph></td><td align="center" valign="top"><paragraph>500</paragraph></td><td align="center" valign="top"><paragraph>150</paragraph></td><td align="center" valign="top"><paragraph>102 (510)</paragraph></td><td align="center" valign="top"><paragraph>1514</paragraph></td><td align="center" colspan="2" valign="top"><paragraph>4.3 (3.2 - 6.5)</paragraph></td></tr>
<tr><td valign="top"><paragraph>7937</paragraph></td><td align="center" valign="top"><paragraph>40</paragraph></td><td align="center" valign="top"><paragraph>500</paragraph></td><td align="center" valign="top"><paragraph>200</paragraph></td><td align="center" valign="top"><paragraph>136 (680)</paragraph></td><td align="center" valign="top"><paragraph>2018</paragraph></td><td align="center" colspan="2" valign="top"><paragraph>4.3 (3.2 - 6.5)</paragraph></td></tr>
<tr><td valign="top"><paragraph>7936</paragraph></td><td align="center" valign="top"><paragraph>50</paragraph></td><td align="center" valign="top"><paragraph>500</paragraph></td><td align="center" valign="top"><paragraph>250</paragraph></td><td align="center" valign="top"><paragraph>170 (850)</paragraph></td><td align="center" valign="top"><paragraph>2523</paragraph></td><td align="center" colspan="2" valign="top"><paragraph>4.3 (3.2 - 6.5)</paragraph></td></tr>
<tr><td valign="top"><paragraph>7918</paragraph></td><td align="center" valign="top"><paragraph>70</paragraph></td><td align="center" valign="top"><paragraph>500</paragraph></td><td align="center" valign="top"><paragraph>350</paragraph></td><td align="center" valign="top"><paragraph>238 (1190)</paragraph></td><td align="center" valign="top"><paragraph>3532</paragraph></td><td align="center" colspan="2" valign="top"><paragraph>4.3 (3.2 - 6.5)</paragraph></td></tr>
<tr><td valign="top"><paragraph>7935</paragraph></td><td align="center" valign="top"><paragraph>20</paragraph></td><td align="center" valign="top"><paragraph>1000</paragraph></td><td align="center" valign="top"><paragraph>200</paragraph></td><td align="center" valign="top"><paragraph>68 (680)</paragraph></td><td align="center" valign="top"><paragraph>1009</paragraph></td><td align="center" colspan="2" valign="top"><paragraph>4.3 (3.2 - 6.5)</paragraph></td></tr>
<tr><td valign="top"><paragraph>7936</paragraph></td><td align="center" valign="top"><paragraph>50</paragraph></td><td align="center" valign="top"><paragraph>1000</paragraph></td><td align="center" valign="top"><paragraph>500</paragraph></td><td align="center" valign="top"><paragraph>170 (1700)</paragraph></td><td align="center" valign="top"><paragraph>2523</paragraph></td><td align="center" colspan="2" valign="top"><paragraph>4.3 (3.2 - 6.5)</paragraph></td></tr>
</tbody>
</table><paragraph>*Caloric value calculated on the basis of 3.4 kcal/g of
dextrose, hydrous.</paragraph><table frame="below"><caption>Nutritional Admixture
Values</caption>
<colgroup>
<col />
<col />
<col />
<col />
<col />
</colgroup>
<tbody>
<tr><td align="center" colspan="5" valign="top"><paragraph><content styleCode="bold">500
mL of Concentrated Dextrose mixed with 500 mL Aminosyn</content><content styleCode="bold"><sup>&#174;</sup></content><content styleCode="bold">7% </content><content styleCode="bold italics">or</content></paragraph><paragraph><content styleCode="bold">1000
mL of Concentrated Dextrose mixed with 1000 mL of Aminosyn 7%</content></paragraph></td></tr>
<tr><td align="center" valign="top"><paragraph><content styleCode="bold">Dextrose</content></paragraph><paragraph><content styleCode="bold">Pre-Dilution Concentration</content></paragraph></td><td align="center" valign="top"><paragraph><content styleCode="bold">Admixture</content></paragraph><paragraph><content styleCode="bold">Non-Protein</content></paragraph><paragraph><content styleCode="bold">kcal/g N</content></paragraph></td><td align="center" valign="top"><paragraph><content styleCode="bold">Admixture</content></paragraph><paragraph><content styleCode="bold">Non-Protein</content></paragraph><paragraph><content styleCode="bold">kcal/liter</content></paragraph></td><td align="center" valign="top"><paragraph><content styleCode="bold">Admixture</content></paragraph><paragraph><content styleCode="bold">g N/liter</content></paragraph></td><td align="center" valign="top"><paragraph><content styleCode="bold">Admixture</content></paragraph><paragraph><content styleCode="bold">Dextrose</content></paragraph><paragraph><content styleCode="bold">Concentration</content></paragraph></td></tr>
<tr><td align="center" valign="top"><paragraph>20%</paragraph></td><td align="center" valign="top"><paragraph>62</paragraph></td><td align="center" valign="top"><paragraph>340</paragraph></td><td align="center" valign="top"><paragraph>5.5</paragraph></td><td align="center" valign="top"><paragraph>10%</paragraph></td></tr>
<tr><td align="center" valign="top"><paragraph>30%</paragraph></td><td align="center" valign="top"><paragraph>93</paragraph></td><td align="center" valign="top"><paragraph>510</paragraph></td><td align="center" valign="top"><paragraph>5.5</paragraph></td><td align="center" valign="top"><paragraph>15%</paragraph></td></tr>
<tr><td align="center" valign="top"><paragraph>40%</paragraph></td><td align="center" valign="top"><paragraph>124</paragraph></td><td align="center" valign="top"><paragraph>680</paragraph></td><td align="center" valign="top"><paragraph>5.5</paragraph></td><td align="center" valign="top"><paragraph>20%</paragraph></td></tr>
<tr><td align="center" valign="top"><paragraph>50%</paragraph></td><td align="center" valign="top"><paragraph>155</paragraph></td><td align="center" valign="top"><paragraph>850</paragraph></td><td align="center" valign="top"><paragraph>5.5</paragraph></td><td align="center" valign="top"><paragraph>25%</paragraph></td></tr>
<tr><td align="center" valign="top"><paragraph>70%</paragraph></td><td align="center" valign="top"><paragraph>216</paragraph></td><td align="center" valign="top"><paragraph>1190</paragraph></td><td align="center" valign="top"><paragraph>5.5</paragraph></td><td align="center" valign="top"><paragraph>35%</paragraph></td></tr>
</tbody>
</table><paragraph>Exposure of pharmaceutical products to heat should be minimized.
Store at 20 to 25&#176;C (68 to 77&#176;F). [See USP Controlled Room Temperature.]
Protect from freezing.</paragraph><table frame="void"><caption />
<colgroup>
<col />
<col />
<col />
</colgroup>
<tbody>
<tr><td valign="top" /><td valign="top" /><td align="right" valign="top"><paragraph /></td></tr>
<tr><td valign="top"><paragraph>&#169;Hospira 2005</paragraph></td><td align="center" valign="top"><paragraph>EN-1037</paragraph></td><td align="right" valign="top"><paragraph>Printed in USA</paragraph></td></tr>
</tbody>
</table><paragraph><content styleCode="italics">HOSPIRA, INC., LAKE FOREST,
IL 60045 USA</content></paragraph></text>
<effectiveTime value="20060511" />
</section>
</component>
</structuredBody>
</component>
</document>
