<?xml version="1.0" encoding="UTF-8"?>
<?xml-stylesheet href="http://www.fda.gov/oc/datacouncil/stylesheets/spl/spl.xsl" type="text/xsl"?><document xmlns="urn:hl7-org:v3" xmlns:voc="http://www.hl7.org/v3/voc" xmlns:xsi="http://www.w3.org/2001/XMLSchema-instance" xsi:schemaLocation="urn:hl7-org:v3 http://www.fda.gov/oc/datacouncil/schemas/spl/spl.xsd">
<id root="13916cd3-6fe6-401e-af71-07ae2686bce0" />
<code code="34391-3" codeSystem="2.16.840.1.113883.6.1" codeSystemName="LOINC" displayName="Human prescription drug label" />
<title mediaType="text/x-hl7-title+xml">Dovonex<sup>&#174;</sup><br />(calcipotriene ointment),<br />0.005%</title>
<effectiveTime value="20060407" />
<setId root="13916cd3-6fe6-401e-af71-07ae2686bce0" />
<versionNumber value="1" />
<author>
<time />
<assignedEntity>
<representedOrganization>
<name>Bristol-Myers Squibb Company</name>
<addr><streetAddressLine mediaType="text/plain" partType="SAL" representation="TXT" /><city mediaType="text/plain" partType="CTY" representation="TXT">Princeton</city><state mediaType="text/plain" partType="STA" representation="TXT">NJ</state><postalCode mediaType="text/plain" partType="ZIP" representation="TXT">08543</postalCode><country mediaType="text/plain" partType="CNT" representation="TXT">US</country></addr>
</representedOrganization>
</assignedEntity>
</author>
<component>
<structuredBody>
<component>
<section>
<id root="DAB90B0D-CD99-B8C3-35FB-9EC93A8D0E4E" />
<effectiveTime value="20060407" />
<subject>
<manufacturedProduct>
<manufacturedMedicine>
<code code="0072-2540" />
<name>Dovonex</name>
<formCode code="C42966" codeSystem="2.16.84.1.1138833.26.1.1" displayName="OINTMENT" />
<activeIngredient>
<quantity>
<numerator unit="ug" value="50">
<translation code="C48152" codeSystem="2.16.840.1.113883.3.26.1.1" displayName="MICROGRAM" value="50" />
</numerator>
<denominator unit="g" value="1">
<translation code="C48155" codeSystem="2.16.840.1.113883.3.26.1.1" displayName="GRAM" value="1" />
</denominator>
</quantity>
<activeIngredientSubstance>
<code code="143NQ3779B" codeSystem="2.16.840.1.113883.4.9" codeSystemName="FDA SRS" />
<name>calcipotriene</name>
<activeMoiety>
<activeMoiety>
<code code="143NQ3779B" codeSystem="2.16.840.1.113883.4.9" codeSystemName="FDA SRS" />
<name>calcipotriene</name>
</activeMoiety>
</activeMoiety>
</activeIngredientSubstance>
</activeIngredient>
<asEntityWithGeneric>
<genericMedicine>
<name>calcipotriene</name>
</genericMedicine>
</asEntityWithGeneric>
<inactiveIngredient>
<inactiveIngredientSubstance>
<code code="GR686LBA74" codeSystem="2.16.840.1.113883.4.9" codeSystemName="FDA SRS" />
<name>dibasic sodium phosphate</name>
</inactiveIngredientSubstance>
</inactiveIngredient>
<inactiveIngredient>
<inactiveIngredientSubstance>
<code code="7FLD91C86K" codeSystem="2.16.840.1.113883.4.9" codeSystemName="FDA SRS" />
<name>edetate disodium</name>
</inactiveIngredientSubstance>
</inactiveIngredient>
<inactiveIngredient>
<inactiveIngredientSubstance>
<name>mineral oil</name>
</inactiveIngredientSubstance>
</inactiveIngredient>
<inactiveIngredient>
<inactiveIngredientSubstance>
<name>petrolatum</name>
</inactiveIngredientSubstance>
</inactiveIngredient>
<inactiveIngredient>
<inactiveIngredientSubstance>
<code code="6DC9Q167V3" codeSystem="2.16.840.1.113883.4.9" codeSystemName="FDA SRS" />
<name>propylene glycol</name>
</inactiveIngredientSubstance>
</inactiveIngredient>
<inactiveIngredient>
<inactiveIngredientSubstance>
<name>tocopherol</name>
</inactiveIngredientSubstance>
</inactiveIngredient>
<inactiveIngredient>
<inactiveIngredientSubstance>
<name>steareth-2</name>
</inactiveIngredientSubstance>
</inactiveIngredient>
<inactiveIngredient>
<inactiveIngredientSubstance>
<name>water</name>
</inactiveIngredientSubstance>
</inactiveIngredient>
<asContent>
<quantity>
<numerator unit="g" value="60">
<translation code="C48155" codeSystem="2.16.840.1.113883.3.26.1.1" displayName="GRAM" value="60" />
</numerator>
<denominator value="1">
<translation value="1" />
</denominator>
</quantity>
<containerPackagedMedicine>
<code code="0072-2540-06" codeSystem="2.16.840.1.113883.6.69" />
<formCode code="C42794" codeSystem="2.16.840.1.113883.3.26.1.1" displayName="TUBE" />
</containerPackagedMedicine>
</asContent>
<asContent>
<quantity>
<numerator unit="g" value="120">
<translation code="C48155" codeSystem="2.16.840.1.113883.3.26.1.1" displayName="GRAM" value="120" />
</numerator>
<denominator value="1">
<translation value="1" />
</denominator>
</quantity>
<containerPackagedMedicine>
<code code="0072-2540-12" codeSystem="2.16.840.1.113883.6.69" />
<formCode code="C42794" codeSystem="2.16.840.1.113883.3.26.1.1" displayName="TUBE" />
</containerPackagedMedicine>
</asContent>
</manufacturedMedicine>
<consumedIn>
<substanceAdministration>
<routeCode code="C38304" codeSystem="2.16.840.1.113883.3.26.1.1" displayName="TOPICAL" />
</substanceAdministration>
</consumedIn>
</manufacturedProduct>
</subject>
</section>
</component>
<component>
<section>
<id root="9F8385C0-77A1-2197-9071-747DFC2AA7DA" />
<code code="42229-5" codeSystem="2.16.840.1.113883.6.1" codeSystemName="LOINC" displayName="SPL UNCLASSIFIED SECTION" />
<title mediaType="text/x-hl7-title+xml" />
<text><paragraph><content styleCode="bold">FOR TOPICAL DERMATOLOGIC USE ONLY.</content></paragraph><paragraph><content styleCode="bold">Not for Ophthalmic, Oral or Intravaginal Use.</content></paragraph></text>
<effectiveTime value="20060407" />
</section>
</component>
<component>
<section>
<id root="24BE0DAA-8271-5942-D390-A643D5327CA1" />
<code code="34089-3" codeSystem="2.16.840.1.113883.6.1" codeSystemName="LOINC" displayName="DESCRIPTION SECTION" />
<title mediaType="text/x-hl7-title+xml">DESCRIPTION</title>
<text><paragraph>Dovonex<sup>&#174;</sup> (calcipotriene ointment), 0.005% contains the compound calcipotriene, a synthetic vitamin D<sub>3</sub> derivative for topical dermatological use.</paragraph><paragraph>Chemically, calcipotriene is (5Z,7E,22E,24S)-24-cyclopropyl-9,10-secochola-5,7,10(19),22-tetraene-1&#945;,3&#946;,24-triol-, with the empirical formula C<sub>27</sub>H<sub>40</sub>O<sub>3</sub>, a molecular weight of 412.6, and the following structural formula:</paragraph><renderMultiMedia referencedObject="MM1" /><paragraph>Calcipotriene is a white or off-white crystalline substance. Dovonex ointment contains calcipotriene 50 &#181;g/g in an ointment base of dibasic sodium phosphate, edetate disodium, mineral oil, petrolatum, propylene glycol, tocopherol, steareth-2 and water.</paragraph></text>
<effectiveTime value="20060407" />
<component>
<observationMedia ID="MM1">
<value mediaType="image/jpeg" xsi:type="ED"><reference value="dovonex-ointment-structure.jpg" /></value>
</observationMedia>
</component>
</section>
</component>
<component>
<section>
<id root="3AA861E4-B36C-93DE-38C8-F33BC4F3FB7C" />
<code code="34090-1" codeSystem="2.16.840.1.113883.6.1" codeSystemName="LOINC" displayName="CLINICAL PHARMACOLOGY SECTION" />
<title mediaType="text/x-hl7-title+xml">CLINICAL PHARMACOLOGY</title>
<text><paragraph>In humans, the natural supply of vitamin D depends mainly on exposure to the ultraviolet rays of the sun for conversion of 7-dehydrocholesterol to vitamin D<sub>3</sub> (cholecalciferol) in the skin. Calcipotriene is a synthetic analog of vitamin D<sub>3</sub>.</paragraph><paragraph>Clinical studies with radiolabelled ointment indicate that approximately 6% (&#177; 3%, SD) of the applied dose of calcipotriene is absorbed systemically when the ointment is applied topically to psoriasis plaques or 5% (&#177; 2.6%, SD) when applied to normal skin, and much of the absorbed active is converted to inactive metabolites within 24 hours of application.</paragraph><paragraph>Vitamin D and its metabolites are transported in the blood, bound to specific plasma proteins. The active form of the vitamin, 1,25-dihydroxy vitamin D<sub>3</sub> (calcitriol), is known to be recycled via the liver and excreted in the bile. Calcipotriene metabolism following systemic uptake is rapid, and occurs via a similar pathway to the natural hormone. The primary metabolites are much less potent than the parent compound.</paragraph><paragraph>There is evidence that maternal 1,25-dihydroxy vitamin D<sub>3</sub> (calcitriol) may enter the fetal circulation, but it is not known whether it is excreted in human milk. The systemic disposition of calcipotriene is expected to be similar to that of the naturally occurring vitamin.</paragraph></text>
<effectiveTime value="20060407" />
</section>
</component>
<component>
<section>
<id root="4112131E-C720-87FE-C512-CA35511D451B" />
<code code="34092-7" codeSystem="2.16.840.1.113883.6.1" codeSystemName="LOINC" displayName="CLINICAL STUDIES SECTION" />
<title mediaType="text/x-hl7-title+xml">CLINICAL STUDIES</title>
<text><paragraph>Adequate and well-controlled trials of patients treated with Dovonex ointment have demonstrated improvement usually beginning after two weeks of therapy. This improvement continued in patients using Dovonex once daily and twice daily. After 8 weeks of once daily Dovonex, 56.7% of patients showed at least marked improvements (6.4% showed complete clearing). After 8 weeks of twice daily Dovonex, 70.0% of patients showed at least marked improvement (11.3% showed complete clearing).</paragraph><paragraph>Subtracting percentages of patients using placebo (vehicle only) from percentages of patients using Dovonex who had at least marked improvements after 8 weeks yields 39.9% for once daily and 49.6% for twice daily. This adjustment for placebo effect indicates that what might appear to be differences between once and twice daily use may reflect differences in the studies independent from the frequency of dosing. Although there was a numerical difference in comparison across studies, twice daily dosing has not been shown to be superior in efficacy to once daily dosing.</paragraph><paragraph>Over 400 patients have been treated in open label clinical studies of Dovonex for periods of up to one year. In half of these studies, patients who previously had not responded well to Dovonex were excluded. The adverse events in these extended studies included skin irritation in approximately 25% of patients and worsening of psoriasis in approximately 10% of patients. In one of these open label studies, half of the patients no longer required Dovonex by 16 weeks of treatment, because of satisfactory therapeutic results.</paragraph></text>
<effectiveTime value="20060407" />
</section>
</component>
<component>
<section>
<id root="754C76E4-EDF3-EB58-F04B-55F4D38E0867" />
<code code="34067-9" codeSystem="2.16.840.1.113883.6.1" codeSystemName="LOINC" displayName="INDICATIONS AND USAGE SECTION" />
<title mediaType="text/x-hl7-title+xml">INDICATIONS AND USAGE</title>
<text><paragraph>Dovonex (calcipotriene ointment), 0.005%, is indicated for the treatment of plaque psoriasis in adults. The safety and effectiveness of topical calcipotriene in dermatoses other than psoriasis have not been established.</paragraph></text>
<effectiveTime value="20060407" />
</section>
</component>
<component>
<section>
<id root="3B20717C-0682-379D-7544-123D92431029" />
<code code="34070-3" codeSystem="2.16.840.1.113883.6.1" codeSystemName="LOINC" displayName="CONTRAINDICATIONS SECTION" />
<title mediaType="text/x-hl7-title+xml">CONTRAINDICATIONS</title>
<text><paragraph>Dovonex is contraindicated in those patients with a history of hypersensitivity to any of the components of the preparation. It should not be used by patients with demonstrated hypercalcemia or evidence of vitamin D toxicity. Dovonex should not be used on the face.</paragraph></text>
<effectiveTime value="20060407" />
</section>
</component>
<component>
<section>
<id root="61211D60-FC1F-C59F-7F1E-832F51A9A038" />
<code code="42232-9" codeSystem="2.16.840.1.113883.6.1" codeSystemName="LOINC" displayName="PRECAUTIONS SECTION" />
<title mediaType="text/x-hl7-title+xml">PRECAUTIONS</title>
<effectiveTime value="20060407" />
<component>
<section>
<id root="B6B6FCA6-0A25-2FB5-105D-23C96B41DC77" />
<code code="34072-9" codeSystem="2.16.840.1.113883.6.1" codeSystemName="LOINC" displayName="GENERAL PRECAUTIONS SECTION" />
<title mediaType="text/x-hl7-title+xml">General</title>
<text><paragraph>Use of Dovonex may cause irritation of lesions and surrounding uninvolved skin. If irritation develops, Dovonex should be discontinued.</paragraph><paragraph>For external use only. Keep out of the reach of children. Always wash hands thoroughly after use.</paragraph><paragraph>Transient, rapidly reversible elevation of serum calcium has occurred with use of Dovonex. If elevation in serum calcium outside the normal range should occur, discontinue treatment until normal calcium levels are restored.</paragraph></text>
<effectiveTime value="20060407" />
</section>
</component>
<component>
<section>
<id root="185F00DD-C97D-13C4-0AA9-5B51E0448E63" />
<code code="34076-0" codeSystem="2.16.840.1.113883.6.1" codeSystemName="LOINC" displayName="INFORMATION FOR PATIENTS SECTION" />
<title mediaType="text/x-hl7-title+xml">Information for Patients</title>
<text><paragraph>Patients using Dovonex should receive the following information and instructions:</paragraph><list listType="ordered"><item>This medication is to be used as directed by the physician. It is for external use only. Avoid contact with the face or eyes. As with any topical medication, patients should wash hands after application.</item><item>This medication should not be used for any disorder other than that for which it was prescribed.</item><item>Patients should report to their physician any signs of local adverse reactions.</item><item>Patients that apply Dovonex to exposed portions of the body should avoid excessive exposure to either natural or artificial sunlight (including tanning booths, sun lamps, etc.).</item></list></text>
<effectiveTime value="20060407" />
</section>
</component>
<component>
<section>
<id root="31A72AA2-FEFC-B2F7-D0B6-0775FD4F6042" />
<code code="34083-6" codeSystem="2.16.840.1.113883.6.1" codeSystemName="LOINC" displayName="CARCINOGENESIS AND MUTAGENESIS AND IMPAIRMENT OF FERTILITY SECTION" />
<title mediaType="text/x-hl7-title+xml">Carcinogenesis, Mutagenesis, Impairment of Fertility</title>
<text><paragraph>The potential of calcipotriene to induce carcinogenesis in standard long-term animal studies (in the absence of ultraviolet radiation [UVR]) has not been evaluated. In a study in which albino hairless mice were exposed to both UVR and topically applied calcipotriene, a reduction in the time required for UVR to induce the formation of skin tumors was observed (statistically significant in males only), suggesting that calcipotriene may enhance the effect of UVR to induce skin tumors. Patients that apply Dovonex to exposed portions of the body should avoid excessive exposure to either natural or artificial sunlight (including tanning booths, sun lamps, etc.). Physicians may wish to limit or avoid use of phototherapy in patients that use Dovonex.</paragraph><paragraph>Calcipotriene did not elicit any mutagenic effects in an Ames mutagenicity assay, a mouse lymphoma TK locus assay, a human lymphocyte chromosome aberration assay, or in a micronucleus assay conducted in mice.</paragraph><paragraph>Studies in rats at doses up to 54 &#181;g/kg/day (318 &#181;g/m<sup>2</sup>/day) of calcipotriene indicated no impairment of fertility or general reproductive performance.</paragraph></text>
<effectiveTime value="20060407" />
</section>
</component>
<component>
<section>
<id root="7D0C2743-05F4-8409-09B0-76D524A83422" />
<code code="42228-7" codeSystem="2.16.840.1.113883.6.1" codeSystemName="LOINC" displayName="PREGNANCY SECTION" />
<title mediaType="text/x-hl7-title+xml">Pregnancy</title>
<effectiveTime value="20060407" />
<component>
<section>
<id root="284598DB-B68B-BEEB-A0EF-02C9F10ACE25" />
<code code="34077-8" codeSystem="2.16.840.1.113883.6.1" codeSystemName="LOINC" displayName="TERATOGENIC EFFECTS SECTION" />
<title mediaType="text/x-hl7-title+xml"><content styleCode="italics">Teratogenic Effects: Pregnancy Category C</content></title>
<text><paragraph>Studies of teratogenicity were done by the oral route where bioavailability is expected to be approximately 40-60% of the administered dose. In rabbits, increased maternal and fetal toxicity were noted at a dosage of 12 &#181;g/kg/day (132 &#181;g/m<sup>2</sup>/day); a dosage of 36 &#181;g/kg/day (396 &#181;g/m<sup>2</sup>/day) resulted in a significant increase in the incidence of incomplete ossification of the pubic bones and forelimb phalanges of fetuses. In a rat study, a dosage of 54 &#181;g/kg/day (318 &#181;g/m<sup>2</sup>/day) resulted in a significantly increased incidence of skeletal abnormalities (enlarged fontanelles and extra ribs). The enlarged fontanelles are most likely due to calcipotriene's effect upon calcium metabolism. The estimated maternal and fetal no-effect exposure levels in the rat (43.2 &#181;g/m<sup>2</sup>/day) and rabbit (17.6 &#181;g/m<sup>2</sup>/day) studies are approximately equal to the expected human systemic exposure level (18.5 &#181;g/m<sup>2</sup>/day) from dermal application. There are no adequate and well-controlled studies in pregnant women. Therefore, Dovonex ointment should be used during pregnancy only if the potential benefit justifies the potential risk to the fetus.</paragraph></text>
<effectiveTime value="20060407" />
</section>
</component>
</section>
</component>
<component>
<section>
<id root="A070E318-D127-9A1F-8B4A-972936C27C87" />
<code code="34080-2" codeSystem="2.16.840.1.113883.6.1" codeSystemName="LOINC" displayName="NURSING MOTHERS SECTION" />
<title mediaType="text/x-hl7-title+xml">Nursing Mothers</title>
<text><paragraph>It is not known whether calcipotriene is excreted in human milk. Because many drugs are excreted in human milk, caution should be exercised when Dovonex (calcipotriene ointment), 0.005% is administered to a nursing woman.</paragraph></text>
<effectiveTime value="20060407" />
</section>
</component>
<component>
<section>
<id root="0F7836D4-B2FF-74B8-9CFB-B72996E09A58" />
<code code="34081-0" codeSystem="2.16.840.1.113883.6.1" codeSystemName="LOINC" displayName="PEDIATRIC USE SECTION" />
<title mediaType="text/x-hl7-title+xml">Pediatric Use</title>
<text><paragraph>Safety and effectiveness of Dovonex in pediatric patients have not been established. Because of a higher ratio of skin surface area to body mass, pediatric patients are at greater risk than adults of systemic adverse effects when they are treated with topical medication.</paragraph></text>
<effectiveTime value="20060407" />
</section>
</component>
<component>
<section>
<id root="63362983-D05A-9AB3-D56F-7C558C714304" />
<code code="34082-8" codeSystem="2.16.840.1.113883.6.1" codeSystemName="LOINC" displayName="GERIATRIC USE SECTION" />
<title mediaType="text/x-hl7-title+xml">Geriatric Use</title>
<text><paragraph>Of the total number of patients in clinical studies of calcipotriene ointment, approximately 12% were 65 or older, while approximately 4% were 75 and over. The results of an analysis of severity of skin-related adverse events showed a statistically significant difference for subjects over 65 years (more severe) compared to those under 65 years (less severe).</paragraph></text>
<effectiveTime value="20060407" />
</section>
</component>
</section>
</component>
<component>
<section>
<id root="797A5696-1FFB-2623-D93D-DB98DFC82CC9" />
<code code="34084-4" codeSystem="2.16.840.1.113883.6.1" codeSystemName="LOINC" displayName="ADVERSE REACTIONS SECTION" />
<title mediaType="text/x-hl7-title+xml">ADVERSE REACTIONS</title>
<text><paragraph>In controlled clinical trials, the most frequent adverse reactions reported for Dovonex were burning, itching and skin irritation, which occurred in approximately 10-15% of patients. Erythema, dry skin, peeling, rash, dermatitis, worsening of psoriasis including development of facial/scalp psoriasis were reported in 1 to 10% of patients. Other experiences reported in less than 1% of patients included skin atrophy, hyperpigmentation, hypercalcemia, and folliculitis. Once daily dosing has not been shown to be superior in safety to twice daily dosing.</paragraph></text>
<effectiveTime value="20060407" />
</section>
</component>
<component>
<section>
<id root="FA62839D-D9AB-2270-8AE3-311D85A3D3B2" />
<code code="34088-5" codeSystem="2.16.840.1.113883.6.1" codeSystemName="LOINC" displayName="OVERDOSAGE SECTION" />
<title mediaType="text/x-hl7-title+xml">OVERDOSAGE</title>
<text><paragraph>Topically applied Dovonex can be absorbed in sufficient amounts to produce systemic effects. Elevated serum calcium has been observed with excessive use of Dovonex ointment.</paragraph></text>
<effectiveTime value="20060407" />
</section>
</component>
<component>
<section>
<id root="A090E9F0-E5AD-3ACE-80BA-B52B1969F4E7" />
<code code="34068-7" codeSystem="2.16.840.1.113883.6.1" codeSystemName="LOINC" displayName="DOSAGE AND ADMINISTRATION SECTION" />
<title mediaType="text/x-hl7-title+xml">DOSAGE AND ADMINISTRATION</title>
<text><paragraph>Apply a thin layer of Dovonex ointment once or twice daily and rub in gently and completely.</paragraph></text>
<effectiveTime value="20060407" />
</section>
</component>
<component>
<section>
<id root="D0981750-477A-2622-292C-0AE10659F6E1" />
<code code="34069-5" codeSystem="2.16.840.1.113883.6.1" codeSystemName="LOINC" displayName="HOW SUPPLIED SECTION" />
<title mediaType="text/x-hl7-title+xml">HOW SUPPLIED</title>
<text><paragraph>Dovonex<sup>&#174;</sup> (calcipotriene ointment), 0.005% is available in:</paragraph><paragraph>60 gram aluminum tubes (NDC 0072-2540-06).<br />120 gram aluminum tubes (NDC 0072-2540-12).</paragraph></text>
<effectiveTime value="20060407" />
<component>
<section>
<id root="861A1BAD-95E4-1D94-02A8-488CFF6FCB5A" />
<code code="44425-7" codeSystem="2.16.840.1.113883.6.1" codeSystemName="LOINC" displayName="STORAGE AND HANDLING SECTION" />
<title mediaType="text/x-hl7-title+xml">STORAGE</title>
<text><paragraph>Store at controlled room temperature 15&#176; C-25&#176; C (59&#176; F-77&#176; F). Do not freeze.</paragraph></text>
<effectiveTime value="20060407" />
</section>
</component>
</section>
</component>
<component>
<section>
<id root="327E8AC2-5DD0-3825-15DF-E4A8D4EBA920" />
<code code="42229-5" codeSystem="2.16.840.1.113883.6.1" codeSystemName="LOINC" displayName="SPL UNCLASSIFIED SECTION" />
<title mediaType="text/x-hl7-title+xml" />
<text><paragraph><renderMultiMedia referencedObject="MM2" /></paragraph><paragraph>Distributed by:<br />Bristol-Myers Squibb Company<br />Princeton, NJ 08543 USA</paragraph><paragraph>U.S. Patent No. 4,866,048</paragraph><paragraph>51-019711-04<br />007908-07<br /></paragraph></text>
<effectiveTime value="20060407" />
<component>
<observationMedia ID="MM2">
<value mediaType="image/jpeg" xsi:type="ED"><reference value="dovonex-ointment-leo-logo.jpg" /></value>
</observationMedia>
</component>
</section>
</component>
</structuredBody>
</component>
</document>
