<?xml version="1.0" encoding="utf-8"?>
<?xml-stylesheet href="http://www.fda.gov/oc/datacouncil/stylesheets/spl/spl.xsl" type="text/xsl"?>
<document xmlns:voc="http://www.hl7.org/v3/voc" xmlns="urn:hl7-org:v3" xmlns:xsi="http://www.w3.org/2001/XMLSchema-instance" xsi:schemaLocation="urn:hl7-org:v3 http://www.fda.gov/oc/datacouncil/schemas/spl/spl.xsd">
	<id root="31A1819D-DA81-295F-DEB9-4D26AED30346"/>
	<code code="34391-3" codeSystem="2.16.840.1.113883.6.1" codeSystemName="LOINC" displayName="HUMAN PRESCRIPTION DRUG LABELING"/>
	<title mediaType="text/x-hl7-title+xml">Tolinase<sup>&#174;</sup>
		<br/>tolazamide tablets, USP</title>
	<effectiveTime value="20060411"/>
	<setId root="AAE8B7A4-742A-4BEC-A283-31B9408EE1AA"/>
	<versionNumber value="1"/>
	<author>
  <time/>
  <assignedEntity>
   <representedOrganization>
    <name>Pharmacia and Upjohn Company</name>
   </representedOrganization>
  </assignedEntity>
</author>
	<component>
		<structuredBody>
			<component>
				<section>
					<id root="C437D7D9-68DD-0028-B795-61447BCDBBF9"/>
					<effectiveTime value="20060411"/>
					<subject>
						<manufacturedProduct>
							<manufacturedMedicine>
								<code code="0009-0070" codeSystem="2.16.840.1.113883.6.69"/>
								<name>Tolinase</name>
								<formCode code="C42998" codeSystem="2.16.840.1.113883.3.26.1.1" displayName="TABLET"/>
								<activeIngredient>
									<quantity>
										<numerator unit="mg" value="100">
											<translation code="C28253" codeSystem="2.16.840.1.113883.3.26.1.1" displayName="MILLIGRAM" value="100"/>
										</numerator>
										<denominator value="1">
											<translation code="C48542" codeSystem="2.16.840.1.113883.3.26.1.1" displayName="TABLET" value="1"/>
										</denominator>
									</quantity>
									<activeIngredientSubstance>
										<code code="9LT1BRO48Q" codeSystem="2.16.840.1.113883.4.9" codeSystemName="FDA SRS"/>
										<name>tolazamide</name>
										<activeMoiety>
											<activeMoiety>
												<code code="9LT1BRO48Q" codeSystem="2.16.840.1.113883.4.9" codeSystemName="FDA SRS"/>
												<name>tolazamide</name>
											</activeMoiety>
										</activeMoiety>
									</activeIngredientSubstance>
								</activeIngredient>
								<asEntityWithGeneric>
									<genericMedicine>
										<name>tolazamide</name>
									</genericMedicine>
								</asEntityWithGeneric>
								<inactiveIngredient>
									<inactiveIngredientSubstance>
										<code code="E934B3V59H" codeSystem="2.16.840.1.113883.4.9" codeSystemName="FDA SRS"/>
										<name>calcium sulfate</name>
									</inactiveIngredientSubstance>
								</inactiveIngredient>
								<inactiveIngredient>
									<inactiveIngredientSubstance>
										<code code="F05Q2T2JA0" codeSystem="2.16.840.1.113883.4.9" codeSystemName="FDA SRS"/>
										<name>docusate sodium</name>
									</inactiveIngredientSubstance>
								</inactiveIngredient>
								<inactiveIngredient>
									<inactiveIngredientSubstance>
										<code code="70097M6I30" codeSystem="2.16.840.1.113883.4.9" codeSystemName="FDA SRS"/>
										<name>magnesium stearate</name>
									</inactiveIngredientSubstance>
								</inactiveIngredient>
								<inactiveIngredient>
									<inactiveIngredientSubstance>
										<name>methylcellulose</name>
									</inactiveIngredientSubstance>
								</inactiveIngredient>
								<inactiveIngredient>
									<inactiveIngredientSubstance>
										<name>sodium alginate</name>
									</inactiveIngredientSubstance>
								</inactiveIngredient>
								<asContent>
									<quantity>
										<numerator value="100">
											<translation code="C48542" codeSystem="2.16.840.1.113883.3.26.1.1" displayName="TABLET" value="100"/>
										</numerator>
										<denominator value="1">
											<translation value="1"/>
										</denominator>
									</quantity>
									<containerPackagedMedicine>
										<code code="0009-0070-02" codeSystem="2.16.840.1.113883.6.69" codeSystemName="NDC"/>
										<formCode code="C43176" codeSystem="2.16.840.1.113883.3.26.1.1" displayName="BOTTLE, UNIT-DOSE"/>
									</containerPackagedMedicine>
								</asContent>
							</manufacturedMedicine>
							<subjectOf>
								<characteristic classCode="OBS">
									<code code="SPLCOLOR" codeSystem="2.16.840.1.113883.1.11.19255"/>
									<value code="C48325" codeSystem="2.16.840.1.113883.3.26.1.1" displayName="WHITE" xsi:type="CE">
										<originalText>WHITE</originalText>
									</value>
								</characteristic>
							</subjectOf>
							<subjectOf>
								<characteristic classCode="OBS">
									<code code="SPLSHAPE" codeSystem="2.16.840.1.113883.1.11.19255"/>
									<value code="C48348" codeSystem="2.16.840.1.113883.3.26.1.1" displayName="ROUND" xsi:type="CE">
										<originalText>ROUND</originalText>
									</value>
								</characteristic>
							</subjectOf>
							<subjectOf>
								<characteristic classCode="OBS">
									<code code="SPLSIZE" codeSystem="2.16.840.1.113883.1.11.19255"/>
									<value unit="mm" value="9" xsi:type="PQ"/>
								</characteristic>
							</subjectOf>
							<subjectOf>
								<characteristic classCode="OBS">
									<code code="SPLCOATING" codeSystem="2.16.840.1.113883.1.11.19255"/>
									<value value="false" xsi:type="BL"/>
								</characteristic>
							</subjectOf>
							<subjectOf>
								<characteristic classCode="OBS">
									<code code="SPLSCORE" codeSystem="2.16.840.1.113883.1.11.19255"/>
									<value value="2" xsi:type="INT"/>
								</characteristic>
							</subjectOf>
							<subjectOf>
								<characteristic classCode="OBS">
									<code code="SPLSYMBOL" codeSystem="2.16.840.1.113883.1.11.19255"/>
									<value value="false" xsi:type="BL"/>
								</characteristic>
							</subjectOf>
							<subjectOf>
								<characteristic classCode="OBS">
									<code code="SPLIMPRINT" codeSystem="2.16.840.1.113883.1.11.19255"/>
									<value xsi:type="ST">TOLINASE;100</value>
								</characteristic>
							</subjectOf>
							<consumedIn>
								<substanceAdministration>
									<routeCode code="C38288" codeSystem="2.16.840.1.113883.3.26.1.1" displayName="ORAL"/>
								</substanceAdministration>
							</consumedIn>
						</manufacturedProduct>
					</subject>
					<subject>
						<manufacturedProduct>
							<manufacturedMedicine>
								<code code="0009-0114" codeSystem="2.16.840.1.113883.6.69"/>
								<name>Tolinase</name>
								<formCode code="C42998" codeSystem="2.16.840.1.113883.3.26.1.1" displayName="TABLET"/>
								<activeIngredient>
									<quantity>
										<numerator unit="mg" value="250">
											<translation code="C28253" codeSystem="2.16.840.1.113883.3.26.1.1" displayName="MILLIGRAM" value="250"/>
										</numerator>
										<denominator value="1">
											<translation code="C48542" codeSystem="2.16.840.1.113883.3.26.1.1" displayName="TABLET" value="1"/>
										</denominator>
									</quantity>
									<activeIngredientSubstance>
										<code code="9LT1BRO48Q" codeSystem="2.16.840.1.113883.4.9" codeSystemName="FDA SRS"/>
										<name>tolazamide</name>
										<activeMoiety>
											<activeMoiety>
												<code code="9LT1BRO48Q" codeSystem="2.16.840.1.113883.4.9" codeSystemName="FDA SRS"/>
												<name>tolazamide</name>
											</activeMoiety>
										</activeMoiety>
									</activeIngredientSubstance>
								</activeIngredient>
								<asEntityWithGeneric>
									<genericMedicine>
										<name>tolazamide</name>
									</genericMedicine>
								</asEntityWithGeneric>
								<inactiveIngredient>
									<inactiveIngredientSubstance>
										<code code="E934B3V59H" codeSystem="2.16.840.1.113883.4.9" codeSystemName="FDA SRS"/>
										<name>calcium sulfate</name>
									</inactiveIngredientSubstance>
								</inactiveIngredient>
								<inactiveIngredient>
									<inactiveIngredientSubstance>
										<code code="F05Q2T2JA0" codeSystem="2.16.840.1.113883.4.9" codeSystemName="FDA SRS"/>
										<name>docusate sodium</name>
									</inactiveIngredientSubstance>
								</inactiveIngredient>
								<inactiveIngredient>
									<inactiveIngredientSubstance>
										<code code="70097M6I30" codeSystem="2.16.840.1.113883.4.9" codeSystemName="FDA SRS"/>
										<name>magnesium stearate</name>
									</inactiveIngredientSubstance>
								</inactiveIngredient>
								<inactiveIngredient>
									<inactiveIngredientSubstance>
										<name>methylcellulose</name>
									</inactiveIngredientSubstance>
								</inactiveIngredient>
								<inactiveIngredient>
									<inactiveIngredientSubstance>
										<name>sodium alginate</name>
									</inactiveIngredientSubstance>
								</inactiveIngredient>
								<asContent>
									<quantity>
										<numerator value="100">
											<translation code="C48542" codeSystem="2.16.840.1.113883.3.26.1.1" displayName="TABLET" value="100"/>
										</numerator>
										<denominator value="1">
											<translation value="1"/>
										</denominator>
									</quantity>
									<containerPackagedMedicine>
										<code code="0009-0114-05" codeSystem="2.16.840.1.113883.6.69" codeSystemName="NDC"/>
										<formCode code="C43176" codeSystem="2.16.840.1.113883.3.26.1.1" displayName="BOTTLE, UNIT-DOSE"/>
									</containerPackagedMedicine>
								</asContent>
								<asContent>
									<quantity>
										<numerator value="1000">
											<translation code="C48542" codeSystem="2.16.840.1.113883.3.26.1.1" displayName="TABLET" value="1000"/>
										</numerator>
										<denominator unit="1" value="1">
											<translation value="1"/>
										</denominator>
									</quantity>
									<containerPackagedMedicine>
										<code code="0009-0114-02" codeSystem="2.16.840.1.113883.6.69" codeSystemName="NDC"/>
										<formCode code="C43169" codeSystem="2.16.840.1.113883.3.26.1.1" displayName="BOTTLE"/>
									</containerPackagedMedicine>
								</asContent>
								<asContent>
									<quantity>
										<numerator value="200">
											<translation code="C48542" codeSystem="2.16.840.1.113883.3.26.1.1" displayName="TABLET" value="200"/>
										</numerator>
										<denominator unit="1" value="1">
											<translation value="1"/>
										</denominator>
									</quantity>
									<containerPackagedMedicine>
										<code code="0009-0114-04" codeSystem="2.16.840.1.113883.6.69" codeSystemName="NDC"/>
										<formCode code="C43169" codeSystem="2.16.840.1.113883.3.26.1.1" displayName="BOTTLE"/>
									</containerPackagedMedicine>
								</asContent>
							</manufacturedMedicine>
							<subjectOf>
								<characteristic classCode="OBS">
									<code code="SPLCOLOR" codeSystem="2.16.840.1.113883.1.11.19255"/>
									<value code="C48325" codeSystem="2.16.840.1.113883.3.26.1.1" displayName="WHITE" xsi:type="CE">
										<originalText>WHITE</originalText>
									</value>
								</characteristic>
							</subjectOf>
							<subjectOf>
								<characteristic classCode="OBS">
									<code code="SPLSHAPE" codeSystem="2.16.840.1.113883.1.11.19255"/>
									<value code="C48348" codeSystem="2.16.840.1.113883.3.26.1.1" displayName="ROUND" xsi:type="CE">
										<originalText>ROUND</originalText>
									</value>
								</characteristic>
							</subjectOf>
							<subjectOf>
								<characteristic classCode="OBS">
									<code code="SPLSIZE" codeSystem="2.16.840.1.113883.1.11.19255"/>
									<value unit="mm" value="10" xsi:type="PQ"/>
								</characteristic>
							</subjectOf>
							<subjectOf>
								<characteristic classCode="OBS">
									<code code="SPLCOATING" codeSystem="2.16.840.1.113883.1.11.19255"/>
									<value value="false" xsi:type="BL"/>
								</characteristic>
							</subjectOf>
							<subjectOf>
								<characteristic classCode="OBS">
									<code code="SPLSCORE" codeSystem="2.16.840.1.113883.1.11.19255"/>
									<value value="2" xsi:type="INT"/>
								</characteristic>
							</subjectOf>
							<subjectOf>
								<characteristic classCode="OBS">
									<code code="SPLSYMBOL" codeSystem="2.16.840.1.113883.1.11.19255"/>
									<value value="false" xsi:type="BL"/>
								</characteristic>
							</subjectOf>
							<subjectOf>
								<characteristic classCode="OBS">
									<code code="SPLIMPRINT" codeSystem="2.16.840.1.113883.1.11.19255"/>
									<value xsi:type="ST">TOLINASE;250</value>
								</characteristic>
							</subjectOf>
							<consumedIn>
								<substanceAdministration>
									<routeCode code="C38288" codeSystem="2.16.840.1.113883.3.26.1.1" displayName="ORAL"/>
								</substanceAdministration>
							</consumedIn>
						</manufacturedProduct>
					</subject>
					<subject>
						<manufacturedProduct>
							<manufacturedMedicine>
								<code code="0009-0477" codeSystem="2.16.840.1.113883.6.69"/>
								<name>Tolinase</name>
								<formCode code="C42998" codeSystem="2.16.840.1.113883.3.26.1.1" displayName="TABLET"/>
								<activeIngredient>
									<quantity>
										<numerator unit="mg" value="500">
											<translation code="C28253" codeSystem="2.16.840.1.113883.3.26.1.1" displayName="MILLIGRAM" value="500"/>
										</numerator>
										<denominator value="1">
											<translation code="C48542" codeSystem="2.16.840.1.113883.3.26.1.1" displayName="TABLET" value="1"/>
										</denominator>
									</quantity>
									<activeIngredientSubstance>
										<code code="9LT1BRO48Q" codeSystem="2.16.840.1.113883.4.9" codeSystemName="FDA SRS"/>
										<name>tolazamide</name>
										<activeMoiety>
											<activeMoiety>
												<code code="9LT1BRO48Q" codeSystem="2.16.840.1.113883.4.9" codeSystemName="FDA SRS"/>
												<name>tolazamide</name>
											</activeMoiety>
										</activeMoiety>
									</activeIngredientSubstance>
								</activeIngredient>
								<asEntityWithGeneric>
									<genericMedicine>
										<name>tolazamide</name>
									</genericMedicine>
								</asEntityWithGeneric>
								<inactiveIngredient>
									<inactiveIngredientSubstance>
										<code code="E934B3V59H" codeSystem="2.16.840.1.113883.4.9" codeSystemName="FDA SRS"/>
										<name>calcium sulfate</name>
									</inactiveIngredientSubstance>
								</inactiveIngredient>
								<inactiveIngredient>
									<inactiveIngredientSubstance>
										<code code="F05Q2T2JA0" codeSystem="2.16.840.1.113883.4.9" codeSystemName="FDA SRS"/>
										<name>docusate sodium</name>
									</inactiveIngredientSubstance>
								</inactiveIngredient>
								<inactiveIngredient>
									<inactiveIngredientSubstance>
										<code code="70097M6I30" codeSystem="2.16.840.1.113883.4.9" codeSystemName="FDA SRS"/>
										<name>magnesium stearate</name>
									</inactiveIngredientSubstance>
								</inactiveIngredient>
								<inactiveIngredient>
									<inactiveIngredientSubstance>
										<name>methylcellulose</name>
									</inactiveIngredientSubstance>
								</inactiveIngredient>
								<inactiveIngredient>
									<inactiveIngredientSubstance>
										<name>sodium alginate</name>
									</inactiveIngredientSubstance>
								</inactiveIngredient>
								<asContent>
									<quantity>
										<numerator value="100">
											<translation code="C48542" codeSystem="2.16.840.1.113883.3.26.1.1" displayName="TABLET" value="100"/>
										</numerator>
										<denominator value="1">
											<translation value="1"/>
										</denominator>
									</quantity>
									<containerPackagedMedicine>
										<code code="0009-0477-06" codeSystem="2.16.840.1.113883.6.69" codeSystemName="NDC"/>
										<formCode code="C43176" codeSystem="2.16.840.1.113883.3.26.1.1" displayName="BOTTLE, UNIT-DOSE"/>
									</containerPackagedMedicine>
								</asContent>
							</manufacturedMedicine>
							<subjectOf>
								<characteristic classCode="OBS">
									<code code="SPLCOLOR" codeSystem="2.16.840.1.113883.1.11.19255"/>
									<value code="C48325" codeSystem="2.16.840.1.113883.3.26.1.1" displayName="WHITE" xsi:type="CE">
										<originalText>WHITE</originalText>
									</value>
								</characteristic>
							</subjectOf>
							<subjectOf>
								<characteristic classCode="OBS">
									<code code="SPLSHAPE" codeSystem="2.16.840.1.113883.1.11.19255"/>
									<value code="C48348" codeSystem="2.16.840.1.113883.3.26.1.1" displayName="ROUND" xsi:type="CE">
										<originalText>ROUND</originalText>
									</value>
								</characteristic>
							</subjectOf>
							<subjectOf>
								<characteristic classCode="OBS">
									<code code="SPLSIZE" codeSystem="2.16.840.1.113883.1.11.19255"/>
									<value unit="mm" value="12" xsi:type="PQ"/>
								</characteristic>
							</subjectOf>
							<subjectOf>
								<characteristic classCode="OBS">
									<code code="SPLCOATING" codeSystem="2.16.840.1.113883.1.11.19255"/>
									<value value="false" xsi:type="BL"/>
								</characteristic>
							</subjectOf>
							<subjectOf>
								<characteristic classCode="OBS">
									<code code="SPLSCORE" codeSystem="2.16.840.1.113883.1.11.19255"/>
									<value value="2" xsi:type="INT"/>
								</characteristic>
							</subjectOf>
							<subjectOf>
								<characteristic classCode="OBS">
									<code code="SPLSYMBOL" codeSystem="2.16.840.1.113883.1.11.19255"/>
									<value value="false" xsi:type="BL"/>
								</characteristic>
							</subjectOf>
							<subjectOf>
								<characteristic classCode="OBS">
									<code code="SPLIMPRINT" codeSystem="2.16.840.1.113883.1.11.19255"/>
									<value xsi:type="ST">TOLINASE;500</value>
								</characteristic>
							</subjectOf>
							<consumedIn>
								<substanceAdministration>
									<routeCode code="C38288" codeSystem="2.16.840.1.113883.3.26.1.1" displayName="ORAL"/>
								</substanceAdministration>
							</consumedIn>
						</manufacturedProduct>
					</subject>
				</section>
			</component>
			<component>
				<section>
					<id root="2B96D8D2-57F8-705A-1DCF-226C84C6ADCB"/>
					<code code="34089-3" codeSystem="2.16.840.1.113883.6.1" codeSystemName="LOINC" displayName="DESCRIPTION SECTION"/>
					<title mediaType="text/x-hl7-title+xml">DESCRIPTION</title>
					<text>
						<paragraph>TOLINASE Tablets contain tolazamide, an oral blood glucose lowering drug of the sulfonylurea class. Tolazamide is a white or creamy-white powder
with a melting point of 165&#176; to 173&#176; C. The solubility of tolazamide at pH 6.0 (mean urinary pH) is 27.8 mg per 100 mL.</paragraph>
						<paragraph>The chemical names for tolazamide are (1) Benzenesulfonamide, <content styleCode="italics">N</content>-[[(hexahydro-1<content styleCode="italics">H</content>-azepin-1-yl) amino] carbonyl]-4-methyl-; (2) 1-(Hexahydro-1<content styleCode="italics">H</content>-azepin-1-yl)-3-(<content styleCode="italics">p</content>-tolylsulfonyl)urea and its molecular weight is 311.40. The structural formula is represented below:</paragraph>
						<renderMultiMedia referencedObject="MM1"/>
						<paragraph>TOLINASE Tablets for oral administration are available as scored, white tablets containing 100 mg, 250 mg or 500 mg tolazamide. Inactive ingredients: calcium sulfate, docusate sodium, magnesium stearate, methylcellulose, sodium alginate.</paragraph>
					</text>
					<effectiveTime value="20060411"/>
					<component>
						<observationMedia ID="MM1">
							<value mediaType="image/jpeg" xsi:type="ED">
								<reference value="tolinase-image01.jpg"/>
							</value>
						</observationMedia>
					</component>
				</section>
			</component>
			<component>
				<section>
					<id root="629913AE-DB95-3B27-3A29-C52F64C0E90D"/>
					<code code="34090-1" codeSystem="2.16.840.1.113883.6.1" codeSystemName="LOINC" displayName="CLINICAL PHARMACOLOGY SECTION"/>
					<title mediaType="text/x-hl7-title+xml">CLINICAL PHARMACOLOGY</title>
					<effectiveTime value="20060411"/>
					<component>
						<section>
							<id root="4BF96549-61EF-B879-6A48-CBAFFE658384"/>
							<code code="42229-5" codeSystem="2.16.840.1.113883.6.1" codeSystemName="LOINC" displayName="SPL UNCLASSIFIED SECTION"/>
							<title mediaType="text/x-hl7-title+xml">Actions</title>
							<text>
								<paragraph>Tolazamide appears to lower the blood glucose acutely by stimulating the release of insulin from the pancreas, an effect dependent upon functioning beta cells in the pancreatic islets. The mechanism by which tolazamide lowers blood glucose during long-term administration has not been clearly established. With chronic administration in Type II diabetic patients, the blood glucose lowering effect persists despite a gradual decline in the insulin secretory response to the drug. Extrapancreatic effects may be involved in the mechanism of action of oral sulfonylurea hypoglycemic drugs.</paragraph>
								<paragraph>Some patients who are initially responsive to oral hypoglycemic drugs, including TOLINASE Tablets, may become unresponsive or poorly responsive over time. Alternatively, TOLINASE Tablets may be effective in some patients who have become unresponsive to one or more other sulfonylurea drugs.</paragraph>
								<paragraph>In addition to its blood glucose lowering actions, tolazamide produces a mild diuresis by enhancement of renal free water clearance.</paragraph>
							</text>
							<effectiveTime value="20060411"/>
						</section>
					</component>
					<component>
						<section>
							<id root="4BC2431C-0A19-20AD-3A78-C24B03067E60"/>
							<code code="42229-5" codeSystem="2.16.840.1.113883.6.1" codeSystemName="LOINC" displayName="SPL UNCLASSIFIED SECTION"/>
							<title mediaType="text/x-hl7-title+xml">Pharmacokinetics</title>
							<text>
								<paragraph>Tolazamide is rapidly and well absorbed from the gastrointestinal tract. Peak serum concentrations occur at three to four hours following a single oral dose of the drug. The average biological half-life of the drug is seven hours. The drug does not continue to accumulate in the blood after the first four to six doses are administered. A steady or equilibrium state is reached during which the peak  and nadir values do not change from day to day after the fourth to sixth doses.</paragraph>
								<paragraph>Tolazamide is metabolized to five major metabolites ranging in hypoglycemic activity from 0&#8211;70%. They are excreted principally in the urine. Following a single oral dose of tritiated tolazamide, 85% of the dose was excreted in the urine and 7% in the feces over a five-day period. Most of the urinary excretion of the drug occurred within the first 24 hours post administration.</paragraph>
								<paragraph>When normal fasting nondiabetic subjects are given a single 500 mg dose of tolazamide orally, a  hypoglycemic effect can be noted within 20 minutes after ingestion with a peak hypoglycemic effect occurring in two to four hours. Following a single oral dose of 500 mg tolazamide, a statistically significant hypoglycemic effect was demonstrated in fasted nondiabetic subjects 20 hours after administration. With fasting diabetic patients, the peak hypoglycemic effect occurs at four to six hours. The duration of maximal hypoglycemic effect in fed diabetic patients is about ten hours, with the onset occurring at four to six hours and with the blood glucose levels beginning to rise at 14 to 16 hours. Single dose potency of tolazamide in normal subjects has been shown to be 6.7 times that of tolbutamide on a milligram basis. Clinical experience in diabetic patients has demonstrated tolazamide to be approximately five times more potent than tolbutamide on a milligram basis, and approximately equivalent in milligram potency to chlorpropamide.</paragraph>
							</text>
							<effectiveTime value="20060411"/>
						</section>
					</component>
				</section>
			</component>
			<component>
				<section>
					<id root="09213091-0877-76A4-996D-699FE4DC8C72"/>
					<code code="34067-9" codeSystem="2.16.840.1.113883.6.1" codeSystemName="LOINC" displayName="INDICATIONS &amp; USAGE SECTION"/>
					<title mediaType="text/x-hl7-title+xml">INDICATIONS AND USAGE</title>
					<text>
						<paragraph>TOLINASE Tablets are indicated as an adjunct to diet to lower the blood glucose in patients with noninsulin dependent diabetes mellitus (Type II) whose hyperglycemia cannot be satisfactorily controlled by diet alone.</paragraph>
						<paragraph>In initiating treatment for noninsulin-dependent diabetes, diet should be emphasized as the primary form of treatment. Caloric restriction and weight loss are essential in the obese diabetic patient. Proper dietary management alone may be effective in controlling the blood glucose and symptoms of hyperglycemia. The importance of regular physical activity should also be stressed and cardiovascular risk factors should be identified and corrective measures taken where possible.</paragraph>
						<paragraph>If this treatment program fails to reduce symptoms and/or blood glucose, the use of an oral sulfonylurea or insulin should be considered. Use of TOLINASE must be viewed by both the physician and patient as a treatment in addition to diet and not as a substitute for diet or as a convenient mechanism for avoiding dietary restraint. Furthermore, loss of blood glucose control on diet alone may be transient thus requiring only short-term administration of TOLINASE.</paragraph>
						<paragraph>During maintenance programs, TOLINASE should be discontinued if satisfactory lowering of blood glucose is no longer achieved. Judgments should be based on regular clinical and laboratory evaluations.</paragraph>
						<paragraph>In considering the use of TOLINASE in asymptomatic patients, it should be recognized that controlling the blood glucose in noninsulin-dependent diabetes has not been definitely established to be  effective in preventing the long-term cardiovascular or neural complications of diabetes.</paragraph>
					</text>
					<effectiveTime value="20060411"/>
				</section>
			</component>
			<component>
				<section>
					<id root="1C8C5349-E1AC-9BCF-6F44-E9F37E4DFCE0"/>
					<code code="34070-3" codeSystem="2.16.840.1.113883.6.1" codeSystemName="LOINC" displayName="CONTRAINDICATIONS SECTION"/>
					<title mediaType="text/x-hl7-title+xml">CONTRAINDICATIONS</title>
					<text>
						<paragraph>TOLINASE Tablets are contraindicated in patients with: 1) known hypersensitivity or allergy to TOLINASE; 2) diabetic ketoacidosis, with or without coma. This condition should be treated with insulin; 3) Type I diabetes, as sole therapy.</paragraph>
					</text>
					<effectiveTime value="20060411"/>
				</section>
			</component>
			<component>
				<section>
					<id root="D81D960B-3253-5393-61E5-CF48B1571E29"/>
					<code code="34071-1" codeSystem="2.16.840.1.113883.6.1" codeSystemName="LOINC" displayName="WARNINGS SECTION"/>
					<title mediaType="text/x-hl7-title+xml">SPECIAL WARNING ON INCREASED RISK OF CARDIOVASCULAR MORTALITY</title>
					<text>
						<paragraph>
							<content styleCode="bold">The administration of oral hypoglycemic drugs has been reported to be associated with increased cardiovascular mortality as compared to treatment with diet alone or diet plus insulin. This warning is based on the study conducted by the University Group Diabetes Program (UGDP), a long-term prospective clinical trial designed to evaluate the effectiveness of glucose-lowering drugs in preventing or delaying vascular complications in patients with noninsulin-dependent diabetes. The study involved 823 patients who were randomly assigned to one of four treatment groups (DIABETES, 19 (supp. 2):747&#8211;830, 1970.)</content>
						</paragraph>
						<paragraph>
							<content styleCode="bold">UGDP reported that patients treated for five to eight years with diet plus a fixed dose of tolbutamide (1.5 grams per day) had a rate of cardiovascular mortality approximately 2&#189; times that of patients with diet alone. A significant increase in total mortality was not observed, but the use of tolbutamide was discontinued based on the increase in cardiovascular mortality, thus limiting the opportunity for the study to show an increase in overall mortality. Despite controversy regarding the interpretation of these results, the findings of the UGDP study provide an adequate basis for this warning. The patient should be informed of the potential risks and advantages of TOLINASE and of alternative modes of therapy.</content>
						</paragraph>
						<paragraph>
							<content styleCode="bold">Although only one drug in the sulfonylurea class (tolbutamide) was included in this study, it is prudent from a safety standpoint to consider that this warning may also apply to other oral hypoglycemic drugs in this class, in view of their close similarities in mode of action and chemical structure.</content>
						</paragraph>
					</text>
					<effectiveTime value="20060411"/>
				</section>
			</component>
			<component>
				<section ID="Precautions">
					<id root="BD772950-E375-1DF4-8C52-277219BE3B49"/>
					<code code="42232-9" codeSystem="2.16.840.1.113883.6.1" codeSystemName="LOINC" displayName="PRECAUTIONS SECTION"/>
					<title mediaType="text/x-hl7-title+xml">PRECAUTIONS</title>
					<effectiveTime value="20060411"/>
					<component>
						<section>
							<id root="74465E60-F019-0192-0520-15AFADE205BC"/>
							<code code="34072-9" codeSystem="2.16.840.1.113883.6.1" codeSystemName="LOINC" displayName="GENERAL PRECAUTIONS SECTION"/>
							<title mediaType="text/x-hl7-title+xml">General</title>
							<effectiveTime value="20060411"/>
							<component>
								<section>
									<id root="B14544FD-52E6-2D03-9244-03EBCDD6181C"/>
									<code code="42229-5" codeSystem="2.16.840.1.113883.6.1" codeSystemName="LOINC" displayName="SPL UNCLASSIFIED SECTION"/>
									<title mediaType="text/x-hl7-title+xml">Hypoglycemia</title>
									<text>
										<paragraph>All sulfonylurea drugs are capable of producing severe hypoglycemia. Proper patient selection and dosage and instructions are important to avoid hypoglycemic episodes. Renal or hepatic insufficiency may cause elevated blood  levels of tolazamide and the latter may also diminish gluconeogenic capacity, both of which increase the risk of serious hypoglycemic reactions. Elderly, debilitated, or malnourished patients and those with adrenal or pituitary insufficiency are particularly susceptible to the hypoglycemic action of glucose lowering drugs. Hypoglycemia may be difficult to recognize in the elderly and in people who are taking beta-adrenergic blocking drugs. Hypoglycemia is more likely to occur when caloric intake is deficient, after severe or prolonged exercise, when alcohol is ingested, or when more than one glucose-lowering drug is used.</paragraph>
									</text>
									<effectiveTime value="20060411"/>
								</section>
							</component>
							<component>
								<section>
									<id root="6CF771BE-10FC-F549-8BC8-91E8F880B16C"/>
									<code code="42229-5" codeSystem="2.16.840.1.113883.6.1" codeSystemName="LOINC" displayName="SPL UNCLASSIFIED SECTION"/>
									<title mediaType="text/x-hl7-title+xml">Loss of Control of Blood Glucose</title>
									<text>
										<paragraph>When a patient stabilized on any diabetic regimen is exposed to stress such as fever, trauma, infection, or surgery, loss of control of blood glucose may occur. At such times it may be necessary to discontinue TOLINASE Tablets and administer insulin.</paragraph>
										<paragraph>The effectiveness of any hypoglycemic drug, including TOLINASE, in lowering blood glucose to a desired level decreases in many patients over a period of time, which may be due to progression of the severity of the diabetes or to diminished responsiveness to the drug. This phenomenon is known as secondary failure to distinguish it from primary failure in which the drug is ineffective in an individual patient when first given. Adequate adjustment of dose and adherence to diet should be assessed before classifying a patient as a secondary failure.</paragraph>
									</text>
									<effectiveTime value="20060411"/>
								</section>
							</component>
						</section>
					</component>
					<component>
						<section>
							<id root="04BE800F-E610-BCB6-7866-C369C0590A76"/>
							<code code="34076-0" codeSystem="2.16.840.1.113883.6.1" codeSystemName="LOINC" displayName="INFORMATION FOR PATIENTS SECTION"/>
							<title mediaType="text/x-hl7-title+xml">Information for Patients</title>
							<text>
								<paragraph>Patients should be informed of the potential risks and advantages of TOLINASE and of alternative modes of therapy. They should also be informed about the importance of adherence to dietary instructions, of a regular exercise program, and of regular testing of urine and/or blood glucose.</paragraph>
								<paragraph>The risks of hypoglycemia, its symptoms and treatment, and conditions that predispose to its development should be explained to patients and responsible family members. Primary and secondary failure should also be explained.</paragraph>
							</text>
							<effectiveTime value="20060411"/>
						</section>
					</component>
					<component>
						<section>
							<id root="20E8DD92-7FA4-CFAB-AD1F-B44534AA90CB"/>
							<code code="34075-2" codeSystem="2.16.840.1.113883.6.1" codeSystemName="LOINC" displayName="LABORATORY TESTS SECTION"/>
							<title mediaType="text/x-hl7-title+xml">Laboratory Tests</title>
							<text>
								<paragraph>Blood and urine glucose should be monitored periodically. Measurement of glycosylated hemoglobin may be useful in some patients.</paragraph>
							</text>
							<effectiveTime value="20060411"/>
						</section>
					</component>
					<component>
						<section>
							<id root="CAA5D174-3B81-BC51-2597-1235D0AFD12B"/>
							<code code="34073-7" codeSystem="2.16.840.1.113883.6.1" codeSystemName="LOINC" displayName="DRUG INTERACTIONS SECTION"/>
							<title mediaType="text/x-hl7-title+xml">Drug Interactions</title>
							<text>
								<paragraph>The hypoglycemic action of sulfonylureas may be potentiated by certain drugs including nonsteroidal anti-inflammatory agents and other drugs that are highly protein bound, salicylates, sulfonamides, chloramphenicol, probenecid, coumarins, monoamine oxidase inhibitors, and beta-adrenergic blocking agents. When such drugs are administered to a patient receiving TOLINASE, the patient should be closely observed for hypoglycemia. When such drugs are withdrawn from a patient receiving TOLINASE, the patient should be observed closely for loss of control.</paragraph>
								<paragraph>Certain drugs tend to produce hyperglycemia and may lead to loss of control. These drugs include the thiazides and other diuretics, corticosteroids, phenothiazines, thyroid products, estrogens, oral contraceptives, phenytoin, nicotinic acid, sympathomimetics, calcium channel blocking drugs, and isoniazid. When such drugs are administered to a patient receiving TOLINASE, the patient should be closely observed for loss of control. When such drugs are withdrawn from a patient receiving TOLINASE, the patient should be observed closely for hypoglycemia.</paragraph>
								<paragraph>A potential interaction between oral miconazole and oral hypoglycemic agents leading to severe hypoglycemia has been reported. Whether this interaction also occurs with the intravenous, topical or vaginal preparations of miconazole is not known.</paragraph>
							</text>
							<effectiveTime value="20060411"/>
						</section>
					</component>
					<component>
						<section>
							<id root="B686C145-1B07-194E-7440-48CFFFB6E579"/>
							<code code="34083-6" codeSystem="2.16.840.1.113883.6.1" codeSystemName="LOINC" displayName="CARCINOGENESIS &amp; MUTAGENESIS &amp; IMPAIRMENT OF FERTILITY SECTION"/>
							<title mediaType="text/x-hl7-title+xml">Carcinogenicity</title>
							<text>
								<paragraph>In a bioassay for carcinogenicity, rats and mice of both sexes were treated with  tolazamide for 103 weeks at low and high doses. No evidence of carcinogenicity was found.</paragraph>
							</text>
							<effectiveTime value="20060411"/>
						</section>
					</component>
					<component>
						<section>
							<id root="501AB614-9705-BD83-DA6E-3A84CF85E44D"/>
							<code code="42228-7" codeSystem="2.16.840.1.113883.6.1" codeSystemName="LOINC" displayName="PREGNANCY"/>
							<title mediaType="text/x-hl7-title+xml">Pregnancy</title>
							<effectiveTime value="20060411"/>
							<component>
								<section>
									<id root="C6B639AC-3541-6105-C708-3EF5481591B5"/>
									<code code="34077-8" codeSystem="2.16.840.1.113883.6.1" codeSystemName="LOINC" displayName="TERATOGENIC EFFECTS SECTION"/>
									<title mediaType="text/x-hl7-title+xml">Teratogenic Effects</title>
									<effectiveTime value="20060411"/>
									<component>
										<section>
											<id root="B82DDB94-A974-4C9B-09FF-37AA324BD195"/>
											<code code="42229-5" codeSystem="2.16.840.1.113883.6.1" codeSystemName="LOINC" displayName="SPL UNCLASSIFIED SECTION"/>
											<title mediaType="text/x-hl7-title+xml">Pregnancy Category C</title>
											<text>
												<paragraph>TOLINASE, administered to pregnant rats at ten times the human dose, decreased litter size but did not produce teratogenic effects in the offspring. In rats treated at a daily dose of 14 mg/kg no reproductive aberrations or drug related fetal anomalies were noted. At an elevated dose of 100 mg/kg per day there was a reduction in the number of pups born and an increased perinatal mortality. There are, however, no adequate and well-controlled studies in pregnant women. Because animal reproduction studies are not always predictive of human response, TOLINASE is not recommended for the treatment of the pregnant diabetic patient. Serious consideration should also be given to the possible hazards of the use of TOLINASE in women of child bearing age and in those who might become pregnant while using the  drug.</paragraph>
												<paragraph>Because recent information suggests that abnormal  blood glucose levels during pregnancy are associated with a higher incidence of congenital abnormalities, many experts recommend that insulin be used during pregnancy to maintain blood glucose levels as close to normal as possible.</paragraph>
											</text>
											<effectiveTime value="20060411"/>
										</section>
									</component>
								</section>
							</component>
							<component>
								<section>
									<id root="A24E9188-1884-1EC9-3365-302C496776B4"/>
									<code code="34078-6" codeSystem="2.16.840.1.113883.6.1" codeSystemName="LOINC" displayName="NONTERATOGENIC EFFECTS SECTION"/>
									<title mediaType="text/x-hl7-title+xml">Nonteratogenic Effects</title>
									<text>
										<paragraph>Prolonged severe hypoglycemia (four to ten days) has been reported in neonates born to mothers who were receiving a sulfonylurea drug at the time of delivery. This has been reported more frequently with the use of agents with prolonged half-lives. If TOLINASE is used during pregnancy, it should be discontinued at least two weeks before the expected delivery date.</paragraph>
									</text>
									<effectiveTime value="20060411"/>
								</section>
							</component>
						</section>
					</component>
					<component>
						<section>
							<id root="88A6AD3C-F276-13F4-25B5-C5E2FE85528B"/>
							<code code="34080-2" codeSystem="2.16.840.1.113883.6.1" codeSystemName="LOINC" displayName="NURSING MOTHERS SECTION"/>
							<title mediaType="text/x-hl7-title+xml">Nursing Mothers</title>
							<text>
								<paragraph>Although it is not known whether tolazamide is excreted in human milk, some sulfonylurea drugs are known to be excreted in human milk. Because the potential for hypoglycemia in nursing infants may exist, a decision should be made whether to discontinue nursing or to discontinue the drug, taking into account the importance of the drug to the mother. If the drug is discontinued and if diet alone is inadequate for controlling blood glucose, insulin therapy should be considered.</paragraph>
							</text>
							<effectiveTime value="20060411"/>
						</section>
					</component>
					<component>
						<section>
							<id root="8D709C9C-1EFE-B3B9-91BC-129945A665FB"/>
							<code code="34081-0" codeSystem="2.16.840.1.113883.6.1" codeSystemName="LOINC" displayName="PEDIATRIC USE SECTION"/>
							<title mediaType="text/x-hl7-title+xml">Pediatric Use</title>
							<text>
								<paragraph>Safety and effectiveness in children have not been established.</paragraph>
							</text>
							<effectiveTime value="20060411"/>
						</section>
					</component>
					<component>
						<section>
							<id root="F7414FD0-4AB3-0550-741E-9EB9E3ADB382"/>
							<code code="34082-8" codeSystem="2.16.840.1.113883.6.1" codeSystemName="LOINC" displayName="GERIATRIC USE SECTION"/>
							<title mediaType="text/x-hl7-title+xml">Geriatric Use</title>
							<text>
								<paragraph>Elderly patients are particularly susceptible to the
hypoglycemic action of glucose lowering drugs. Hypoglycemia may be difficult to recognize in the elderly (see <linkHtml href="#Precautions">PRECAUTIONS</linkHtml>). The initial and maintenance dosing should be conservative to avoid hypoglycemic reactions (see <linkHtml href="#Dosage_And_Administration">DOSAGE AND ADMINISTRATION</linkHtml>).</paragraph>
								<paragraph>Elderly patients are prone to develop renal insufficiency,which may put them at risk of hypoglycemia. Dose selection should include assessment of renal function.</paragraph>
							</text>
							<effectiveTime value="20060411"/>
						</section>
					</component>
				</section>
			</component>
			<component>
				<section>
					<id root="F02943E8-5405-ABCA-54EC-322D9968BB66"/>
					<code code="34084-4" codeSystem="2.16.840.1.113883.6.1" codeSystemName="LOINC" displayName="ADVERSE REACTIONS SECTION"/>
					<title mediaType="text/x-hl7-title+xml">ADVERSE REACTIONS</title>
					<text>
						<paragraph>TOLINASE Tablets have generally been well tolerated.
In clinical studies in which more than 1,784 diabetic patients were specifically evaluated for incidence of side effects, only 2.1% were discontinued from therapy because of side effects.</paragraph>
					</text>
					<effectiveTime value="20060411"/>
					<component>
						<section>
							<id root="BBDBF4CC-E031-9306-6E65-65B70933CBE7"/>
							<code code="42229-5" codeSystem="2.16.840.1.113883.6.1" codeSystemName="LOINC" displayName="SPL UNCLASSIFIED SECTION"/>
							<title mediaType="text/x-hl7-title+xml">Hypoglycemia</title>
							<text>
								<paragraph>See <linkHtml href="#Precautions">PRECAUTIONS</linkHtml> and <linkHtml href="#Overdosage">OVERDOSAGE</linkHtml> sections.</paragraph>
							</text>
							<effectiveTime value="20060411"/>
						</section>
					</component>
					<component>
						<section>
							<id root="6E98C66D-19CE-D847-2138-F9D22329B64C"/>
							<code code="42229-5" codeSystem="2.16.840.1.113883.6.1" codeSystemName="LOINC" displayName="SPL UNCLASSIFIED SECTION"/>
							<title mediaType="text/x-hl7-title+xml">Gastrointestinal Reactions</title>
							<text>
								<paragraph>Cholestatic jaundice may occur rarely; TOLINASE Tablets should be discontinued if this occurs. Gastrointestinal disturbances, eg, nausea, epigastric fullness, and heartburn, are the most common reactions and occurred in 1% of patients treated during clinical trials. They tend to be dose-related and may disappear when dosage is reduced.</paragraph>
							</text>
							<effectiveTime value="20060411"/>
						</section>
					</component>
					<component>
						<section>
							<id root="7E27F873-678D-BA1F-00A2-EF6FF443DE55"/>
							<code code="42229-5" codeSystem="2.16.840.1.113883.6.1" codeSystemName="LOINC" displayName="SPL UNCLASSIFIED SECTION"/>
							<title mediaType="text/x-hl7-title+xml">Dermatologic Reactions</title>
							<text>
								<paragraph>Allergic skin reactions, eg, pruritus, erythema, urticaria, and morbilliform or maculopapular eruptions, occurred in 0.4% of patients treated during clinical trials. These may be transient and may disappear despite continued use of TOLINASE; if skin reactions persist, the drug should be discontinued.</paragraph>
								<paragraph>Porphyria cutanea tarda and photosensitivity reactions have been reported with sulfonylureas.</paragraph>
							</text>
							<effectiveTime value="20060411"/>
						</section>
					</component>
					<component>
						<section>
							<id root="06CA6132-CE82-8F8E-3897-17E7C557AE89"/>
							<code code="42229-5" codeSystem="2.16.840.1.113883.6.1" codeSystemName="LOINC" displayName="SPL UNCLASSIFIED SECTION"/>
							<title mediaType="text/x-hl7-title+xml">Hematologic Reactions</title>
							<text>
								<paragraph>Leukopenia, agranulocytosis, thrombocytopenia, hemolytic anemia, aplastic anemia, and pancytopenia have been reported with sulfonylureas.</paragraph>
							</text>
							<effectiveTime value="20060411"/>
						</section>
					</component>
					<component>
						<section>
							<id root="5838D5BF-0412-8847-1CD7-D007DDDD302B"/>
							<code code="42229-5" codeSystem="2.16.840.1.113883.6.1" codeSystemName="LOINC" displayName="SPL UNCLASSIFIED SECTION"/>
							<title mediaType="text/x-hl7-title+xml">Metabolic Reactions</title>
							<text>
								<paragraph>Hepatic porphyria and disulfiram-like reactions have been reported with sulfonylureas; however, disulfiram-like reactions with TOLINASE have been reported very rarely.</paragraph>
								<paragraph>Cases of hyponatremia have been reported with tolazamide and all other sulfonylureas, most often in patients who are on other medications or have medical conditions known to cause hyponatremia or increase release of antidiuretic hormone. The syndrome of inappropriate antidiuretic hormone (SIADH) secretion has been reported with certain other sulfonylureas, and it has been suggested that these sulfonylureas may augment the peripheral (antidiuretic) action of  ADH and/or increase release of ADH.</paragraph>
							</text>
							<effectiveTime value="20060411"/>
						</section>
					</component>
					<component>
						<section>
							<id root="D875BE0D-E6DF-232D-25AA-04597E64AFA9"/>
							<code code="42229-5" codeSystem="2.16.840.1.113883.6.1" codeSystemName="LOINC" displayName="SPL UNCLASSIFIED SECTION"/>
							<title mediaType="text/x-hl7-title+xml">Miscellaneous</title>
							<text>
								<paragraph>Weakness, fatigue, dizziness, vertigo, malaise and headache were reported infrequently in patients treated during clinical trials. The relationship to therapy with TOLINASE is difficult to assess.</paragraph>
							</text>
							<effectiveTime value="20060411"/>
						</section>
					</component>
				</section>
			</component>
			<component>
				<section ID="Overdosage">
					<id root="03AECBEB-B44B-7A14-30C9-3C35EB766AE4"/>
					<code code="34088-5" codeSystem="2.16.840.1.113883.6.1" codeSystemName="LOINC" displayName="OVERDOSAGE SECTION"/>
					<title mediaType="text/x-hl7-title+xml">OVERDOSAGE</title>
					<text>
						<paragraph>Overdosage of sulfonylureas, including TOLINASE Tablets, can produce hypoglycemia.</paragraph>
						<paragraph>Mild hypoglycemic symptoms without loss of consciousness or neurologic findings should be treated aggressively with oral glucose and adjustment in drug dosage and/or meal patterns. Close monitoring should continue until the physician is assured the patient is out of danger. Severe hypoglycemic reactions with coma, seizure, or other neurological impairment occur infrequently, but constitute medical emergencies requiring immediate hospitalization. If hypoglycemic coma is suspected or diagnosed, the patient should be given a rapid intravenous injection of concentrated (50%) glucose solution. This should be followed by a continuous infusion of a more dilute (10%) glucose solution at a rate which will maintain the blood glucose at a level above 100 mg/dl. Patients should be closely monitored for a minimum of 24 to 48 hours since hypoglycemia may recur after apparent clinical recovery.</paragraph>
					</text>
					<effectiveTime value="20060411"/>
				</section>
			</component>
			<component>
				<section ID="Dosage_And_Administration">
					<id root="35310A5A-3E2C-B603-1E12-406D08D9842D"/>
					<code code="34068-7" codeSystem="2.16.840.1.113883.6.1" codeSystemName="LOINC" displayName="DOSAGE &amp; ADMINISTRATION SECTION"/>
					<title mediaType="text/x-hl7-title+xml">DOSAGE AND ADMINISTRATION</title>
					<text>
						<paragraph>There is no fixed dosage regimen for the management
of diabetes mellitus with TOLINASE Tablets or any other hypoglycemic agent. In addition to the usual monitoring of urinary glucose, the patient's blood glucose must also be monitored periodically to determine the minimum effective dose for the patient; to detect primary failure, ie, inadequate lowering of blood glucose at the maximum recommended dose of medication; and to detect secondary failure, ie, loss of adequate blood glucose response after an initial period of effectiveness. Glycosylated hemoglobin levels may also be of value in monitoring the patient's response to therapy.</paragraph>
						<paragraph>Short-term administration of TOLINASE may be sufficient during periods of transient loss of control in patients usually controlled well on diet.</paragraph>
					</text>
					<effectiveTime value="20060411"/>
					<component>
						<section>
							<id root="9BADE6A4-132F-1410-FDD4-CCC0F1C79D90"/>
							<code code="42229-5" codeSystem="2.16.840.1.113883.6.1" codeSystemName="LOINC" displayName="SPL UNCLASSIFIED SECTION"/>
							<title mediaType="text/x-hl7-title+xml">Usual Starting Dose</title>
							<text>
								<paragraph>The usual starting dose of TOLINASE Tablets for
the mild to moderately severe Type II diabetic patient is 100&#8211;250 mg daily administered with breakfast or the first main meal. Generally, if the fasting blood glucose is less than 200 mg/dl, the starting dose is 100 mg/day as a single daily dose. If the fasting blood glucose value is greater than 200 mg/dl, the starting dose is 250 mg/day as a single dose. If the patient is malnourished, underweight, elderly, or not eating properly, the initial therapy should be 100 mg once a day. Failure to follow an appropriate dosage regimen may precipitate hypoglycemia. Patients who do not adhere to their prescribed dietary regimen are more prone to exhibit unsatisfactory response to  drug therapy.</paragraph>
							</text>
							<effectiveTime value="20060411"/>
						</section>
					</component>
					<component>
						<section>
							<id root="9F3EDEF9-CD12-FC6B-9D8C-C0646CFF61BC"/>
							<code code="42229-5" codeSystem="2.16.840.1.113883.6.1" codeSystemName="LOINC" displayName="SPL UNCLASSIFIED SECTION"/>
							<title mediaType="text/x-hl7-title+xml">Transfer From Other Hypoglycemic Therapy</title>
							<effectiveTime value="20060411"/>
							<component>
								<section>
									<id root="9948E9DE-3609-3EE5-B18A-1B73B6A2D218"/>
									<code code="42229-5" codeSystem="2.16.840.1.113883.6.1" codeSystemName="LOINC" displayName="SPL UNCLASSIFIED SECTION"/>
									<title mediaType="text/x-hl7-title+xml">Patients Receiving Other Oral Antidiabetic Therapy</title>
									<text>
										<paragraph>Transfer of patients from other oral antidiabetes regimens to TOLINASE should be done conservatively. When transferring patients from oral hypoglycemic agents other than chlorpropamide to TOLINASE, no transition period or initial or priming dose is necessary. When transferring from chlorpropamide, particular care should be exercised to avoid hypoglycemia.</paragraph>
									</text>
									<effectiveTime value="20060411"/>
									<component>
										<section>
											<id root="E110B595-4486-487E-569E-D48428330F3B"/>
											<code code="42229-5" codeSystem="2.16.840.1.113883.6.1" codeSystemName="LOINC" displayName="SPL UNCLASSIFIED SECTION"/>
											<title mediaType="text/x-hl7-title+xml">Tolbutamide</title>
											<text>
												<paragraph>If receiving less than 1 gm/day, begin at 100 mg of tolazamide per day. If receiving 1 gm or more per day, initiate at 250 mg of tolazamide per day as a single dose.</paragraph>
											</text>
											<effectiveTime value="20060411"/>
										</section>
									</component>
									<component>
										<section>
											<id root="D4C3D4E8-F63C-6E3A-FD87-ED9010CDC6F7"/>
											<code code="42229-5" codeSystem="2.16.840.1.113883.6.1" codeSystemName="LOINC" displayName="SPL UNCLASSIFIED SECTION"/>
											<title mediaType="text/x-hl7-title+xml">Chlorpropamide</title>
											<text>
												<paragraph>250 mg of chlorpropamide may be considered to provide approximately the same degree of blood glucose control as 250 mg of  tolazamide. The patient should be observed carefully for hypoglycemia during the transition period from chlorpropamide to TOLINASE (one to two weeks) due to the prolonged retention of chlorpropamide in the body and the possibility of a subsequent overlapping drug effect.</paragraph>
											</text>
											<effectiveTime value="20060411"/>
										</section>
									</component>
									<component>
										<section>
											<id root="1DF8C54E-FC4D-8E97-B89B-4E2359203404"/>
											<code code="42229-5" codeSystem="2.16.840.1.113883.6.1" codeSystemName="LOINC" displayName="SPL UNCLASSIFIED SECTION"/>
											<title mediaType="text/x-hl7-title+xml">Acetohexamide</title>
											<text>
												<paragraph>100 mg of tolazamide may be considered to provide approximately the same degree of blood glucose control as 250 mg of acetohexamide.</paragraph>
											</text>
											<effectiveTime value="20060411"/>
										</section>
									</component>
								</section>
							</component>
							<component>
								<section>
									<id root="E8425745-3E50-AD74-1C85-1DB89EE2A448"/>
									<code code="42229-5" codeSystem="2.16.840.1.113883.6.1" codeSystemName="LOINC" displayName="SPL UNCLASSIFIED SECTION"/>
									<title mediaType="text/x-hl7-title+xml">Patients Receiving Insulin</title>
									<text>
										<paragraph>Some Type II diabetic patients who have been treated only with insulin may respond satisfactorily to therapy with TOLINASE. If the patient's previous insulin dosage has been less than 20 units, substitution of 100 mg of tolazamide per day as a single daily dose may be tried. If the previous insulin dosage was less than 40 units, but more than 20 units, the patient should be placed directly on 250 mg of tolazamide per day as a single dose. If the previous insulin dosage was greater than 40 units, the insulin dosage should be decreased by 50% and 250 mg of tolazamide per day started. The dosage of TOLINASE should be adjusted weekly (or more often in the group previously requiring  more than 40 units of insulin).</paragraph>
										<paragraph>During this conversion period when both insulin and TOLINASE are being used, hypoglycemia may rarely occur. During insulin withdrawal, patients should test their urine for glucose and acetone at least three times daily and report results to their physician. The appearance of persistent acetonuria with glycosuria indicates that the patient is a Type I diabetic who requires insulin therapy.</paragraph>
									</text>
									<effectiveTime value="20060411"/>
								</section>
							</component>
						</section>
					</component>
					<component>
						<section>
							<id root="2C1C4B58-95E8-30CD-F35E-E8C315A732E0"/>
							<code code="42229-5" codeSystem="2.16.840.1.113883.6.1" codeSystemName="LOINC" displayName="SPL UNCLASSIFIED SECTION"/>
							<title mediaType="text/x-hl7-title+xml">Maximum Dose</title>
							<text>
								<paragraph>Daily doses of greater than 1000 mg are not recommended. Patients will generally have no further response to doses larger than this.</paragraph>
							</text>
							<effectiveTime value="20060411"/>
						</section>
					</component>
					<component>
						<section>
							<id root="43537B29-3A85-D2A8-7BAF-8081CE4914AF"/>
							<code code="42229-5" codeSystem="2.16.840.1.113883.6.1" codeSystemName="LOINC" displayName="SPL UNCLASSIFIED SECTION"/>
							<title mediaType="text/x-hl7-title+xml">Usual Maintenance Dose</title>
							<text>
								<paragraph>The usual maintenance dose is in the range of
100&#8211;1000 mg/day with the average maintenance dose being 250&#8211;500 mg/day. Following initiation of therapy, dosage adjustment is made in increments of 100 mg to 250 mg at weekly intervals based on the patient's blood glucose response.</paragraph>
							</text>
							<effectiveTime value="20060411"/>
						</section>
					</component>
					<component>
						<section>
							<id root="C9E0D6E9-3AA4-5572-F856-C4ED107284F4"/>
							<code code="42229-5" codeSystem="2.16.840.1.113883.6.1" codeSystemName="LOINC" displayName="SPL UNCLASSIFIED SECTION"/>
							<title mediaType="text/x-hl7-title+xml">Dosage Interval</title>
							<text>
								<paragraph>Once a day therapy is usually satisfactory. Doses up to 500 mg/day should be given as a single dose in the morning. 500 mg once daily is as effective as 250 mg twice daily. When a dose of more than 500 mg/day is required, the dose may be divided and given twice daily.</paragraph>
								<paragraph>In elderly patients, debilitated or malnourished patients, and patients with impaired renal or hepatic function, the initial and maintenance dosing should be conservative to avoid hypoglycemic reactions (see <linkHtml href="#Precautions">PRECAUTIONS</linkHtml> section).</paragraph>
							</text>
							<effectiveTime value="20060411"/>
						</section>
					</component>
				</section>
			</component>
			<component>
				<section>
					<id root="55D5FAC5-F367-8741-DA27-23F96DA60C93"/>
					<code code="34069-5" codeSystem="2.16.840.1.113883.6.1" codeSystemName="LOINC" displayName="HOW SUPPLIED SECTION"/>
					<title mediaType="text/x-hl7-title+xml">HOW SUPPLIED</title>
					<text>
						<paragraph>TOLINASE Tablets are available in the following
strengths and package sizes:</paragraph>
						<paragraph>
							<content styleCode="bold">100 mg</content> (white, round, scored, imprinted TOLINASE 100)</paragraph>
						<paragraph>&#160;&#160;Unit-of-Use Bottles of 100&#160;&#160;&#160;&#160;NDC 0009-0070-02</paragraph>
						<paragraph>
							<content styleCode="bold">250 mg</content> (white, round, scored, imprinted TOLINASE 250)</paragraph>
						<paragraph>&#160;&#160;Bottles of 200&#160;&#160;&#160;&#160;&#160;&#160;&#160;&#160;&#160;&#160;&#160;&#160;&#160;&#160;&#160;&#160;&#160;&#160;&#160;&#160;&#160;&#160;&#160;NDC 0009-0114-04</paragraph>
						<paragraph>&#160;&#160;Bottles of 1000&#160;&#160;&#160;&#160;&#160;&#160;&#160;&#160;&#160;&#160;&#160;&#160;&#160;&#160;&#160;&#160;&#160;&#160;&#160;&#160;&#160;NDC 0009-0114-02</paragraph>
						<paragraph>&#160;&#160;Unit-of-Use Bottles of 100&#160;&#160;&#160;&#160;NDC 0009-0114-05</paragraph>
						<paragraph>
							<content styleCode="bold">500 mg</content> (white, round, scored, imprinted TOLINASE 500)</paragraph>
						<paragraph>&#160;&#160;Unit-of-Use Bottles of 100&#160;&#160;&#160;&#160;NDC 0009-0477-06</paragraph>
						<paragraph>Store at controlled room temperature 20&#176; to 25&#176;C (68&#176; to 77&#176;F) [see USP].</paragraph>
					</text>
					<effectiveTime value="20060411"/>
				</section>
			</component>
			<component>
				<section>
					<id root="942CB2C5-8F20-0D12-C97A-791E7F51589F"/>
					<code code="42229-5" codeSystem="2.16.840.1.113883.6.1" codeSystemName="LOINC" displayName="SPL UNCLASSIFIED SECTION"/>
					<text>
						<paragraph>
							<content styleCode="bold">Rx only</content>
						</paragraph>
						<renderMultiMedia referencedObject="MM2"/>
						<paragraph>811 417 612<br/>692166</paragraph>
						
					</text>
					<effectiveTime value="20060411"/>
					<component>
						<observationMedia ID="MM2">
							<value mediaType="image/jpeg" xsi:type="ED">
								<reference value="tolinase-image02.jpg"/>
							</value>
						</observationMedia>
					</component>
				</section>
			</component>
		</structuredBody>
	</component>
</document>
