<?xml version="1.0" encoding="utf-8"?>
<?xml-stylesheet href="http://www.fda.gov/oc/datacouncil/stylesheets/spl/spl.xsl" type="text/xsl"?>
<document xmlns:voc="http://www.hl7.org/v3/voc" xmlns="urn:hl7-org:v3" xmlns:xsi="http://www.w3.org/2001/XMLSchema-instance" xsi:schemaLocation="urn:hl7-org:v3 http://www.fda.gov/oc/datacouncil/schemas/spl/spl.xsd">
	<id root="2d6a6ff9-3f12-4a6e-bba3-3f85fd54ffac"/>
	<code code="34391-3" codeSystem="2.16.840.1.113883.6.1" displayName="HUMAN PRESCRIPTION DRUG LABELING"/>
	<title mediaType="text/x-hl7-title+xml">FUROSEMIDE<br/>INJECTION, USP<br/>10 mg/mL</title>
	<effectiveTime value="20060413"/>
	<setId root="2d6a6ff9-3f12-4a6e-bba3-3f85fd54ffac"/>
	<versionNumber value="1"/>
	<author>
  <time/>
  <assignedEntity>
   <representedOrganization>
    <name>AMERICAN REGENT LABORATORIES, INC.</name>
   </representedOrganization>
  </assignedEntity>
</author>
	<component>
		<structuredBody>
			<component>
				<section>
					<id root="57BFAA46-30A8-B1CC-4749-93CD82281273"/>
					<effectiveTime value="20060413"/>
					<subject>
						<manufacturedProduct>
							<manufacturedMedicine>
								<code code="0517-5702" codeSystem="2.16.840.1.113883.6.69"/>
								<name>furosemide</name>
								<formCode code="C42946" codeSystem="2.16.840.1.113883.3.26.1.1" displayName="INJECTION"/>
								<activeIngredient>
									<quantity>
										<numerator unit="mg" value="20">
											<translation code="C28253" codeSystem="2.16.840.1.113883.3.26.1.1" displayName="MILLIGRAM" value="20"/>
										</numerator>
										<denominator unit="mL" value="2">
											<translation code="C28254" codeSystem="2.16.840.1.113883.3.26.1.1" displayName="MILLILITER" value="2"/>
										</denominator>
									</quantity>
									<activeIngredientSubstance>
										<code code="7LXU5N7ZO5" codeSystem="2.16.840.1.113883.4.9" codeSystemName="FDA SRS"/>
										<name>furosemide</name>
										<activeMoiety>
											<activeMoiety>
												<code code="7LXU5N7ZO5" codeSystem="2.16.840.1.113883.4.9" codeSystemName="FDA SRS"/>
												<name>furosemide</name>
											</activeMoiety>
										</activeMoiety>
									</activeIngredientSubstance>
								</activeIngredient>
								<asEntityWithGeneric>
									<genericMedicine>
										<name>furosemide</name>
									</genericMedicine>
								</asEntityWithGeneric>
								<inactiveIngredient>
									<inactiveIngredientSubstance>
										<code code="451W47IQ8X" codeSystem="2.16.840.1.113883.4.9" codeSystemName="FDA SRS"/>
										<name>sodium chloride</name>
									</inactiveIngredientSubstance>
								</inactiveIngredient>
								<inactiveIngredient>
									<inactiveIngredientSubstance>
										<name>water</name>
									</inactiveIngredientSubstance>
								</inactiveIngredient>
								<asContent>
									<quantity>
										<numerator unit="mL" value="2">
											<translation code="C28254" codeSystem="2.16.840.1.113883.3.26.1.1" displayName="MILLILITER" value="2"/>
										</numerator>
										<denominator value="1">
											<translation value="1"/>
										</denominator>
									</quantity>
									<containerPackagedMedicine>
										<code/>
										<formCode code="C43215" codeSystem="2.16.840.1.113883.3.26.1.1" displayName="VIAL, SINGLE-DOSE"/>
										<asContent>
											<quantity>
												<numerator value="25">
													<translation code="C48551" codeSystem="2.16.840.1.113883.3.26.1.1" displayName="VIAL" value="25"/>
												</numerator>
												<denominator value="1">
													<translation value="1"/>
												</denominator>
											</quantity>
											<containerPackagedMedicine>
												<code code="0517-5702-25" codeSystem="2.16.840.1.113883.6.69"/>
												<formCode code="C43178" codeSystem="2.16.840.1.113883.3.26.1.1" displayName="BOX"/>
											</containerPackagedMedicine>
										</asContent>
									</containerPackagedMedicine>
								</asContent>
							</manufacturedMedicine>
							<consumedIn>
								<substanceAdministration>
									<routeCode code="C38276" codeSystem="2.16.840.1.113883.3.26.1.1" displayName="INTRAVENOUS"/>
								</substanceAdministration>
							</consumedIn>
							<consumedIn>
								<substanceAdministration>
									<routeCode code="C28161" codeSystem="2.16.840.1.113883.3.26.1.1" displayName="INTRAMUSCULAR"/>
								</substanceAdministration>
							</consumedIn>
						</manufacturedProduct>
					</subject>
					<subject>
						<manufacturedProduct>
							<manufacturedMedicine>
								<code code="0517-5704" codeSystem="2.16.840.1.113883.6.69"/>
								<name>furosemide</name>
								<formCode code="C42946" codeSystem="2.16.840.1.113883.3.26.1.1" displayName="INJECTION"/>
								<activeIngredient>
									<quantity>
										<numerator unit="mg" value="40">
											<translation code="C28253" codeSystem="2.16.840.1.113883.3.26.1.1" displayName="MILLIGRAM" value="40"/>
										</numerator>
										<denominator unit="mL" value="4">
											<translation code="C28254" codeSystem="2.16.840.1.113883.3.26.1.1" displayName="MILLILITER" value="4"/>
										</denominator>
									</quantity>
									<activeIngredientSubstance>
										<code code="7LXU5N7ZO5" codeSystem="2.16.840.1.113883.4.9" codeSystemName="FDA SRS"/>
										<name>furosemide</name>
										<activeMoiety>
											<activeMoiety>
												<code code="7LXU5N7ZO5" codeSystem="2.16.840.1.113883.4.9" codeSystemName="FDA SRS"/>
												<name>furosemide</name>
											</activeMoiety>
										</activeMoiety>
									</activeIngredientSubstance>
								</activeIngredient>
								<asEntityWithGeneric>
									<genericMedicine>
										<name>furosemide</name>
									</genericMedicine>
								</asEntityWithGeneric>
								<inactiveIngredient>
									<inactiveIngredientSubstance>
										<code code="451W47IQ8X" codeSystem="2.16.840.1.113883.4.9" codeSystemName="FDA SRS"/>
										<name>sodium chloride</name>
									</inactiveIngredientSubstance>
								</inactiveIngredient>
								<inactiveIngredient>
									<inactiveIngredientSubstance>
										<name>water</name>
									</inactiveIngredientSubstance>
								</inactiveIngredient>
								<asContent>
									<quantity>
										<numerator unit="mL" value="4">
											<translation code="C28254" codeSystem="2.16.840.1.113883.3.26.1.1" displayName="MILLILITER" value="4"/>
										</numerator>
										<denominator value="1">
											<translation value="1"/>
										</denominator>
									</quantity>
									<containerPackagedMedicine>
										<code/>
										<formCode code="C43215" codeSystem="2.16.840.1.113883.3.26.1.1" displayName="VIAL, SINGLE-DOSE"/>
										<asContent>
											<quantity>
												<numerator value="25">
													<translation code="C48551" codeSystem="2.16.840.1.113883.3.26.1.1" displayName="VIAL" value="25"/>
												</numerator>
												<denominator value="1">
													<translation value="1"/>
												</denominator>
											</quantity>
											<containerPackagedMedicine>
												<code code="0517-5704-25" codeSystem="2.16.840.1.113883.6.69"/>
												<formCode code="C43178" codeSystem="2.16.840.1.113883.3.26.1.1" displayName="BOX"/>
											</containerPackagedMedicine>
										</asContent>
									</containerPackagedMedicine>
								</asContent>
							</manufacturedMedicine>
							<consumedIn>
								<substanceAdministration>
									<routeCode code="C38276" codeSystem="2.16.840.1.113883.3.26.1.1" displayName="INTRAVENOUS"/>
								</substanceAdministration>
							</consumedIn>
							<consumedIn>
								<substanceAdministration>
									<routeCode code="C28161" codeSystem="2.16.840.1.113883.3.26.1.1" displayName="INTRAMUSCULAR"/>
								</substanceAdministration>
							</consumedIn>
						</manufacturedProduct>
					</subject>
					<subject>
						<manufacturedProduct>
							<manufacturedMedicine>
								<code code="0517-5710" codeSystem="2.16.840.1.113883.6.69"/>
								<name>furosemide</name>
								<formCode code="C42946" codeSystem="2.16.840.1.113883.3.26.1.1" displayName="INJECTION"/>
								<activeIngredient>
									<quantity>
										<numerator unit="mg" value="100">
											<translation code="C28253" codeSystem="2.16.840.1.113883.3.26.1.1" displayName="MILLIGRAM" value="100"/>
										</numerator>
										<denominator unit="mL" value="10">
											<translation code="C28254" codeSystem="2.16.840.1.113883.3.26.1.1" displayName="MILLILITER" value="10"/>
										</denominator>
									</quantity>
									<activeIngredientSubstance>
										<code code="7LXU5N7ZO5" codeSystem="2.16.840.1.113883.4.9" codeSystemName="FDA SRS"/>
										<name>furosemide</name>
										<activeMoiety>
											<activeMoiety>
												<code code="7LXU5N7ZO5" codeSystem="2.16.840.1.113883.4.9" codeSystemName="FDA SRS"/>
												<name>furosemide</name>
											</activeMoiety>
										</activeMoiety>
									</activeIngredientSubstance>
								</activeIngredient>
								<asEntityWithGeneric>
									<genericMedicine>
										<name>furosemide</name>
									</genericMedicine>
								</asEntityWithGeneric>
								<inactiveIngredient>
									<inactiveIngredientSubstance>
										<code code="451W47IQ8X" codeSystem="2.16.840.1.113883.4.9" codeSystemName="FDA SRS"/>
										<name>sodium chloride</name>
									</inactiveIngredientSubstance>
								</inactiveIngredient>
								<inactiveIngredient>
									<inactiveIngredientSubstance>
										<name>water</name>
									</inactiveIngredientSubstance>
								</inactiveIngredient>
								<asContent>
									<quantity>
										<numerator unit="mL" value="10">
											<translation code="C28254" codeSystem="2.16.840.1.113883.3.26.1.1" displayName="MILLILITER" value="10"/>
										</numerator>
										<denominator value="1">
											<translation value="1"/>
										</denominator>
									</quantity>
									<containerPackagedMedicine>
										<code/>
										<formCode code="C43215" codeSystem="2.16.840.1.113883.3.26.1.1" displayName="VIAL, SINGLE-DOSE"/>
										<asContent>
											<quantity>
												<numerator value="25">
													<translation code="C48551" codeSystem="2.16.840.1.113883.3.26.1.1" displayName="VIAL" value="25"/>
												</numerator>
												<denominator value="1">
													<translation value="1"/>
												</denominator>
											</quantity>
											<containerPackagedMedicine>
												<code code="0517-5710-25" codeSystem="2.16.840.1.113883.6.69"/>
												<formCode code="C43178" codeSystem="2.16.840.1.113883.3.26.1.1" displayName="BOX"/>
											</containerPackagedMedicine>
										</asContent>
									</containerPackagedMedicine>
								</asContent>
							</manufacturedMedicine>
							<consumedIn>
								<substanceAdministration>
									<routeCode code="C38276" codeSystem="2.16.840.1.113883.3.26.1.1" displayName="INTRAVENOUS"/>
								</substanceAdministration>
							</consumedIn>
							<consumedIn>
								<substanceAdministration>
									<routeCode code="C28161" codeSystem="2.16.840.1.113883.3.26.1.1" displayName="INTRAMUSCULAR"/>
								</substanceAdministration>
							</consumedIn>
						</manufacturedProduct>
					</subject>
				</section>
			</component>
			<component>
				<section ID="s1">
					<id root="E9D27254-C7A9-3C6E-E56E-29DB1332AA1B"/>
					<code code="42229-5" codeSystem="2.16.840.1.113883.6.1" displayName="SPL UNCLASSIFIED SECTION"/>
					<text>
						<paragraph>
							<content styleCode="bold">Rx Only</content>
						</paragraph>
					</text>
					<effectiveTime value="20060413"/>
				</section>
			</component>
			<component>
				<section ID="s2">
					<id root="0ADEF4D4-ED01-EFA3-004C-96DBCCD0095F"/>
					<code code="34066-1" codeSystem="2.16.840.1.113883.6.1" displayName="BOXED WARNING SECTION"/>
					<title mediaType="text/x-hl7-title+xml">WARNING</title>
					<text>
						<paragraph>
							<content styleCode="bold">Furosemide is a potent diuretic which, if given in excessive amounts, can lead to a profound diuresis with water and electrolyte depletion. Therefore, careful medical supervision is required and dose and dose schedule must be adjusted to the individual patient's needs. (See <linkHtml href="#s20">"DOSAGE AND ADMINISTRATION"</linkHtml>.)</content>
						</paragraph>
					</text>
					<effectiveTime value="20060413"/>
				</section>
			</component>
			<component>
				<section ID="s3">
					<id root="046CDCD0-81DF-CF21-61F8-26F7CCF158B6"/>
					<code code="34089-3" codeSystem="2.16.840.1.113883.6.1" displayName="DESCRIPTION SECTION"/>
					<title mediaType="text/x-hl7-title+xml">DESCRIPTION</title>
					<text>
						<paragraph>Furosemide is a diuretic which is an anthranilic acid derivative.</paragraph>
						<paragraph>Chemically, it is 4-chloro<content styleCode="italics">-N</content>-furfuryl-5-sulfamoylanthranilic acid.</paragraph>
						<paragraph>Furosemide Injection 10 mg/mL is a sterile, non-pyrogenic solution in vials for intravenous and intramuscular injection.</paragraph>
						<paragraph>Furosemide is a white to off-white odorless crystalline powder. It is practically insoluble in water, sparingly soluble in alcohol, freely soluble in dilute alkali solutions and insoluble in dilute acids.</paragraph>
						<paragraph>The structural formula is as follows:</paragraph>
						<renderMultiMedia ID="f1" referencedObject="mm1"/>
						<paragraph>Each mL contains: 10 mg Furosemide, Water for Injection q.s., Sodium Chloride for isotonicity, Sodium Hydroxide and, if necessary, Hydrochloric Acid to adjust pH between 8.0 and 9.3.</paragraph>
					</text>
					<effectiveTime value="20060413"/>
					<component>
						<observationMedia ID="mm1">
							<value mediaType="image/jpeg" xsi:type="ED">
								<reference value="SPLFurosemide-figure-01.jpg.jpg"/>
							</value>
						</observationMedia>
					</component>
				</section>
			</component>
			<component>
				<section ID="s4">
					<id root="46917B87-E50D-E1CC-E04D-3D19A289A2F6"/>
					<code code="34090-1" codeSystem="2.16.840.1.113883.6.1" displayName="CLINICAL PHARMACOLOGY SECTION"/>
					<title mediaType="text/x-hl7-title+xml">CLINICAL PHARMACOLOGY</title>
					<text>
						<paragraph>Investigations into the mode of action of furosemide have utilized micropuncture studies is rats, stop flow experiments in dogs and various clearance studies in both humans and experimental animals. It has been demonstrated that furosemide inhibits primarily the reabsorption of sodium and chloride not only in the proximal and distal tubules but also in the loop of Henle. The high degree of efficacy is largely due to this unique site of action. The action on the distal tubule is independent of any inhibitory effect on carbonic anhydrase and aldosterone.</paragraph>
						<paragraph>Recent evidence suggests that furosemide glucuronide is the only or at least the major biotransformation product of furosemide in man. Furosemide is extensively bound to plasma proteins, mainly to albumin. Plasma concentrations ranging from 1 to 400 &#956;g/mL are 91 to 99% bound in healthy individuals. The unbound fraction averages 2.3 to 4.1% at therapeutic concentrations.</paragraph>
						<paragraph>The onset of diuresis following intravenous administration is within 5 minutes and somewhat later after intramuscular administration. The peak effect occurs within the first half hour. The duration of diuretic effect is approximately 2 hours.</paragraph>
						<paragraph>In fasted normal men, the mean bioavailability of furosemide from furosemide tablets and furosemide oral solution is approximately 60% of that from an intravenous injection of the drug. Although furosemide is more rapidly absorbed from the oral solution than from the tablet, peak plasma levels and area under the plasma concentration-time curves do not differ significantly. Peak plasma concentrations increase with increasing dose but times-to-peak do not differ among doses. The terminal half-life of furosemide is approximately 2 hours.</paragraph>
						<paragraph>Significantly more furosemide is excreted in urine following the intravenous injection than after the tablet or oral solution. There are no significant differences between the two oral formulations in the amount of unchanged drug excreted in urine.</paragraph>
					</text>
					<effectiveTime value="20060413"/>
				</section>
			</component>
			<component>
				<section ID="s5">
					<id root="3FA14B3E-BC73-08C7-9161-30FE95CAAF66"/>
					<code code="34067-9" codeSystem="2.16.840.1.113883.6.1" displayName="INDICATIONS &amp; USAGE SECTION"/>
					<title mediaType="text/x-hl7-title+xml">INDICATIONS AND USAGE</title>
					<text>
						<paragraph>Parenteral therapy should be reserved for patients unable to take oral medication or for patients in emergency clinical situations.</paragraph>
					</text>
					<effectiveTime value="20060413"/>
					<component>
						<section ID="e5">
							<id root="AF2EA417-FE4F-BAC0-E56C-2E30D5C10992"/>
							<code code="42229-5" codeSystem="2.16.840.1.113883.6.1" displayName="SPL UNCLASSIFIED SECTION"/>
							<text>
								<paragraph>
									<content styleCode="bold">Edema:</content> Furosemide is indicated in adults and pediatric patients for the treatment of edema associated with congestive heart failure, cirrhosis of the liver, and renal disease, including the nephrotic syndrome. Furosemide is particularly useful when an agent with greater diuretic potential is desired.</paragraph>
								<paragraph>Furosemide is indicated as adjunctive therapy in acute pulmonary edema. The intravenous administration of furosemide is indicated when a rapid onset of diuresis is desired, e.g., in acute pulmonary edema.</paragraph>
								<paragraph>If gastrointestinal absorption is impaired or oral medication is not practical for any reason, furosemide is indicated by the intravenous or intramuscular route. Parenteral use should be replaced with oral furosemide as soon as practical.</paragraph>
							</text>
							<effectiveTime value="20060413"/>
						</section>
					</component>
				</section>
			</component>
			<component>
				<section ID="s6">
					<id root="42689C80-464B-D5D5-21BF-488A9D04475F"/>
					<code code="34070-3" codeSystem="2.16.840.1.113883.6.1" displayName="CONTRAINDICATIONS SECTION"/>
					<title mediaType="text/x-hl7-title+xml">CONTRAINDICATIONS</title>
					<text>
						<paragraph>Furosemide is contraindicated in patients with anuria and in patients with a history of hypersensitivity to furosemide.</paragraph>
					</text>
					<effectiveTime value="20060413"/>
				</section>
			</component>
			<component>
				<section ID="s7">
					<id root="4E4E0845-7AD5-4570-FB0E-B70664035469"/>
					<code code="34071-1" codeSystem="2.16.840.1.113883.6.1" displayName="WARNINGS SECTION"/>
					<title mediaType="text/x-hl7-title+xml">WARNINGS</title>
					<text>
						<paragraph>In patients with hepatic cirrhosis and ascites, furosemide therapy is best initiated in the hospital. In hepatic coma and in states of electrolyte depletion, therapy should not be instituted until the basic condition is improved. Sudden alterations of fluid and electrolyte balance in patients with cirrhosis may precipitate hepatic coma; therefore, strict observation is necessary during the period of diuresis. Supplemental potassium chloride and, if required, an aldosterone antagonist are helpful in preventing hypokalemia and metabolic alkalosis.</paragraph>
						<paragraph>If increasing azotemia and oliguria occur during treatment of severe progressive renal disease, furosemide should be discontinued.</paragraph>
						<paragraph>Cases of tinnitus and reversible or irreversible hearing impairment have been reported. Usually, reports indicate that furosemide ototoxicity is associated with rapid injection, severe renal impairment, doses exceeding several times the usual recommended dose, or concomitant therapy with aminoglycoside antibiotics, ethacrynic acid, or other ototoxic drugs. If the physician elects to use high dose parenteral therapy, controlled intravenous infusion is advisable (for adults, an infusion rate not exceeding 4 mg furosemide per minute has been used).</paragraph>
					</text>
					<effectiveTime value="20060413"/>
					<component>
						<section ID="s8">
							<id root="C4212992-24CD-C9B6-8182-ACD7AEFD2D73"/>
							<code code="42229-5" codeSystem="2.16.840.1.113883.6.1" displayName="SPL UNCLASSIFIED SECTION"/>
							<text>
								<paragraph>
									<content styleCode="bold">Pediatric Use:</content> In premature neonates with respiratory distress syndrome, diuretic treatment with furosemide in the first few weeks of life may increase the risk of persistent patent ductus arteriosus (PDA), possibly through a prostaglandin-E-mediated process.</paragraph>
								<paragraph>Literature reports indicate that premature infants with post conceptual age (gestational plus postnatal) less than 31 weeks receiving doses exceeding 1 mg/kg/24 hours may develop plasma levels which could be associated with potential toxic effects including ototoxicity.</paragraph>
								<paragraph>Hearing loss in neonates has been associated with the use of furosemide injection (see <content styleCode="bold">
										<linkHtml href="#s7">WARNINGS</linkHtml>
									</content>, above).</paragraph>
							</text>
							<effectiveTime value="20060413"/>
						</section>
					</component>
				</section>
			</component>
			<component>
				<section ID="s9">
					<id root="EDAA8081-7683-8FC4-A521-CE4DC7C81D86"/>
					<code code="42232-9" codeSystem="2.16.840.1.113883.6.1" displayName="PRECAUTIONS SECTION"/>
					<title mediaType="text/x-hl7-title+xml">PRECAUTIONS</title>
					<effectiveTime value="20060413"/>
					<component>
						<section ID="s10">
							<id root="1E5B1D0B-5B44-CA83-436E-9161FA800BC1"/>
							<code code="34072-9" codeSystem="2.16.840.1.113883.6.1" displayName="GENERAL PRECAUTIONS SECTION"/>
							<text>
								<paragraph>
									<content styleCode="bold">General:</content> Excessive diuresis may cause dehydration and blood volume reduction with circulatory collapse and possibly vascular thrombosis and embolism, particularly in elderly patients. As with any effective diuretic, electrolyte depletion may occur during furosemide therapy, especially in patients receiving higher doses and a restricted salt intake. Hypokalemia may develop with furosemide, especially with brisk diuresis, inadequate oral electrolyte intake, when cirrhosis is present, or during concomitant use of corticosteroids or ACTH. Digitalis therapy may exaggerate metabolic effects of hypokalemia, especially myocardial effects.</paragraph>
								<paragraph>All patients receiving furosemide therapy should be observed for these signs or symptoms of fluid or electrolyte imbalance (hyponatremia, hypochloremic alkalosis, hypokalemia, hypomagnesemia or hypocalcemia): dryness of mouth, thirst, weakness, lethargy, drowsiness, restlessness, muscle pains or cramps, muscular fatigue, hypotension, oliguria, tachycardia, arrhythmia or gastrointestinal disturbances such as nausea and vomiting.</paragraph>
								<paragraph>Increases in blood glucose and alterations in glucose tolerance tests (with abnormalities of the fasting and 2-hour postprandial sugar) have been observed, and rarely, precipitation of diabetes mellitus has been reported.</paragraph>
								<paragraph>Asymptomatic hyperuricemia can occur and gout may rarely be precipitated.</paragraph>
								<paragraph>Patients allergic to sulfonamides may also be allergic to furosemide.</paragraph>
								<paragraph>The possibility exists of exacerbation or activation of systemic lupus erythematosus.</paragraph>
								<paragraph>As with many other drugs, patients should be observed regularly for the possible occurrence of blood dyscrasias, liver or kidney damage, or other idiosyncratic reactions.</paragraph>
							</text>
							<effectiveTime value="20060413"/>
						</section>
					</component>
					<component>
						<section ID="s11">
							<id root="D0CC7053-469E-2B37-2B16-07756A41B816"/>
							<code code="34076-0" codeSystem="2.16.840.1.113883.6.1" displayName="INFORMATION FOR PATIENTS SECTION"/>
							<text>
								<paragraph>
									<content styleCode="bold">Information for Patients:</content> Patients receiving furosemide should be advised that they may experience symptoms from excessive fluid and/or electrolyte losses.</paragraph>
								<paragraph>The postural hypotension that sometimes occurs can usually be managed by getting up slowly. Potassium supplements and/or dietary measures may be needed to control or avoid hypokalemia.</paragraph>
								<paragraph>Patients with diabetes mellitus should be told that furosemide may increase blood glucose levels and thereby affect urine glucose tests. The skin of some patients may be more sensitive to the effects of sunlight while taking furosemide.</paragraph>
								<paragraph>Hypertensive patients should avoid medications that may increase blood pressure, including over-the-counter products for appetite suppression and cold symptoms.</paragraph>
							</text>
							<effectiveTime value="20060413"/>
						</section>
					</component>
					<component>
						<section ID="s12">
							<id root="962977B0-E81F-9448-CA9F-A1CFDD0249A8"/>
							<code code="34075-2" codeSystem="2.16.840.1.113883.6.1" displayName="LABORATORY TESTS SECTION"/>
							<text>
								<paragraph>
									<content styleCode="bold">Laboratory Tests:</content> Serum electrolytes, (particularly potassium), CO<sub>2</sub>, creatinine and BUN should be determined frequently during the first few months of furosemide therapy and periodically thereafter. Serum and urine electrolyte determinations are particularly important when the patient is vomiting profusely or receiving parenteral fluids. Abnormalities should be corrected or the drug temporarily withdrawn. Other medications may also influence serum electrolytes.</paragraph>
								<paragraph>Reversible elevations of BUN may occur and are associated with dehydration, which should be avoided, particularly in patients with renal insufficiency. Urine and blood glucose should be checked periodically in diabetics receiving furosemide, even in those suspected of latent diabetes.</paragraph>
								<paragraph>Furosemide may lower serum levels of calcium (rarely cases of tetany have been reported) and magnesium. Accordingly, serum levels of these electrolytes should be determined periodically.</paragraph>
							</text>
							<effectiveTime value="20060413"/>
						</section>
					</component>
					<component>
						<section ID="s13">
							<id root="7498F8AD-0C51-21BF-89CA-8D32B1702B43"/>
							<code code="34073-7" codeSystem="2.16.840.1.113883.6.1" displayName="DRUG INTERACTIONS SECTION"/>
							<text>
								<paragraph>
									<content styleCode="bold">Drug Interactions:</content> Furosemide may increase the ototoxic potential of aminoglycoside antibiotics, especially in the presence of impaired renal function. Except in life-threatening situations, avoid the combination.</paragraph>
								<paragraph>Furosemide should not be used concomitantly with ethacrynic acid because of the possibility of ototoxicity.</paragraph>
								<paragraph>Patients receiving high doses of salicylates concomitantly with furosemide, as in rheumatic diseases, may experience salicylate toxicity at lower doses because of competitive renal excretory sites.</paragraph>
								<paragraph>Furosemide has a tendency to antagonize the skeletal muscle relaxing effect of tubocurarine and may potentiate the action of succinylcholine.</paragraph>
								<paragraph>Lithium generally should not be given with diuretics because they reduce lithium's renal clearance and add a high risk of lithium toxicity.</paragraph>
								<paragraph>Furosemide may add to or potentiate the therapeutic effect of other antihypertensive drugs. Potentiation occurs with ganglionic or peripheral adrenergic blocking drugs.</paragraph>
								<paragraph>Furosemide may decrease arterial responsiveness to norepinephrine. However, norepinephrine may still be used effectively.</paragraph>
								<paragraph>One study in six subjects demonstrated that the combination of furosemide and acetylsalicylic acid temporarily reduced creatinine clearance in patients with chronic renal insufficiency. There are case reports of patients who developed increased BUN, serum creatinine and serum potassium levels, and weight gain when furosemide was used in conjunction with NSAIDs.</paragraph>
								<paragraph>Literature reports indicate that coadministration of indomethacin may reduce the natriuretic and antihypertensive effects of furosemide in some patients by inhibiting prostaglandin synthesis. Indomethacin may also affect plasma renin levels, aldosterone excretion, and renin profile evaluation. Patients receiving both indomethacin and furosemide should be observed closely to determine if the desired diuretic and/or antihypertensive effect of furosemide is achieved.</paragraph>
							</text>
							<effectiveTime value="20060413"/>
						</section>
					</component>
					<component>
						<section ID="s14">
							<id root="9CB07BE0-CF46-EAF5-63A4-BAA397E2F82E"/>
							<code code="34083-6" codeSystem="2.16.840.1.113883.6.1" displayName="CARCINOGENESIS &amp; MUTAGENESIS &amp; IMPAIRMENT OF FERTILITY SECTION"/>
							<text>
								<paragraph>
									<content styleCode="bold">Carcinogenesis, Mutagenesis, Impairment of Fertility:</content> Furosemide was tested for carcinogenicity by oral administration in one strain of mice and one strain of rats. A small but significantly increased incidence of mammary gland carcinomas occurred in female mice at a dose 17.5 times the maximum human dose of 600 mg. There were marginal increases in uncommon tumors in male rats at a dose of 15 mg/kg (slightly greater than the maximum human dose) but not at 30 mg/kg.</paragraph>
								<paragraph>Furosemide was devoid of mutagenic activity in various strains of <content styleCode="italics">Salmonella typhimurium</content> when tested in the presence or absence of an <content styleCode="italics">in vitro</content> metabolic activation system, and questionably positive for gene mutation in mouse lymphoma cells in the presence of rat liver S9 at the highest dose tested. Furosemide did not induce sister chromatid exchange in human cells <content styleCode="italics">in vitro,</content> but other studies on chromosomal aberrations in human cells <content styleCode="italics">in vitro</content> gave conflicting results. In Chinese hamster cells it induced chromosomal damage but was questionably positive for sister chromatid exchange. Studies on the induction by furosemide of chromosomal aberrations in mice were inconclusive. The urine of rats treated with this drug did not induce gene conversion in <content styleCode="italics">Saccharomyces cerevisiae.</content>
								</paragraph>
								<paragraph>Furosemide produced no impairment of fertility in male or female rats, at 100 mg/kg/day (the maximum effective diuretic dose in the rat and 8 times the maximal human dose of 600 mg/day).</paragraph>
							</text>
							<effectiveTime value="20060413"/>
						</section>
					</component>
					<component>
						<section ID="s15">
							<id root="1EBA5054-BFC1-CA0C-1700-0624B553C073"/>
							<code code="42228-7" codeSystem="2.16.840.1.113883.6.1" displayName="PREGNANCY"/>
							<text>
								<paragraph>
									<content styleCode="bold">Pregnancy:</content>
									<content styleCode="underline">Teratogenic Effects:</content>
									<content styleCode="italics">Pregnancy Category C.</content> Furosemide has been shown to cause unexplained maternal deaths and abortions in rabbits at 2, 4, and 8 times the maximal recommended human oral dose. There are no adequate and well-controlled studies in pregnant women. Furosemide should be used during pregnancy only if the potential benefit justifies the potential risk to the fetus.</paragraph>
								<paragraph>The effects of furosemide on embryonic and fetal development and on pregnant dams were studied in mice, rats and rabbits.</paragraph>
								<paragraph>Furosemide caused unexplained maternal deaths and abortions in the rabbit at the lowest dose of 25 mg/kg (2 times the maximal recommended human oral dose of 600 mg/day). In another study, a dose of 50 mg/kg (4 times the maximal recommended human oral dose of 600 mg/day) also caused maternal deaths and abortions when administered to rabbits between Days 12 and 17 of gestation. In a third study, none of the pregnant rabbits survived an oral dose of 100 mg/kg. Data from the above studies indicate fetal lethality that can precede maternal deaths.</paragraph>
								<paragraph>The results of the mouse study and one of the three rabbit studies also showed an increased incidence and severity of hydronephrosis (distention of the renal pelvis and, in some cases, of the ureters) in fetuses derived from treated dams as compared with the incidence of fetuses from the control group.</paragraph>
							</text>
							<effectiveTime value="20060413"/>
						</section>
					</component>
					<component>
						<section ID="s16">
							<id root="A83A8E3F-DC89-AE70-39A7-7BCCBF2B0BD9"/>
							<code code="34080-2" codeSystem="2.16.840.1.113883.6.1" displayName="NURSING MOTHERS SECTION"/>
							<text>
								<paragraph>
									<content styleCode="bold">Nursing Mothers:</content> Because it appears in breast milk, caution should be exercised when furosemide is administered to a nursing mother.</paragraph>
							</text>
							<effectiveTime value="20060413"/>
						</section>
					</component>
					<component>
						<section ID="s17">
							<id root="226948A8-E452-69B2-F441-AD512EA5E45E"/>
							<code code="34081-0" codeSystem="2.16.840.1.113883.6.1" displayName="PEDIATRIC USE SECTION"/>
							<text>
								<paragraph>
									<content styleCode="bold">Pediatric Use:</content> Renal calcifications (from barely visible on x-ray to staghorn) have occurred in some severely premature infants treated with intravenous furosemide for edema due to patent ductus arteriosus and hyaline membrane disease. The concurrent use of chlorothiazide has been reported to decrease hypercalcinuria and dissolve some calculi.</paragraph>
							</text>
							<effectiveTime value="20060413"/>
						</section>
					</component>
				</section>
			</component>
			<component>
				<section ID="s18">
					<id root="CD4A051A-7220-6997-F554-42E36D4F0E14"/>
					<code code="34084-4" codeSystem="2.16.840.1.113883.6.1" displayName="ADVERSE REACTIONS SECTION"/>
					<title mediaType="text/x-hl7-title+xml">ADVERSE REACTIONS</title>
					<text>
						<paragraph>Adverse reactions are categorized below by organ system and listed by decreasing severity.</paragraph>
						<paragraph>
							<content styleCode="bold">Gastrointestinal System Reactions</content>
						</paragraph>
						<list listType="ordered" styleCode="Arabic">
							<item>Pancreatitis</item>
							<item>Jaundice (intrahepatic cholestatic jaundice)</item>
							<item>Anorexia</item>
							<item>Oral and gastric irritation</item>
							<item>Cramping</item>
							<item>Diarrhea</item>
							<item>Constipation</item>
							<item>Nausea</item>
							<item>Vomiting</item>
						</list>
						<paragraph>
							<content styleCode="bold">Systemic Hypersensitivity Reactions</content>
						</paragraph>
						<list listType="ordered" styleCode="Arabic">
							<item>Systemic vasculitis</item>
							<item>Interstitial nephritis</item>
							<item>Necrotizing angiitis</item>
						</list>
						<paragraph>
							<content styleCode="bold">Central Nervous System Reactions</content>
						</paragraph>
						<list listType="ordered" styleCode="Arabic">
							<item>Tinnitus and hearing loss</item>
							<item>Paresthesias</item>
							<item>Vertigo</item>
							<item>Dizziness</item>
							<item>Headache</item>
							<item>Blurred vision</item>
							<item>Xanthopsia</item>
						</list>
						<paragraph>
							<content styleCode="bold">Hematologic Reactions</content>
						</paragraph>
						<list listType="ordered" styleCode="Arabic">
							<item>Aplastic anemia (rare)</item>
							<item>Thrombocytopenia</item>
							<item>Agranulocytosis (rare)</item>
							<item>Hemolytic anemia</item>
							<item>Leukopenia</item>
							<item>Anemia</item>
						</list>
						<paragraph>
							<content styleCode="bold">Dermatologic-Hypersensitivity Reactions</content>
						</paragraph>
						<list listType="ordered" styleCode="Arabic">
							<item>Exfoliative dermatitis</item>
							<item>Erythema multiforme</item>
							<item>Purpura</item>
							<item>Photosensitivity</item>
							<item>Urticaria</item>
							<item>Rash</item>
							<item>Pruritus</item>
						</list>
						<paragraph>
							<content styleCode="bold">Cardiovascular Reaction</content>
						</paragraph>
						<paragraph>Orthostatic hypotension may occur and be aggravated by alcohol, barbiturates or narcotics.</paragraph>
						<paragraph>
							<content styleCode="bold">Other Reactions</content>
						</paragraph>
						<list listType="ordered" styleCode="Arabic">
							<item>Hyperglycemia</item>
							<item>Glycosuria</item>
							<item>Hyperuricemia</item>
							<item>Muscle spasm</item>
							<item>Weakness</item>
							<item>Restlessness</item>
							<item>Urinary bladder spasm</item>
							<item>Thrombophlebitis</item>
							<item>Transient injection site pain following intramuscular injection</item>
							<item>Fever</item>
						</list>
						<paragraph>Whenever adverse reactions are moderate or severe, furosemide dosage should be reduced or therapy withdrawn.</paragraph>
					</text>
					<effectiveTime value="20060413"/>
				</section>
			</component>
			<component>
				<section ID="s19">
					<id root="2BAD16D3-78ED-674B-97D4-34C09F876850"/>
					<code code="34088-5" codeSystem="2.16.840.1.113883.6.1" displayName="OVERDOSAGE SECTION"/>
					<title mediaType="text/x-hl7-title+xml">OVERDOSAGE</title>
					<text>
						<paragraph>The principal signs and symptoms of overdose with furosemide are dehydration, blood volume reduction, hypotension, electrolyte imbalance, hypokalemia and hypochloremic alkalosis, and are extensions of its diuretic action.</paragraph>
						<paragraph>The acute toxicity of furosemide has been determined in mice, rats and dogs. In all three, the oral LD<sub>50</sub> exceeded 1000 mg/kg body weight, while the intravenous LD<sub>50</sub> ranged from 300 to 680 mg/kg. The acute intragastric toxicity in neonatal rats is 7 to 10 times that of adult rats.</paragraph>
						<paragraph>The concentration of furosemide in biological fluids associated with toxicity or death is not known. Treatment of overdosage is supportive and consists of replacement of excessive fluid and electrolyte losses. Serum electrolytes, carbon dioxide level and blood pressure should be determined frequently. Adequate drainage must be assured in patients with urinary bladder outlet obstruction (such as prostatic hypertrophy).</paragraph>
						<paragraph>Hemodialysis does not accelerate furosemide elimination.</paragraph>
					</text>
					<effectiveTime value="20060413"/>
				</section>
			</component>
			<component>
				<section ID="s20">
					<id root="4B55C057-872E-613D-9E27-C4CF9DC267BC"/>
					<code code="34068-7" codeSystem="2.16.840.1.113883.6.1" displayName="DOSAGE &amp; ADMINISTRATION SECTION"/>
					<title mediaType="text/x-hl7-title+xml">DOSAGE AND ADMINISTRATION</title>
					<effectiveTime value="20060413"/>
					<component>
						<section ID="s21">
							<id root="18521676-65BE-C154-575C-01861E5BFD16"/>
							<code code="42229-5" codeSystem="2.16.840.1.113883.6.1" displayName="SPL UNCLASSIFIED SECTION"/>
							<text>
								<paragraph>
									<content styleCode="bold">Adults:</content> Parenteral therapy with Furosemide Injection should be used only in patients unable to take oral medication or in emergency situations and should be replaced with oral therapy as soon as practical.</paragraph>
							</text>
							<effectiveTime value="20060413"/>
							<component>
								<section ID="s22">
									<id root="17467323-946C-A964-1FBE-B86D9BF5DD20"/>
									<code code="42229-5" codeSystem="2.16.840.1.113883.6.1" displayName="SPL UNCLASSIFIED SECTION"/>
									<title mediaType="text/x-hl7-title+xml">Edema</title>
									<text>
										<paragraph>The usual initial dose of furosemide is 20 to 40 mg given as a single dose, injected intramuscularly or intravenously. The intravenous dose should be given slowly (1 to 2 minutes). Ordinarily a prompt diuresis ensues. If needed, another dose may be administered in the same manner 2 hours later or the dose may be increased. The dose may be raised by 20 mg and given not sooner than 2 hours after the previous dose until the desired diuretic effect has been obtained. This individually determined single dose should then be given once or twice daily.</paragraph>
										<paragraph>Therapy should be individualized according to patient response to gain maximal therapeutic response and to determine the minimal dose needed to maintain that response. Close medical supervision is necessary.</paragraph>
										<paragraph>If the physician elects to use high dose parenteral therapy, add the furosemide to either Sodium Chloride Injection USP, Lactated Ringer's Injection USP, or Dextrose (5%) Injection USP after pH has been adjusted to above 5.5, and administer as a controlled intravenous infusion at a rate not greater than 4 mg/min. Furosemide Injection is a buffered alkaline solution with a pH of about 9 and drug may precipitate at pH values below 7. Care must be taken to ensure that the pH of the prepared infusion solution is in the weakly alkaline to neutral range. Acid solutions, including other parenteral medications (e.g., labetalol, ciprofloxacin, amrinone, milrinone) must not be administered concurrently in the same infusion because they may cause precipitation of the furosemide. In addition, furosemide injection should not be added to a running intravenous line containing any of these acidic products.</paragraph>
									</text>
									<effectiveTime value="20060413"/>
								</section>
							</component>
							<component>
								<section ID="s23">
									<id root="81DFE686-58D6-468A-146F-24555F737C72"/>
									<code code="42229-5" codeSystem="2.16.840.1.113883.6.1" displayName="SPL UNCLASSIFIED SECTION"/>
									<title mediaType="text/x-hl7-title+xml">Acute Pulmonary Edema</title>
									<text>
										<paragraph>The usual initial dose of furosemide is 40 mg injected slowly intravenously (over 1 to 2 minutes). If a satisfactory response does not occur within 1 hour, the dose may be increased to 80 mg injected slowly intravenously (over 1 to 2 minutes).</paragraph>
										<paragraph>If necessary, additional therapy (e.g., digitalis, oxygen) may be administered concomitantly.</paragraph>
									</text>
									<effectiveTime value="20060413"/>
								</section>
							</component>
						</section>
					</component>
					<component>
						<section ID="s24">
							<id root="AEA77263-7A6F-8554-791D-B5248E3A6AD0"/>
							<code code="42229-5" codeSystem="2.16.840.1.113883.6.1" displayName="SPL UNCLASSIFIED SECTION"/>
							<text>
								<paragraph>
									<content styleCode="bold">Pediatric Patients:</content> Parenteral therapy should be used only in patients unable to take oral medication or in emergency situations and should be replaced with oral therapy as soon as practical.</paragraph>
								<paragraph>The usual initial dose of Furosemide Injection (intravenously or intramuscularly) in pediatric patients is 1 mg/kg body weight and should be given slowly under close medical supervision. If the diuretic response to the initial dose is not satisfactory, dosage may be increased by 1 mg/kg not sooner than 2 hours after the previous dose, until the desired diuretic effect has been obtained. Doses greater than 6 mg/kg body weight are not recommended.</paragraph>
								<paragraph>Literature reports suggest that the maximum dose for premature infants should not exceed 1 mg/kg/day (see <content styleCode="bold">
										<linkHtml href="#s8">WARNINGS, Pediatric Use</linkHtml>
									</content>).</paragraph>
								<paragraph>Furosemide Injection should be inspected visually for particulate matter and discoloration before administration.</paragraph>
							</text>
							<effectiveTime value="20060413"/>
						</section>
					</component>
				</section>
			</component>
			<component>
				<section ID="s25">
					<id root="7907E825-0523-4FA4-8623-CCDE972A8902"/>
					<code code="34069-5" codeSystem="2.16.840.1.113883.6.1" displayName="HOW SUPPLIED SECTION"/>
					<title mediaType="text/x-hl7-title+xml">HOW SUPPLIED</title>
					<text>
						<paragraph>
							<content styleCode="bold">Furosemide Injection, USP (10 mg/mL)</content>
						</paragraph>
						<table width="100%">
							<col align="left" width="31.600%"/>
							<col align="left" width="41.467%"/>
							<col align="left" width="26.933%"/>
							<tbody>
								<tr>
									<td align="left" valign="bottom">NDC 0517-5702-25</td>
									<td align="left" valign="bottom">2 mL single dose amber colored vials</td>
									<td align="left" valign="bottom">Boxes of 25</td>
								</tr>
								<tr>
									<td align="left" valign="top">NDC 0517-5704-25</td>
									<td align="left" valign="top">4 mL single dose amber colored vials</td>
									<td align="left" valign="top">Boxes of 25</td>
								</tr>
								<tr>
									<td align="left" valign="top">NDC 0517-5710-25</td>
									<td align="left" valign="top">10 mL single dose amber colored vials</td>
									<td align="left" valign="top">Boxes of 25</td>
								</tr>
							</tbody>
						</table>
						<paragraph>Do not use if solution is discolored.<br/>Store at controlled room temperature 15&#176;-30&#176;C (59&#176;-86&#176;F) (See USP).<br/>Protect from light.</paragraph>
						<paragraph>IN5702<br/>Rev. 4/01<br/>MG #7822</paragraph>
						<paragraph>
							<content styleCode="bold">AMERICAN</content>
							<br/>
							<content styleCode="bold">REGENT</content>
							<br/>
							<content styleCode="bold">LABORATORIES, INC.</content>
							<br/>SHIRKEY, NY 11967</paragraph>
					</text>
					<effectiveTime value="20060413"/>
				</section>
			</component>
		</structuredBody>
	</component>
</document>
