<?xml version="1.0" encoding="utf-8"?>
<?xml-stylesheet href="http://www.fda.gov/oc/datacouncil/stylesheets/spl/spl.xsl" type="text/xsl"?>
<document xmlns:voc="http://www.hl7.org/v3/voc" xmlns="urn:hl7-org:v3" xmlns:xsi="http://www.w3.org/2001/XMLSchema-instance" xsi:schemaLocation="urn:hl7-org:v3 http://www.fda.gov/oc/datacouncil/schemas/spl/spl.xsd">
<id root="8878F134-42B9-4C30-B240-2761B6B3AA5F" />
<code code="34391-3" codeSystem="2.16.840.1.113883.6.1" codeSystemName="LOINC" displayName="HUMAN PRESCRIPTION DRUG LABELING" />
<title mediaType="text/x-hl7-title+xml">Benadryl&#174;<br />(Diphenhydramine Hydrochloride Injection, USP)</title>
<effectiveTime value="20060511" />
<setId root="8878F134-42B9-4C30-B240-2761B6B3AA5F" />
<versionNumber value="1" />
<author>
  <time/>
  <assignedEntity>
   <representedOrganization>
    <name>Parke-Davis</name>
   </representedOrganization>
  </assignedEntity>
</author>
<component>
<structuredBody>
<component>
<section>
<id root="2C9EAC2E-E8A8-F9E8-B82F-CAEBB7EE86FC" />
<effectiveTime value="20060511" />
<subject>
<manufacturedProduct>
<manufacturedMedicine>
<code code="0071-4259" codeSystem="2.16.840.1.113883.6.69" codeSystemName="FDA" displayName="NDC" />
<name>Benadryl</name>
<formCode code="C42945" codeSystem="2.16.840.1.113883.3.26.1.1" displayName="INJECTION, SOLUTION" />
<activeIngredient>
<quantity>
<numerator unit="mg" value="50">
<translation code="C28253" codeSystem="2.16.840.1.113883.3.26.1.1" displayName="MILLIGRAM" value="50" />
</numerator>
<denominator unit="mL" value="1">
<translation code="C28254" codeSystem="2.16.840.1.113883.3.26.1.1" displayName="MILLILITER" value="1" />
</denominator>
</quantity>
<activeIngredientSubstance>
<code code="TC2D6JAD40" codeSystem="2.16.840.1.113883.4.9" codeSystemName="FDA SRS" />
<name>Diphenhydramine Hydrochloride</name>
<activeMoiety>
<activeMoiety>
<code code="8GTS82S83M" codeSystem="2.16.840.1.113883.4.9" codeSystemName="FDA SRS" />
<name>Diphenhydramine</name>
</activeMoiety>
</activeMoiety>
</activeIngredientSubstance>
</activeIngredient>
<asEntityWithGeneric>
<genericMedicine>
<name>Diphenhydramine Hydrochloride</name>
</genericMedicine>
</asEntityWithGeneric>
<inactiveIngredient>
<inactiveIngredientSubstance>
<code code="55X04QC32I" codeSystem="2.16.840.1.113883.4.9" codeSystemName="FDA SRS" />
<name>sodium hydroxide</name>
</inactiveIngredientSubstance>
</inactiveIngredient>
<inactiveIngredient>
<inactiveIngredientSubstance>
<code code="QTT17582CB" codeSystem="2.16.840.1.113883.4.9" codeSystemName="FDA SRS" />
<name>hydrochloric acid</name>
</inactiveIngredientSubstance>
</inactiveIngredient>
<asContent>
<quantity>
<numerator unit="mL" value="1">
<translation code="C28254" codeSystem="2.16.840.1.113883.3.26.1.1" displayName="MILLILITER" value="1" />
</numerator>
<denominator value="1">
<translation value="1" />
</denominator>
</quantity>
<containerPackagedMedicine>
<code />
<formCode code="C43226" codeSystem="2.16.840.1.113883.3.26.1.1" displayName="VIAL" />
<asContent>
<quantity>
<numerator value="25">
<translation code="C48551" codeSystem="2.16.840.1.113883.3.26.1.1" displayName="VIAL" value="25" />
</numerator>
<denominator value="1">
<translation value="1" />
</denominator>
</quantity>
<containerPackagedMedicine>
<code code="0071-4259-13" codeSystem="2.16.840.1.113883.6.69" />
<formCode code="C43233" codeSystem="2.16.840.1.113883.3.26.1.1" displayName="PACKAGE" />
</containerPackagedMedicine>
</asContent>
</containerPackagedMedicine>
</asContent>
<asContent>
<quantity>
<numerator unit="mL" value="1">
<translation code="C28254" codeSystem="2.16.840.1.113883.3.26.1.1" displayName="MILLILITER" value="1" />
</numerator>
<denominator value="1">
<translation value="1" />
</denominator>
</quantity>
<containerPackagedMedicine>
<code />
<formCode code="C43202" codeSystem="2.16.840.1.113883.3.26.1.1" displayName="SYRINGE" />
<asContent>
<quantity>
<numerator value="10">
<translation code="C48540" codeSystem="2.16.840.1.113883.3.26.1.1" displayName="SYRINGE" value="10" />
</numerator>
<denominator value="1">
<translation value="1" />
</denominator>
</quantity>
<containerPackagedMedicine>
<code code="0071-4259-45" codeSystem="2.16.840.1.113883.6.69" />
<formCode code="C43233" codeSystem="2.16.840.1.113883.3.26.1.1" displayName="PACKAGE" />
</containerPackagedMedicine>
</asContent>
</containerPackagedMedicine>
</asContent>
<asContent>
<quantity>
<numerator unit="mL" value="1">
<translation code="C28254" codeSystem="2.16.840.1.113883.3.26.1.1" displayName="MILLILITER" value="1" />
</numerator>
<denominator value="1">
<translation value="1" />
</denominator>
</quantity>
<containerPackagedMedicine>
<code />
<formCode code="C43165" codeSystem="2.16.840.1.113883.3.26.1.1" displayName="AMPULE" />
<asContent>
<quantity>
<numerator value="10">
<translation code="C48473" codeSystem="2.16.840.1.113883.3.26.1.1" displayName="AMPULE" value="10" />
</numerator>
<denominator value="1">
<translation value="1" />
</denominator>
</quantity>
<containerPackagedMedicine>
<code code="0071-4259-03" codeSystem="2.16.840.1.113883.6.69" />
<formCode code="C43233" codeSystem="2.16.840.1.113883.3.26.1.1" displayName="PACKAGE" />
</containerPackagedMedicine>
</asContent>
</containerPackagedMedicine>
</asContent>
</manufacturedMedicine>
<consumedIn>
<substanceAdministration>
<routeCode code="C28161" codeSystem="2.16.840.1.113883.3.26.1.1" displayName="INTRAMUSCULAR" />
</substanceAdministration>
</consumedIn>
<consumedIn>
<substanceAdministration>
<routeCode code="C38276" codeSystem="2.16.840.1.113883.3.26.1.1" displayName="INTRAVENOUS" />
</substanceAdministration>
</consumedIn>
</manufacturedProduct>
</subject>
<subject>
<manufacturedProduct>
<manufacturedMedicine>
<code code="0071-4402" codeSystem="2.16.840.1.113883.6.69" />
<name>Benadryl</name>
<formCode code="C42945" codeSystem="2.16.840.1.113883.3.26.1.1" displayName="INJECTION, SOLUTION" />
<activeIngredient>
<quantity>
<numerator unit="mg" value="50">
<translation code="C28253" codeSystem="2.16.840.1.113883.3.26.1.1" displayName="MILLIGRAM" value="50" />
</numerator>
<denominator unit="mL" value="1">
<translation code="C28254" codeSystem="2.16.840.1.113883.3.26.1.1" displayName="MILLILITER" value="1" />
</denominator>
</quantity>
<activeIngredientSubstance>
<code code="TC2D6JAD40" codeSystem="2.16.840.1.113883.4.9" codeSystemName="FDA SRS" />
<name>Diphenhydramine Hydrochloride</name>
<activeMoiety>
<activeMoiety>
<code code="8GTS82S83M" codeSystem="2.16.840.1.113883.4.9" codeSystemName="FDA SRS" />
<name>Diphenhydramine</name>
</activeMoiety>
</activeMoiety>
</activeIngredientSubstance>
</activeIngredient>
<asEntityWithGeneric>
<genericMedicine>
<name>Diphenhydramine Hydrochloride</name>
</genericMedicine>
</asEntityWithGeneric>
<inactiveIngredient>
<inactiveIngredientSubstance>
<code code="55X04QC32I" codeSystem="2.16.840.1.113883.4.9" codeSystemName="FDA SRS" />
<name>sodium hydroxide</name>
</inactiveIngredientSubstance>
</inactiveIngredient>
<inactiveIngredient>
<inactiveIngredientSubstance>
<code code="QTT17582CB" codeSystem="2.16.840.1.113883.4.9" codeSystemName="FDA SRS" />
<name>hydrochloric acid</name>
</inactiveIngredientSubstance>
</inactiveIngredient>
<inactiveIngredient>
<quantity>
<numerator unit="mg" value="0.1">
<translation code="C28253" codeSystem="2.16.840.1.113883.3.26.1.1" displayName="MILLIGRAM" value="0.1" />
</numerator>
<denominator unit="mL" value="1">
<translation code="C28254" codeSystem="2.16.840.1.113883.3.26.1.1" displayName="MILLILITER" value="1" />
</denominator>
</quantity>
<inactiveIngredientSubstance>
<code code="PH41D05744" codeSystem="2.16.840.1.113883.4.9" codeSystemName="FDA SRS" />
<name>benzethonium chloride</name>
</inactiveIngredientSubstance>
</inactiveIngredient>
<asContent>
<quantity>
<numerator unit="mL" value="10">
<translation code="C28254" codeSystem="2.16.840.1.113883.3.26.1.1" displayName="MILLILITER" value="10" />
</numerator>
<denominator value="1">
<translation value="1" />
</denominator>
</quantity>
<containerPackagedMedicine>
<code code="0071-4402-10" codeSystem="2.16.840.1.113883.6.69" />
<formCode code="C43226" codeSystem="2.16.840.1.113883.3.26.1.1" displayName="VIAL" />
</containerPackagedMedicine>
</asContent>
</manufacturedMedicine>
<consumedIn>
<substanceAdministration>
<routeCode code="C28161" codeSystem="2.16.840.1.113883.3.26.1.1" displayName="INTRAMUSCULAR" />
</substanceAdministration>
</consumedIn>
<consumedIn>
<substanceAdministration>
<routeCode code="C38276" codeSystem="2.16.840.1.113883.3.26.1.1" displayName="INTRAVENOUS" />
</substanceAdministration>
</consumedIn>
</manufacturedProduct>
</subject>
</section>
</component>
<component>
<section>
<id root="7CD4E5B0-AE8C-7B0A-156E-609C4B2A3B11" />
<code code="34089-3" codeSystem="2.16.840.1.113883.6.1" codeSystemName="LOINC" displayName="DESCRIPTION SECTION" />
<title mediaType="text/x-hl7-title+xml">DESCRIPTION</title>
<text><paragraph>Benadryl (diphenhydramine hydrochloride) is an antihistamine drug having the chemical name 2-(Diphenylmethoxy)-N,N-dimethylethylamine hydrochloride. It occurs as a white, crystalline powder, is freely soluble in water and alcohol and has a molecular weight of 291.82. The molecular formula is C<sub>17</sub>H<sub>21</sub>NO &#8226; HCl. The structural formula is as follows:</paragraph><renderMultiMedia referencedObject="MM1" /><paragraph>Benadryl in the parenteral form is a sterile, pyrogen-free solution available in a concentration of 50 mg of diphenhydramine hydrochloride per mL. The solutions for parenteral use have been adjusted to a pH between 5.0 and 6.0 with either sodium hydroxide or hydrochloric acid.  The multidose Steri-Vials&#174; contain 0.1 mg/mL benzethonium chloride as a germicidal agent.</paragraph></text>
<effectiveTime value="20060511" />
<component>
<observationMedia ID="MM1">
<value mediaType="image/jpeg" xsi:type="ED"><reference value="benadryl-image01.jpg" /></value>
</observationMedia>
</component>
</section>
</component>
<component>
<section>
<id root="2DCCE939-E542-E5BB-C5B0-86EE86B8AF03" />
<code code="34090-1" codeSystem="2.16.840.1.113883.6.1" codeSystemName="LOINC" displayName="CLINICAL PHARMACOLOGY SECTION" />
<title mediaType="text/x-hl7-title+xml">CLINICAL PHARMACOLOGY</title>
<text><paragraph>Diphenhydramine hydrochloride is an antihistamine with anticholinergic (drying) and sedative side effects. Antihistamines appear to compete with histamine for cell receptor sites on effector cells.</paragraph><paragraph>Benadryl in the injectable form has a rapid onset of action. Diphenhydramine hydrochloride is widely distributed throughout the body, including the CNS. A portion of the drug is excreted unchanged in the urine, while the rest is metabolized via the liver. Detailed information on the pharmacokinetics of Diphenhydramine Hydrochloride Injection is not available.</paragraph></text>
<effectiveTime value="20060511" />
</section>
</component>
<component>
<section>
<id root="3B2E3D4D-BCB2-DEDA-61FA-4BF8CB80E095" />
<code code="34067-9" codeSystem="2.16.840.1.113883.6.1" codeSystemName="LOINC" displayName="INDICATIONS &amp; USAGE SECTION" />
<title mediaType="text/x-hl7-title+xml">INDICATIONS AND USAGE</title>
<text><paragraph>Benadryl in the injectable form is effective in adults and pediatric patients, other than premature infants and neonates, for the following conditions when Benadryl in the oral form is impractical.</paragraph></text>
<effectiveTime value="20060511" />
<component>
<section>
<id root="15F9FED7-E0C8-05A5-9734-6D135DADFCB7" />
<code code="42229-5" codeSystem="2.16.840.1.113883.6.1" codeSystemName="LOINC" displayName="SPL UNCLASSIFIED SECTION" />
<title mediaType="text/x-hl7-title+xml">Antihistaminic</title>
<text><paragraph>For amelioration of allergic reactions to blood or plasma, in anaphylaxis as an adjunct to epinephrine and other standard measures after the acute symptoms have been controlled, and for other uncomplicated allergic conditions of the immediate type when oral therapy is impossible or contraindicated.</paragraph></text>
<effectiveTime value="20060511" />
</section>
</component>
<component>
<section>
<id root="A3A89EBE-0D01-D05E-9321-1DF19284412E" />
<code code="42229-5" codeSystem="2.16.840.1.113883.6.1" codeSystemName="LOINC" displayName="SPL UNCLASSIFIED SECTION" />
<title mediaType="text/x-hl7-title+xml">Motion sickness</title>
<text><paragraph>For active treatment of motion sickness.</paragraph></text>
<effectiveTime value="20060511" />
</section>
</component>
<component>
<section>
<id root="FA819D69-1DC5-82A2-9DF5-66EE4FCCF556" />
<code code="42229-5" codeSystem="2.16.840.1.113883.6.1" codeSystemName="LOINC" displayName="SPL UNCLASSIFIED SECTION" />
<title mediaType="text/x-hl7-title+xml">Antiparkinsonism</title>
<text><paragraph>For use in parkinsonism, when oral therapy is impossible or contraindicated, as follows: parkinsonism in the elderly who are unable to tolerate more potent agents; mild cases of parkinsonism in other age groups, and in other cases of parkinsonism in combination with centrally acting anticholinergic agents.</paragraph></text>
<effectiveTime value="20060511" />
</section>
</component>
</section>
</component>
<component>
<section ID="Contraindications">
<id root="FACF3142-D8C1-278D-D9A0-9B5BDF758374" />
<code code="34070-3" codeSystem="2.16.840.1.113883.6.1" codeSystemName="LOINC" displayName="CONTRAINDICATIONS SECTION" />
<title mediaType="text/x-hl7-title+xml">CONTRAINDICATIONS</title>
<text><paragraph /></text>
<effectiveTime value="20060511" />
<component>
<section>
<id root="B77571DB-88CB-8ABF-7F9B-C2FC9D8A4955" />
<code code="42229-5" codeSystem="2.16.840.1.113883.6.1" codeSystemName="LOINC" displayName="SPL UNCLASSIFIED SECTION" />
<title mediaType="text/x-hl7-title+xml">Use in Neonates or Premature Infants</title>
<text><paragraph>This drug should <content styleCode="italics">not</content> be used in neonates or premature infants.</paragraph></text>
<effectiveTime value="20060511" />
</section>
</component>
<component>
<section>
<id root="65E9155C-7E21-DCED-A2D1-13833211D319" />
<code code="34080-2" codeSystem="2.16.840.1.113883.6.1" codeSystemName="LOINC" displayName="NURSING MOTHERS  SECTION" />
<title mediaType="text/x-hl7-title+xml">Use in Nursing Mothers</title>
<text><paragraph>Because of the higher risk of antihistamines for infants generally, and for neonates and prematures in particular, antihistamine therapy is contraindicated in nursing mothers.</paragraph></text>
<effectiveTime value="20060511" />
</section>
</component>
<component>
<section>
<id root="0E30D292-7603-ACD4-428D-ACDF504EFFDF" />
<code code="42229-5" codeSystem="2.16.840.1.113883.6.1" codeSystemName="LOINC" displayName="SPL UNCLASSIFIED SECTION" />
<title mediaType="text/x-hl7-title+xml">Use as a Local Anesthetic</title>
<text><paragraph>Because of the risk of local necrosis, this drug should not be used as a local anesthetic.</paragraph><paragraph><content styleCode="bold">Antihistamines are also contraindicated in the following conditions:</content> Hypersensitivity to diphenhydramine hydrochloride and other antihistamines of similar chemical structure.</paragraph></text>
<effectiveTime value="20060511" />
</section>
</component>
</section>
</component>
<component>
<section ID="Warnings">
<id root="9A2E593B-8CD3-1C56-D637-9B79B51EEB43" />
<code code="34071-1" codeSystem="2.16.840.1.113883.6.1" codeSystemName="LOINC" displayName="WARNINGS SECTION" />
<title mediaType="text/x-hl7-title+xml">WARNINGS</title>
<text><paragraph>Antihistamines should be used with considerable caution in patients with narrow-angle glaucoma, stenosing peptic ulcer, pyloroduodenal obstruction, symptomatic prostatic hypertrophy, or bladder-neck obstruction.</paragraph><paragraph>Local necrosis has been associated with the use of subcutaneous or intradermal use of intravenous Benadryl.</paragraph></text>
<effectiveTime value="20060511" />
<component>
<section>
<id root="68F63A46-3542-8295-3973-441986A36D34" />
<code code="34081-0" codeSystem="2.16.840.1.113883.6.1" codeSystemName="LOINC" displayName="PEDIATRIC USE  SECTION" />
<title mediaType="text/x-hl7-title+xml">Use in Pediatric Patients</title>
<text><paragraph>In pediatric patients, especially, antihistamines in <content styleCode="italics">overdosage</content> may cause hallucinations, convulsions, or death.</paragraph><paragraph>As in adults, antihistamines may diminish mental alertness in pediatric patients. In the young pediatric patient, particularly, they may produce excitation.</paragraph></text>
<effectiveTime value="20060511" />
</section>
</component>
<component>
<section>
<id root="ED560F4A-6958-BAB1-2ECC-72469FF4C7E9" />
<code code="42229-5" codeSystem="2.16.840.1.113883.6.1" codeSystemName="LOINC" displayName="SPL UNCLASSIFIED SECTION" />
<title mediaType="text/x-hl7-title+xml">Use in the Elderly (approximately 60 years or older)</title>
<text><paragraph>Antihistamines are more likely to cause dizziness, sedation, and hypotension in elderly patients.</paragraph></text>
<effectiveTime value="20060511" />
</section>
</component>
</section>
</component>
<component>
<section>
<id root="F067A438-5CEE-6EBD-A9DD-5C7B96DDFFCE" />
<code code="42232-9" codeSystem="2.16.840.1.113883.6.1" codeSystemName="LOINC" displayName="PRECAUTIONS SECTION" />
<title mediaType="text/x-hl7-title+xml">PRECAUTIONS</title>
<text><paragraph /></text>
<effectiveTime value="20060511" />
<component>
<section>
<id root="7BDBCA6A-6AF9-6DE1-E586-4EB7CEE9599C" />
<code code="34072-9" codeSystem="2.16.840.1.113883.6.1" codeSystemName="LOINC" displayName="GENERAL PRECAUTIONS SECTION" />
<title mediaType="text/x-hl7-title+xml">General</title>
<text><paragraph>Diphenhydramine hydrochloride has an atropine-like action and, therefore, should be used with caution in patients with a history of bronchial asthma, increased intraocular pressure, hyperthyroidism, cardiovascular disease or hypertension. Use with caution in patients with lower respiratory disease including asthma.</paragraph></text>
<effectiveTime value="20060511" />
</section>
</component>
<component>
<section>
<id root="AEBCFCEA-DB11-1FFE-4F86-C2580B8D9421" />
<code code="34076-0" codeSystem="2.16.840.1.113883.6.1" codeSystemName="LOINC" displayName="INFORMATION FOR PATIENTS SECTION" />
<title mediaType="text/x-hl7-title+xml">Information for Patients</title>
<text><paragraph>Patients taking diphenhydramine hydrochloride should be advised that this drug may cause drowsiness and has an additive effect with alcohol.</paragraph><paragraph>Patients should be warned about engaging in activities requiring mental alertness such as driving a car or operating appliances, machinery, etc.</paragraph></text>
<effectiveTime value="20060511" />
</section>
</component>
<component>
<section>
<id root="0405EFED-2E4E-0348-E228-9AB68809E31C" />
<code code="34073-7" codeSystem="2.16.840.1.113883.6.1" codeSystemName="LOINC" displayName="DRUG INTERACTIONS SECTION" />
<title mediaType="text/x-hl7-title+xml">Drug Interactions</title>
<text><paragraph>Diphenhydramine hydrochloride has additive effects with alcohol and other CNS depressants (hypnotics, sedatives, tranquilizers, etc).</paragraph><paragraph>MAO inhibitors prolong and intensify the anticholinergic (drying) effects of antihistamines.</paragraph></text>
<effectiveTime value="20060511" />
</section>
</component>
<component>
<section>
<id root="4764DAE3-7794-FEE0-79CE-D7BDF6B615AC" />
<code code="34083-6" codeSystem="2.16.840.1.113883.6.1" codeSystemName="LOINC" displayName="CARCINOGENESIS &amp; MUTAGENESIS &amp; IMPAIRMENT OF FERTILITY SECTION" />
<title mediaType="text/x-hl7-title+xml">Carcinogenesis, Mutagenesis, Impairment of Fertility</title>
<text><paragraph>Long-term studies in animals to determine mutagenic and carcinogenic potential have not been performed.</paragraph></text>
<effectiveTime value="20060511" />
</section>
</component>
<component>
<section>
<id root="2A898275-FF9C-F804-82FC-235AB54A3CDE" />
<code code="42228-7" codeSystem="2.16.840.1.113883.6.1" codeSystemName="LOINC" displayName="PREGNANCY" />
<title mediaType="text/x-hl7-title+xml">Pregnancy</title>
<text><paragraph /></text>
<effectiveTime value="20060511" />
<component>
<section>
<id root="E1BC4D29-A33D-900E-0789-B5796023E390" />
<code code="42229-5" codeSystem="2.16.840.1.113883.6.1" codeSystemName="LOINC" displayName="SPL UNCLASSIFIED SECTION" />
<title mediaType="text/x-hl7-title+xml">Pregnancy Category B</title>
<text><paragraph>Reproduction studies have been performed in rats and rabbits at doses up to 5 times the human dose and have revealed no evidence of impaired fertility or harm to the fetus due to diphenhydramine hydrochloride. There are, however, no adequate and well-controlled studies in pregnant women. Because animal reproduction studies are not always predictive of human response, this drug should be used during pregnancy only if clearly needed.</paragraph></text>
<effectiveTime value="20060511" />
</section>
</component>
</section>
</component>
<component>
<section>
<id root="5C5A98D7-DBD0-2982-A0D8-0778B0A04466" />
<code code="34081-0" codeSystem="2.16.840.1.113883.6.1" codeSystemName="LOINC" displayName="PEDIATRIC USE SECTION" />
<title mediaType="text/x-hl7-title+xml">Pediatric Use</title>
<text><paragraph>Benadryl should not be used in neonates and premature infants (see <linkHtml href="#Contraindications">CONTRAINDICATIONS</linkHtml>).</paragraph><paragraph>Benadryl may diminish mental alertness, or, in the young pediatric patient, cause excitation.  Overdosage may cause hallucinations, convulsions, or death (see <linkHtml href="#Warnings">WARNINGS</linkHtml> and <linkHtml href="#Overdosage">OVERDOSAGE</linkHtml>).</paragraph><paragraph>See also <linkHtml href="#Dosage_Administration">DOSAGE AND ADMINISTRATION</linkHtml> section.</paragraph></text>
<effectiveTime value="20060511" />
</section>
</component>
</section>
</component>
<component>
<section>
<id root="06DAC0D4-C208-1A71-A1CD-88AFE0B3AC7F" />
<code code="34084-4" codeSystem="2.16.840.1.113883.6.1" codeSystemName="LOINC" displayName="ADVERSE REACTIONS SECTION" />
<title mediaType="text/x-hl7-title+xml">ADVERSE REACTIONS</title>
<text><paragraph><content styleCode="bold">The most frequent adverse reactions are underscored.</content></paragraph><list listType="ordered"><item><content styleCode="italics">General</content>: Urticaria, drug rash, anaphylactic shock, photosensitivity, excessive perspiration, chills, dryness of mouth, nose, and throat</item><item><content styleCode="italics">Cardiovascular System</content>: Hypotension, headache, palpitations, tachycardia, extrasystoles</item><item><content styleCode="italics">Hematologic System</content>: Hemolytic anemia, thrombocytopenia, agranulocytosis</item><item><content styleCode="italics">Nervous System</content>: <content styleCode="underline">Sedation</content>, <content styleCode="underline">sleepiness</content>, <content styleCode="underline">dizziness</content>, <content styleCode="underline">disturbed coordination</content>, fatigue, confusion, restlessness, excitation, nervousness, tremor, irritability, insomnia, euphoria, paresthesia, blurred vision, diplopia, vertigo, tinnitus, acute labyrinthitis, neuritis, convulsions</item><item><content styleCode="italics">Gl System</content>: <content styleCode="underline">Epigastric distress</content>, anorexia, nausea, vomiting, diarrhea, constipation</item><item><content styleCode="italics">GU System</content>: Urinary frequency, difficult urination, urinary retention, early menses</item><item><content styleCode="italics">Respiratory System</content>: <content styleCode="underline">Thickening of bronchial secretions</content>, tightness of chest or throat and wheezing, nasal stuffiness</item></list></text>
<effectiveTime value="20060511" />
</section>
</component>
<component>
<section ID="Overdosage">
<id root="E1534692-BF72-F51C-2F35-35DCD7E0B11D" />
<code code="34088-5" codeSystem="2.16.840.1.113883.6.1" codeSystemName="LOINC" displayName="OVERDOSAGE SECTION" />
<title mediaType="text/x-hl7-title+xml">OVERDOSAGE</title>
<text><paragraph>Antihistamine overdosage reactions may vary from central nervous system depression to stimulation. Stimulation is particularly likely in pediatric patients. Atropine-like signs and symptoms; dry mouth; fixed, dilated pupils; flushing; and gastrointestinal symptoms may also occur.</paragraph><paragraph><content styleCode="italics">Stimulants</content> should not be used.</paragraph><paragraph>Vasopressors may be used to treat hypotension.</paragraph></text>
<effectiveTime value="20060511" />
</section>
</component>
<component>
<section ID="Dosage_Administration">
<id root="67FEFCA3-0223-F708-0F55-61D1D489DF73" />
<code code="34068-7" codeSystem="2.16.840.1.113883.6.1" codeSystemName="LOINC" displayName="DOSAGE &amp; ADMINISTRATION SECTION" />
<title mediaType="text/x-hl7-title+xml">DOSAGE AND ADMINISTRATION</title>
<text><paragraph>THIS PRODUCT IS FOR INTRAVENOUS OR INTRAMUSCULAR ADMINISTRATION ONLY.</paragraph><paragraph>Benadryl in the injectable form is indicated when the oral form is impractical. </paragraph><paragraph>Parenteral drug products should be inspected visually for particulate matter and discoloration prior to administration, whenever solution and container permit.</paragraph><paragraph>DOSAGE SHOULD BE INDIVIDUALIZED ACCORDING TO THE NEEDS AND THE RESPONSE OF THE PATIENT.</paragraph></text>
<effectiveTime value="20060511" />
<component>
<section>
<id root="53B056F2-BD90-1461-0992-2FFBDAB56E2D" />
<code code="42229-5" codeSystem="2.16.840.1.113883.6.1" codeSystemName="LOINC" displayName="SPL UNCLASSIFIED SECTION" />
<title mediaType="text/x-hl7-title+xml">Pediatric Patients, other than premature infants and neonates</title>
<text><paragraph>5 mg/kg/24 hr or 150 mg/m<sup>2</sup>/24 hr. Maximum daily dosage is 300 mg. Divide into four doses, administered intravenously at a rate generally not exceeding 25 mg/min, or deep intramuscularly.</paragraph></text>
<effectiveTime value="20060511" />
</section>
</component>
<component>
<section>
<id root="F30CDB47-A0D4-2A33-B4A8-A5B2B2F67BF9" />
<code code="42229-5" codeSystem="2.16.840.1.113883.6.1" codeSystemName="LOINC" displayName="SPL UNCLASSIFIED SECTION" />
<title mediaType="text/x-hl7-title+xml">Adults</title>
<text><paragraph>10 to 50 mg intravenously at a rate generally not exceeding 25 mg/min, or deep intramuscularly, 100 mg if required; maximum daily dosage is 400 mg.</paragraph></text>
<effectiveTime value="20060511" />
</section>
</component>
</section>
</component>
<component>
<section>
<id root="30AB1833-72C2-98EA-6099-A01427AAA6B2" />
<code code="34069-5" codeSystem="2.16.840.1.113883.6.1" codeSystemName="LOINC" displayName="HOW SUPPLIED SECTION" />
<title mediaType="text/x-hl7-title+xml">HOW SUPPLIED</title>
<text><paragraph><content styleCode="bold">Benadryl in parenteral form is supplied as:</content></paragraph><paragraph><content styleCode="bold">Benadryl Steri-Vials&#174;</content><br />&#8212;sterile, pyrogen-free solution containing 50 mg diphenhydramine hydrochloride in each milliliter of solution with 0.1 mg/mL benzethonium chloride as a germicidal agent. Available in 10-mL (N 0071-4402-10) Steri-Vials.</paragraph><paragraph>&#8212;sterile, pyrogen-free solution containing 50 mg diphenhydramine hydrochloride in each milliliter of solution. Available in packages of twenty-five 1-mL (N 0071-4259-13) Steri-Vials.</paragraph><paragraph><content styleCode="bold">Benadryl Steri-Dose &#174;</content><br />&#8212;sterile, pyrogen-free solution containing 50 mg diphenhydramine hydrochloride in a 1-mL disposable syringe (Steri-Dose). Available in packages of ten syringes (N 0071-4259-45).</paragraph><paragraph><content styleCode="bold">Benadryl Ampoule</content><br />&#8212;sterile, pyrogen-free solution containing 50 mg diphenhydramine hydrochloride in a 1-mL ampoule. Available in packages of ten (N 0071-4259-03).</paragraph><paragraph><content styleCode="bold">Store at controlled room temperature 15&#176;&#8211;30&#176;C (59&#176;&#8211;86&#176;F). Protect from freezing and light.</content></paragraph></text>
<effectiveTime value="20060511" />
</section>
</component>
<component>
<section>
<id root="DAE63F10-5511-1824-EE76-E27EE5F98839" />
<code code="42229-5" codeSystem="2.16.840.1.113883.6.1" codeSystemName="LOINC" displayName="SPL UNCLASSIFIED SECTION" />
<title mediaType="text/x-hl7-title+xml" />
<text><paragraph><content styleCode="bold">Rx only</content></paragraph><paragraph>Manufactured by:<br /><content styleCode="bold">Parkedale Pharmaceuticals, Inc.</content><br />Rochester, MI 48307</paragraph><paragraph><renderMultiMedia referencedObject="MM2" /></paragraph><paragraph>LAB-0064-3.0</paragraph></text>
<effectiveTime value="20060511" />
<component>
<observationMedia ID="MM2">
<value mediaType="image/jpeg" xsi:type="ED"><reference value="benadryl-image02.jpg" /></value>
</observationMedia>
</component>
</section>
</component>
</structuredBody>
</component>
</document>
