<?xml version="1.0" encoding="utf-8"?>
<?xml-stylesheet href="http://www.fda.gov/oc/datacouncil/stylesheets/spl/spl.xsl" type="text/xsl"?>
<document xmlns:voc="http://www.hl7.org/v3/voc" xmlns="urn:hl7-org:v3" xmlns:xsi="http://www.w3.org/2001/XMLSchema-instance" xsi:schemaLocation="urn:hl7-org:v3 http://www.fda.gov/oc/datacouncil/schemas/spl/spl.xsd">
	<id root="6B205ECC-FFAB-082E-1844-DE73842D41AE"/>
	<code code="34391-3" codeSystem="2.16.840.1.113883.6.1" codeSystemName="LOINC" displayName="Human prescription drug label"/>
	<title mediaType="text/x-hl7-title+xml">MEPERIDINE HYDROCHLORIDE Tablets USP<br/>MEPERIDINE HYDROCHLORIDE Oral Solution USP </title>
	<effectiveTime value="20060516"/>
	<setId root="9C4F12E5-5E69-44D4-81A5-BD72C375EEF5"/>
	<versionNumber value="1"/>
	<author>
  <time/>
  <assignedEntity>
   <representedOrganization>
    <name>Boehringer Ingelheim</name>
   </representedOrganization>
  </assignedEntity>
</author>
	<component>
		<structuredBody>
			<component>
				<section>
					<id root="EE2265B4-6BD8-F254-8958-8445B39B4F8D"/>
					<effectiveTime value="20060516"/>
					<subject>
						<manufacturedProduct>
							<manufacturedMedicine>
								<code code="0054-3545" codeSystem="2.16.840.1.113883.6.69"/>
								<name>Meperidine Hydrochloride</name>
								<formCode code="C42986" codeSystem="2.16.840.1.113883.3.26.1.1" displayName="SOLUTION"/>
								<activeIngredient>
									<quantity>
										<numerator unit="mg" value="50">
											<translation code="C28253" codeSystem="2.16.840.1.113883.3.26.1.1" displayName="MILLIGRAM" value="50"/>
										</numerator>
										<denominator unit="mL" value="5">
											<translation code="C28254" codeSystem="2.16.840.1.113883.3.26.1.1" displayName="MILLILITER" value="5"/>
										</denominator>
									</quantity>
									<activeIngredientSubstance>
										<code code="N8E7F7Q170" codeSystem="2.16.840.1.113883.4.9" codeSystemName="FDA SRS"/>
										<name>meperidine hydrochloride</name>
										<activeMoiety>
											<activeMoiety>
												<code code="9E338QE28F" codeSystem="2.16.840.1.113883.4.9" codeSystemName="FDA SRS"/>
												<name>meperidine</name>
											</activeMoiety>
										</activeMoiety>
									</activeIngredientSubstance>
								</activeIngredient>
								<asEntityWithGeneric>
									<genericMedicine>
										<name>Meperidine Hydrochloride</name>
									</genericMedicine>
								</asEntityWithGeneric>
								<inactiveIngredient>
									<inactiveIngredientSubstance>
										<code code="PDC6A3C0OX" codeSystem="2.16.840.1.113883.4.9" codeSystemName="FDA SRS"/>
										<name>glycerin</name>
									</inactiveIngredientSubstance>
								</inactiveIngredient>
								<inactiveIngredient>
									<inactiveIngredientSubstance>
										<code code="QTT17582CB" codeSystem="2.16.840.1.113883.4.9" codeSystemName="FDA SRS"/>
										<name>hydrochloric acid</name>
									</inactiveIngredientSubstance>
								</inactiveIngredient>
								<inactiveIngredient>
									<inactiveIngredientSubstance>
										<name>maltol</name>
									</inactiveIngredientSubstance>
								</inactiveIngredient>
								<inactiveIngredient>
									<inactiveIngredientSubstance>
										<code code="OJ245FE5EU" codeSystem="2.16.840.1.113883.4.9" codeSystemName="FDA SRS"/>
										<name>sodium benzoate</name>
									</inactiveIngredientSubstance>
								</inactiveIngredient>
								<inactiveIngredient>
									<inactiveIngredientSubstance>
										<name>sorbitol solution</name>
									</inactiveIngredientSubstance>
								</inactiveIngredient>
								<inactiveIngredient>
									<inactiveIngredientSubstance>
										<name>water</name>
									</inactiveIngredientSubstance>
								</inactiveIngredient>
								<asContent>
									<quantity>
										<numerator unit="mL" value="500">
											<translation code="C28254" codeSystem="2.16.840.1.113883.3.26.1.1" displayName="MILLILITER" value="500"/>
										</numerator>
										<denominator value="1">
											<translation value="1"/>
										</denominator>
									</quantity>
									<containerPackagedMedicine>
										<code code="0054-3545-63" codeSystem="2.16.840.1.113883.6.69"/>
										<formCode code="C43173" codeSystem="2.16.840.1.113883.3.26.1.1" displayName="BOTTLE, PLASTIC"/>
									</containerPackagedMedicine>
								</asContent>
							</manufacturedMedicine>
							<subjectOf>
								<policy classCode="DEADrugSchedule">
									<code code="C48675" codeSystem="2.16.840.1.112883.3.26.1.1" displayName="CII"/>
								</policy>
							</subjectOf>
							<consumedIn>
								<substanceAdministration>
									<routeCode code="C38288" codeSystem="2.16.840.1.113883.3.26.1.1" displayName="ORAL"/>
								</substanceAdministration>
							</consumedIn>
						</manufacturedProduct>
					</subject>
					<subject>
						<manufacturedProduct>
							<manufacturedMedicine>
								<code code="0054-8595" codeSystem="2.16.840.1.113883.6.69"/>
								<name>Meperidine Hydrochloride</name>
								<formCode code="C42998" codeSystem="2.16.840.1.113883.3.26.1.1" displayName="TABLET"/>
								<activeIngredient>
									<quantity>
										<numerator unit="mg" value="50">
											<translation code="C28253" codeSystem="2.16.840.1.113883.3.26.1.1" displayName="MILLIGRAM" value="50"/>
										</numerator>
										<denominator value="1">
											<translation code="C48542" codeSystem="2.16.840.1.113883.3.26.1.1" displayName="TABLET" value="1"/>
										</denominator>
									</quantity>
									<activeIngredientSubstance>
										<code code="N8E7F7Q170" codeSystem="2.16.840.1.113883.4.9" codeSystemName="FDA SRS"/>
										<name>meperidine hydrochloride</name>
										<activeMoiety>
											<activeMoiety>
												<code code="9E338QE28F" codeSystem="2.16.840.1.113883.4.9" codeSystemName="FDA SRS"/>
												<name>meperidine</name>
											</activeMoiety>
										</activeMoiety>
									</activeIngredientSubstance>
								</activeIngredient>
								<asEntityWithGeneric>
									<genericMedicine>
										<name>Meperidine Hydrochloride</name>
									</genericMedicine>
								</asEntityWithGeneric>
								<inactiveIngredient>
									<inactiveIngredientSubstance>
										<name>croscarmellose sodium</name>
									</inactiveIngredientSubstance>
								</inactiveIngredient>
								<inactiveIngredient>
									<inactiveIngredientSubstance>
										<name>lactose monohydrate</name>
									</inactiveIngredientSubstance>
								</inactiveIngredient>
								<inactiveIngredient>
									<inactiveIngredientSubstance>
										<code code="70097M6I30" codeSystem="2.16.840.1.113883.4.9" codeSystemName="FDA SRS"/>
										<name>magnesium stearate</name>
									</inactiveIngredientSubstance>
								</inactiveIngredient>
								<inactiveIngredient>
									<inactiveIngredientSubstance>
										<name>micro-crystalline cellulose</name>
									</inactiveIngredientSubstance>
								</inactiveIngredient>
								<inactiveIngredient>
									<inactiveIngredientSubstance>
										<name>povidone</name>
									</inactiveIngredientSubstance>
								</inactiveIngredient>
								<inactiveIngredient>
									<inactiveIngredientSubstance>
										<name>pregelatinized starch</name>
									</inactiveIngredientSubstance>
								</inactiveIngredient>
								<inactiveIngredient>
									<inactiveIngredientSubstance>
										<name>starch (corn)</name>
									</inactiveIngredientSubstance>
								</inactiveIngredient>
								<asContent>
									<quantity>
										<numerator value="25">
											<translation code="C48542" codeSystem="2.16.840.1.113883.3.26.1.1" displayName="TABLET" value="25"/>
										</numerator>
										<denominator value="1">
											<translation value="1"/>
										</denominator>
									</quantity>
									<containerPackagedMedicine>
										<code code="0054-8595-11" codeSystem="2.16.840.1.113883.6.69"/>
										<formCode code="C43168" codeSystem="2.16.840.1.113883.3.26.1.1" displayName="BLISTER PACK"/>
									</containerPackagedMedicine>
								</asContent>
								<asContent>
									<quantity>
										<numerator value="100">
											<translation code="C48542" codeSystem="2.16.840.1.113883.3.26.1.1" displayName="TABLET" value="100"/>
										</numerator>
										<denominator value="1">
											<translation value="1"/>
										</denominator>
									</quantity>
									<containerPackagedMedicine>
										<code code="0054-4595-25" codeSystem="2.16.840.1.113883.6.69"/>
										<formCode code="C43173" codeSystem="2.16.840.1.113883.3.26.1.1" displayName="BOTTLE, PLASTIC"/>
									</containerPackagedMedicine>
								</asContent>
							</manufacturedMedicine>
							<subjectOf>
								<policy classCode="DEADrugSchedule">
									<code code="C48675" codeSystem="2.16.840.1.112883.3.26.1.1" displayName="CII"/>
								</policy>
							</subjectOf>
							<subjectOf>
								<characteristic classCode="OBS">
									<code code="SPLCOLOR" codeSystem="2.16.840.1.113883.1.11.19255"/>
									<value code="C48325" codeSystem="2.16.840.1.113883.3.26.1.1" displayName="WHITE" xsi:type="CE">
										<originalText>WHITE</originalText>
									</value>
								</characteristic>
							</subjectOf>
							<subjectOf>
								<characteristic classCode="OBS">
									<code code="SPLSHAPE" codeSystem="2.16.840.1.113883.1.11.19255"/>
									<value code="C48348" codeSystem="2.16.840.1.113883.3.26.1.1" displayName="ROUND" xsi:type="CE">
										<originalText>ROUND</originalText>
									</value>
								</characteristic>
							</subjectOf>
							<subjectOf>
								<characteristic classCode="OBS">
									<code code="SPLSIZE" codeSystem="2.16.840.1.113883.1.11.19255"/>
									<value unit="mm" value="7" xsi:type="PQ"/>
								</characteristic>
							</subjectOf>
							<subjectOf>
								<characteristic classCode="OBS">
									<code code="SPLCOATING" codeSystem="2.16.840.1.113883.1.11.19255"/>
									<value value="false" xsi:type="BL"/>
								</characteristic>
							</subjectOf>
							<subjectOf>
								<characteristic classCode="OBS">
									<code code="SPLSCORE" codeSystem="2.16.840.1.113883.1.11.19255"/>
									<value value="2" xsi:type="INT"/>
								</characteristic>
							</subjectOf>
							<subjectOf>
								<characteristic classCode="OBS">
									<code code="SPLSYMBOL" codeSystem="2.16.840.1.113883.1.11.19255"/>
									<value value="false" xsi:type="BL"/>
								</characteristic>
							</subjectOf>
							<subjectOf>
								<characteristic classCode="OBS">
									<code code="SPLIMPRINT" codeSystem="2.16.840.1.113883.1.11.19255"/>
									<value xsi:type="ST">54;879</value>
								</characteristic>
							</subjectOf>
							<consumedIn>
								<substanceAdministration>
									<routeCode code="C38288" codeSystem="2.16.840.1.113883.3.26.1.1" displayName="ORAL"/>
								</substanceAdministration>
							</consumedIn>
						</manufacturedProduct>
					</subject>
					<subject>
						<manufacturedProduct>
							<manufacturedMedicine>
								<code code="0054-8596" codeSystem="2.16.840.1.113883.6.69"/>
								<name>Meperidine Hydrochloride</name>
								<formCode code="C42998" codeSystem="2.16.840.1.113883.3.26.1.1" displayName="TABLET"/>
								<activeIngredient>
									<quantity>
										<numerator unit="mg" value="100">
											<translation code="C28253" codeSystem="2.16.840.1.113883.3.26.1.1" displayName="MILLIGRAM" value="100"/>
										</numerator>
										<denominator value="1">
											<translation code="C48542" codeSystem="2.16.840.1.113883.3.26.1.1" displayName="TABLET" value="1"/>
										</denominator>
									</quantity>
									<activeIngredientSubstance>
										<code code="N8E7F7Q170" codeSystem="2.16.840.1.113883.4.9" codeSystemName="FDA SRS"/>
										<name>meperidine hydrochloride</name>
										<activeMoiety>
											<activeMoiety>
												<code code="9E338QE28F" codeSystem="2.16.840.1.113883.4.9" codeSystemName="FDA SRS"/>
												<name>meperidine</name>
											</activeMoiety>
										</activeMoiety>
									</activeIngredientSubstance>
								</activeIngredient>
								<asEntityWithGeneric>
									<genericMedicine>
										<name>Meperidine Hydrochloride</name>
									</genericMedicine>
								</asEntityWithGeneric>
								<inactiveIngredient>
									<inactiveIngredientSubstance>
										<name>croscarmellose sodium</name>
									</inactiveIngredientSubstance>
								</inactiveIngredient>
								<inactiveIngredient>
									<inactiveIngredientSubstance>
										<name>lactose monohydrate</name>
									</inactiveIngredientSubstance>
								</inactiveIngredient>
								<inactiveIngredient>
									<inactiveIngredientSubstance>
										<code code="70097M6I30" codeSystem="2.16.840.1.113883.4.9" codeSystemName="FDA SRS"/>
										<name>magnesium stearate</name>
									</inactiveIngredientSubstance>
								</inactiveIngredient>
								<inactiveIngredient>
									<inactiveIngredientSubstance>
										<name>micro-crystalline cellulose</name>
									</inactiveIngredientSubstance>
								</inactiveIngredient>
								<inactiveIngredient>
									<inactiveIngredientSubstance>
										<name>povidone</name>
									</inactiveIngredientSubstance>
								</inactiveIngredient>
								<inactiveIngredient>
									<inactiveIngredientSubstance>
										<name>pregelatinized starch</name>
									</inactiveIngredientSubstance>
								</inactiveIngredient>
								<inactiveIngredient>
									<inactiveIngredientSubstance>
										<name>starch (corn)</name>
									</inactiveIngredientSubstance>
								</inactiveIngredient>
								<asContent>
									<quantity>
										<numerator value="25">
											<translation code="C48542" codeSystem="2.16.840.1.113883.3.26.1.1" displayName="TABLET" value="25"/>
										</numerator>
										<denominator value="1">
											<translation value="1"/>
										</denominator>
									</quantity>
									<containerPackagedMedicine>
										<code code="0054-8596-11" codeSystem="2.16.840.1.113883.6.69"/>
										<formCode code="C43168" codeSystem="2.16.840.1.113883.3.26.1.1" displayName="BLISTER PACK"/>
									</containerPackagedMedicine>
								</asContent>
								<asContent>
									<quantity>
										<numerator value="100">
											<translation code="C48542" codeSystem="2.16.840.1.113883.3.26.1.1" displayName="TABLET" value="100"/>
										</numerator>
										<denominator value="1">
											<translation value="1"/>
										</denominator>
									</quantity>
									<containerPackagedMedicine>
										<code code="0054-4596-25" codeSystem="2.16.840.1.113883.6.69"/>
										<formCode code="C43173" codeSystem="2.16.840.1.113883.3.26.1.1" displayName="BOTTLE, PLASTIC"/>
									</containerPackagedMedicine>
								</asContent>
							</manufacturedMedicine>
							<subjectOf>
								<policy classCode="DEADrugSchedule">
									<code code="C48675" codeSystem="2.16.840.1.112883.3.26.1.1" displayName="CII"/>
								</policy>
							</subjectOf>
							<subjectOf>
								<characteristic classCode="OBS">
									<code code="SPLCOLOR" codeSystem="2.16.840.1.113883.1.11.19255"/>
									<value code="C48325" codeSystem="2.16.840.1.113883.3.26.1.1" displayName="WHITE" xsi:type="CE">
										<originalText>WHITE</originalText>
									</value>
								</characteristic>
							</subjectOf>
							<subjectOf>
								<characteristic classCode="OBS">
									<code code="SPLSHAPE" codeSystem="2.16.840.1.113883.1.11.19255"/>
									<value code="C48348" codeSystem="2.16.840.1.113883.3.26.1.1" displayName="ROUND" xsi:type="CE">
										<originalText>ROUND</originalText>
									</value>
								</characteristic>
							</subjectOf>
							<subjectOf>
								<characteristic classCode="OBS">
									<code code="SPLSIZE" codeSystem="2.16.840.1.113883.1.11.19255"/>
									<value unit="mm" value="9" xsi:type="PQ"/>
								</characteristic>
							</subjectOf>
							<subjectOf>
								<characteristic classCode="OBS">
									<code code="SPLCOATING" codeSystem="2.16.840.1.113883.1.11.19255"/>
									<value value="false" xsi:type="BL"/>
								</characteristic>
							</subjectOf>
							<subjectOf>
								<characteristic classCode="OBS">
									<code code="SPLSCORE" codeSystem="2.16.840.1.113883.1.11.19255"/>
									<value value="2" xsi:type="INT"/>
								</characteristic>
							</subjectOf>
							<subjectOf>
								<characteristic classCode="OBS">
									<code code="SPLSYMBOL" codeSystem="2.16.840.1.113883.1.11.19255"/>
									<value value="false" xsi:type="BL"/>
								</characteristic>
							</subjectOf>
							<subjectOf>
								<characteristic classCode="OBS">
									<code code="SPLIMPRINT" codeSystem="2.16.840.1.113883.1.11.19255"/>
									<value xsi:type="ST">54;163</value>
								</characteristic>
							</subjectOf>
							<consumedIn>
								<substanceAdministration>
									<routeCode code="C38288" codeSystem="2.16.840.1.113883.3.26.1.1" displayName="ORAL"/>
								</substanceAdministration>
							</consumedIn>
						</manufacturedProduct>
					</subject>
				</section>
			</component>
			<component>
				<section ID="i4i_section_ID_20C90BBF-7366-47F0-900C-A69C7219B006">
					<id root="7FD1C20C-4A8C-3A3F-1CF2-AC44AAE10169"/>
					<code code="42229-5" codeSystem="2.16.840.1.113883.6.1" codeSystemName="LOINC" displayName="SPL Unclassified section"/>
					<text>
						<paragraph>
							<content styleCode="bold">Rx only</content>
						</paragraph>
					</text>
					<effectiveTime value="20060516"/>
				</section>
			</component>
			<component>
				<section ID="i4i_description_ID_00075F7B-8ED2-4DD0-9DB5-4FA4F5AEF5D8">
					<id root="656A9307-009D-5367-8BA9-28E52D985D54"/>
					<code code="34089-3" codeSystem="2.16.840.1.113883.6.1" codeSystemName="LOINC" displayName="Description section"/>
					<title mediaType="text/x-hl7-title+xml">DESCRIPTION</title>
					<text>
						<paragraph>Each tablet for oral administration contains:</paragraph>
						<paragraph>Meperidine Hydrochloride . . . . . . . . . . . . . . . . . . . . . . . . .   50 mg, 100 mg</paragraph>
						<paragraph>Each 5 mL of oral solution for oral administration contains:</paragraph>
						<paragraph>Meperidine Hydrochloride . . . . . . . . . . . . . . . . . . . . . . . . .   50 mg</paragraph>
					</text>
					<effectiveTime value="20060516"/>
					<component>
						<section ID="i4i_section_ID_99EB12C0-71CF-40A6-B815-7709DFB0742A">
							<id root="C82A4338-280E-6022-8C08-942875C92D6A"/>
							<code code="42229-5" codeSystem="2.16.840.1.113883.6.1" codeSystemName="LOINC" displayName="SPL Unclassified section"/>
							<title mediaType="text/x-hl7-title+xml">Inactive ingredients</title>
							<text>
								<paragraph>The oral solution contains glycerin, hydrochloric acid, maltol, sodium benzoate, sorbitol solution, and water.</paragraph>
								<paragraph>The tablets contain starch (corn), lactose monohydrate, povidone, microcrystalline cellulose, pregelatinized starch, croscarmellose sodium, and magnesium stearate. </paragraph>
								<paragraph>Chemically meperidine hydrochloride is 1-Methyl-4-phenyl-4-piperidinecarboxylic acid, ethyl ester, hydrochloride, a white crystalline substance with a melting point of 186&#176;C to 189&#176;C. It is readily soluble in water and has a neutral reaction and a slightly bitter taste. The solution is not decomposed by a short period of boiling. Meperidine hydrochloride may be represented by the following structural formula:</paragraph>
								<renderMultiMedia referencedObject="ID_41B083CB-5E18-4C59-82CE-9DB3567CEF49">
									<caption ID="ID_F926AAA9-EDA0-45E7-88CF-93FDA22CF3FB">C<sub>15</sub>H<sub>21</sub>NO<sub>2</sub>&#8226; HCl           M.W. 283.80</caption>
								</renderMultiMedia>
							</text>
							<effectiveTime value="20060516"/>
						</section>
					</component>
					<component>
						<observationMedia ID="ID_41B083CB-5E18-4C59-82CE-9DB3567CEF49">
							<value mediaType="image/jpeg" xsi:type="ED">
								<reference value="meperidine_hydrochloride_tablets_usp-01.jpg"/>
							</value>
						</observationMedia>
					</component>
				</section>
			</component>
			<component>
				<section ID="i4i_clinical_pharmacology_ID_51120B05-8376-48DB-A1FC-24C7C7120ABE">
					<id root="DD22BF8A-64BB-7CD9-E054-F37FA60374CE"/>
					<code code="34090-1" codeSystem="2.16.840.1.113883.6.1" codeSystemName="LOINC" displayName="Clinical Pharmacology section"/>
					<title mediaType="text/x-hl7-title+xml">CLINICAL PHARMACOLOGY</title>
					<text>
						<paragraph>Meperidine hydrochloride is a narcotic analgesic with multiple actions qualitatively similar to those of morphine; the most prominent of these involve the central nervous system and organs composed of smooth muscle. The principal actions of therapeutic value are analgesia and sedation.</paragraph>
						<paragraph>There is some evidence which suggests that meperidine may produce less smooth muscle spasm, constipation, and depression of the cough reflex than equianalgesic doses of morphine. Meperidine, in 60 to 80 mg parenteral doses, is approximately equivalent in analgesic effect to 10 mg of morphine. The onset of action is slightly more rapid than with morphine, and the duration of action is slightly shorter. Meperidine is significantly less effective by the oral than by the parenteral route, but the exact ratio of oral to parenteral effectiveness is unknown.</paragraph>
					</text>
					<effectiveTime value="20060516"/>
				</section>
			</component>
			<component>
				<section ID="i4i_indications_ID_B5348946-6FF1-4FA7-A790-138B718186B6">
					<id root="F55BF31E-8EC3-0BBB-3447-302C9EFB0D99"/>
					<code code="34067-9" codeSystem="2.16.840.1.113883.6.1" codeSystemName="LOINC" displayName="Indications section"/>
					<title mediaType="text/x-hl7-title+xml">INDICATIONS AND USAGE</title>
					<text>
						<paragraph>Meperidine is indicated for the relief of moderate to severe pain.</paragraph>
					</text>
					<effectiveTime value="20060516"/>
				</section>
			</component>
			<component>
				<section ID="i4i_contraindications_ID_F8E22D3E-40A9-4C99-B6F5-3A55E5FF6D17">
					<id root="6ABE2A38-83CA-45BD-9ED6-84EB5A313C58"/>
					<code code="34070-3" codeSystem="2.16.840.1.113883.6.1" codeSystemName="LOINC" displayName="Contraindications section"/>
					<title mediaType="text/x-hl7-title+xml">CONTRAINDICATIONS</title>
					<text>
						<paragraph>Meperidine is contraindicated in patients with hypersensitivity to meperidine. </paragraph>
						<paragraph>Meperidine is contraindicated in patients who are receiving monoamine oxidase (MAO) inhibitors or those who have recently received such agents. Therapeutic doses of meperidine have occasionally precipitated unpredictable, severe, and occasionally fatal reactions in patients who have received such agents within 14 days. The mechanism of these reactions is unclear, but may be related to a preexisting hyperphenylalaninemia. Some have been characterized by coma, severe respiratory depression, cyanosis, and hypotension, and have resembled the syndrome of acute narcotic overdose. In other reactions the predominant manifestations have been hyperexcitability, convulsions, tachycardia, hyperpyrexia, and hypertension. Although it is not known that other narcotics are free of the risk of such reactions, virtually all of the reported reactions have occurred with meperidine. If a narcotic is needed in such patients, a sensitivity test should be performed in which repeated, small, incremental doses of morphine are administered over the course of several hours while the patient&#8217;s condition and vital signs are under careful observation. (Intravenous hydrocortisone or prednisolone have been used to treat severe reactions, with the addition of intravenous chlorpromazine in those cases exhibiting hypertension and hyperpyrexia. The usefulness and safety of narcotic antagonists in the treatment of these reactions is unknown.)</paragraph>
					</text>
					<effectiveTime value="20060516"/>
				</section>
			</component>
			<component>
				<section ID="i4i_warnings_ID_FE9F36CF-2C53-42EC-A274-2C7CA1D8ED8F">
					<id root="29872FAD-C1E9-6587-3740-4F999CBB9074"/>
					<code code="34071-1" codeSystem="2.16.840.1.113883.6.1" codeSystemName="LOINC" displayName="Warnings section"/>
					<title mediaType="text/x-hl7-title+xml">WARNINGS</title>
					<text>
						<paragraph>
							<content styleCode="bold">Meperidine is an opioid agonist and a Schedule II controlled substance with an abuse liability similar to morphine</content>.</paragraph>
						<paragraph>Meperidine can be abused in a manner similar to other opioid agonists, legal or illicit. This should be considered when prescribing or dispensing meperidine in situations where the physician or pharmacist is concerned about an increased risk of misuse, abuse, or diversion.</paragraph>
					</text>
					<effectiveTime value="20060516"/>
					<component>
						<section ID="i4i_section_ID_719BAEC1-4D9E-4880-975C-9F3C6FA6A1A4">
							<id root="8841C896-21BC-DB3F-AF71-76B8EE183C06"/>
							<code code="42229-5" codeSystem="2.16.840.1.113883.6.1" codeSystemName="LOINC" displayName="SPL Unclassified section"/>
							<title mediaType="text/x-hl7-title+xml">Misuse, Abuse, and Diversion of Opioids</title>
							<text>
								<paragraph>Meperidine is an opioid agonist of the morphine-type. Such drugs are sought by drug abusers and people with addiction disorders and are subject to criminal diversion.</paragraph>
								<paragraph>Meperidine can be abused in a manner similar to other opioid agonists, legal or illicit. This should be considered when prescribing or dispensing meperidine in situations where the physician or pharmacist is concerned about an increased risk of misuse, abuse, or diversion.</paragraph>
								<paragraph>Meperidine has been reported as being abused by crushing, chewing, snorting, or injecting the dissolved product. These practices will result in the uncontrolled delivery of the opioid and pose a significant risk to the abuser that could result in overdose or death (see <linkHtml href="#i4i_warnings_ID_FE9F36CF-2C53-42EC-A274-2C7CA1D8ED8F">WARNINGS</linkHtml> and <linkHtml href="#i4i_abuse_dependence_ID_48109D8B-8C18-454E-B916-309CEF9325BE">DRUG ABUSE AND DEPENDENCE</linkHtml>).</paragraph>
								<paragraph>Concerns about abuse, addiction, and diversion should not prevent the proper management of pain.</paragraph>
								<paragraph>Healthcare professionals should contact their State Professional Licensing Board or State Controlled Substances Authority for information on how to prevent and detect abuse or diversion of this product.</paragraph>
							</text>
							<effectiveTime value="20060516"/>
						</section>
					</component>
					<component>
						<section ID="i4i_section_ID_BF23FD5D-4E03-482B-AD62-56461FB25373">
							<id root="D8F4258F-F5A9-C2DB-6AF9-632626D49994"/>
							<code code="42229-5" codeSystem="2.16.840.1.113883.6.1" codeSystemName="LOINC" displayName="SPL Unclassified section"/>
							<title mediaType="text/x-hl7-title+xml">Interactions with Alcohol and Drugs of Abuse</title>
							<text>
								<paragraph>Meperidine may be expected to have additive effects when used in conjunction with alcohol, other opioids, or illicit drugs that cause central nervous system depression.</paragraph>
							</text>
							<effectiveTime value="20060516"/>
						</section>
					</component>
					<component>
						<section ID="i4i_section_ID_79272C0C-3F6C-45B2-BCBB-4C9607F8394B">
							<id root="E1B4EC1C-41F8-BC2C-E20A-572573C79B0D"/>
							<code code="42229-5" codeSystem="2.16.840.1.113883.6.1" codeSystemName="LOINC" displayName="SPL Unclassified section"/>
							<title mediaType="text/x-hl7-title+xml">Head Injury and Increased Intracranial Pressure</title>
							<text>
								<paragraph>The respiratory depressant effects of meperidine and its capacity to elevate cerebrospinal fluid pressure may be markedly exaggerated in the presence of head injury, other intracranial lesions, or a preexisting increase in intracranial pressure. Furthermore, narcotics produce adverse reactions which may obscure the clinical course of patients with head injuries. In such patients, meperidine must be used with extreme caution and only if its use is deemed essential.</paragraph>
							</text>
							<effectiveTime value="20060516"/>
						</section>
					</component>
					<component>
						<section ID="i4i_section_ID_85C50DD8-D331-472E-9862-2AB508AE4A5A">
							<id root="75BCD396-FF3D-CAC5-32F8-4534D2E0BEC6"/>
							<code code="42229-5" codeSystem="2.16.840.1.113883.6.1" codeSystemName="LOINC" displayName="SPL Unclassified section"/>
							<title mediaType="text/x-hl7-title+xml">Asthma and Other Respiratory Conditions</title>
							<text>
								<paragraph>Meperidine should be used with extreme caution in patients having an acute asthmatic attack, patients with chronic obstructive pulmonary disease or cor pulmonale, patients having a substantially decreased respiratory reserve, and patients with preexisting respiratory depression, hypoxia, or hypercapnia. In such patients, even usual therapeutic doses of narcotics may decrease respiratory drive while simultaneously increasing airway resistance to the point of apnea.</paragraph>
							</text>
							<effectiveTime value="20060516"/>
						</section>
					</component>
					<component>
						<section ID="i4i_section_ID_EE1964FC-3298-4599-9DDC-75975B54DE8F">
							<id root="C0C6B20C-09D5-193E-A424-CA8DE2E17D01"/>
							<code code="42229-5" codeSystem="2.16.840.1.113883.6.1" codeSystemName="LOINC" displayName="SPL Unclassified section"/>
							<title mediaType="text/x-hl7-title+xml">Hypotensive Effect</title>
							<text>
								<paragraph>The administration of meperidine may result in severe hypotension in the postoperative patient or any individual whose ability to maintain blood pressure has been compromised by a depleted blood volume or the administration of drugs such as the phenothiazines or certain anesthetics.</paragraph>
							</text>
							<effectiveTime value="20060516"/>
						</section>
					</component>
					<component>
						<section ID="i4i_section_ID_D30B03C4-CB19-419B-87EC-D7D1EFFA1BAE">
							<id root="3B7A570A-9BB0-B25E-EEB7-17F14F181F4E"/>
							<code code="42229-5" codeSystem="2.16.840.1.113883.6.1" codeSystemName="LOINC" displayName="SPL Unclassified section"/>
							<title mediaType="text/x-hl7-title+xml">Usage in Ambulatory Patients</title>
							<text>
								<paragraph>Meperidine may impair the mental and/or physical abilities required for the performance of potentially hazardous tasks such as driving a car or operating machinery. The patient should be cautioned accordingly.</paragraph>
								<paragraph>Meperidine, like other narcotics, may produce orthostatic hypotension in ambulatory patients.</paragraph>
							</text>
							<effectiveTime value="20060516"/>
						</section>
					</component>
					<component>
						<section ID="i4i_section_ID_7BAD75F6-CF4C-4A2E-8F83-859B63DA6AA1">
							<id root="B3C40A5F-2359-5908-F2D0-65F59E8DF4D9"/>
							<code code="42229-5" codeSystem="2.16.840.1.113883.6.1" codeSystemName="LOINC" displayName="SPL Unclassified section"/>
							<title mediaType="text/x-hl7-title+xml">Usage in Pregnancy</title>
							<text>
								<paragraph>Meperidine should not be used in pregnant women prior to the labor period, unless in the judgment of the physician the potential benefits outweigh the possible risks, because safe use in pregnancy prior to labor has not been established relative to possible adverse effects on fetal development.</paragraph>
							</text>
							<effectiveTime value="20060516"/>
						</section>
					</component>
					<component>
						<section ID="i4i_labour_delivery_ID_7477B632-93CB-41A0-92F7-F339AAB47917">
							<id root="5E671FCD-60A7-E426-B8CE-4DE3410BBF51"/>
							<code code="34079-4" codeSystem="2.16.840.1.113883.6.1" codeSystemName="LOINC" displayName="Labor and Delivery section"/>
							<title mediaType="text/x-hl7-title+xml">Labor and Delivery</title>
							<text>
								<paragraph>Meperidine crosses the placental barrier and can produce depression of respiration and psychophysiologic functions in the newborn. Resuscitation may be required (see <linkHtml href="#i4i_overdosage_ID_689C866E-090E-4858-9B49-E28ACEFDD896">OVERDOSAGE</linkHtml>).</paragraph>
							</text>
							<effectiveTime value="20060516"/>
						</section>
					</component>
					<component>
						<section ID="i4i_nursing_mothers_ID_D314F00C-05F2-4A5A-8A09-38ADFFA04CB2">
							<id root="98D65682-E6AB-9EA1-10E7-E2FCDA4B6FC3"/>
							<code code="34080-2" codeSystem="2.16.840.1.113883.6.1" codeSystemName="LOINC" displayName="Nursing Mothers section"/>
							<title mediaType="text/x-hl7-title+xml">Nursing Mothers</title>
							<text>
								<paragraph>Meperidine appears in the milk of nursing mother receiving the drug. Due to the potential for serious adverse reactions in nursing infants, a decision should be made whether to discontinue nursing or to discontinue the drug, taking into account the potential benefits of the drug to the nursing woman. </paragraph>
							</text>
							<effectiveTime value="20060516"/>
						</section>
					</component>
				</section>
			</component>
			<component>
				<section ID="i4i_precautions_ID_83CAA69B-3A92-492B-B59B-4DA41DBC3133">
					<id root="9473589D-C5C2-FBAF-DC55-41B6915E8F77"/>
					<code code="42232-9" codeSystem="2.16.840.1.113883.6.1" codeSystemName="LOINC" displayName="Precautions Section"/>
					<title mediaType="text/x-hl7-title+xml">PRECAUTIONS</title>
					<effectiveTime value="20060516"/>
					<component>
						<section ID="i4i_section_ID_E2CE281E-2B51-4D00-A065-7CC9CEF50AA5">
							<id root="8BD88063-B725-1F42-C2FF-B54997B7FB1F"/>
							<code code="42229-5" codeSystem="2.16.840.1.113883.6.1" codeSystemName="LOINC" displayName="SPL Unclassified section"/>
							<title mediaType="text/x-hl7-title+xml">General</title>
							<text>
								<paragraph>Opioid analgesics can have a narrow therapeutic index in certain patient populations, particularly when combined with CNS depressant drugs. The use of these products should be reserved for cases where the benefits of opioid analgesia outweigh the known risks of respiratory depression, altered mental state, and postural hypotension.</paragraph>
								<paragraph>Use of meperidine may be associated with increased potential risks and should be used with caution in the following conditions: sickle cell anemia, pheochromocytoma, acute alcoholism; adrenocortical insufficiency (e.g., Addison&#8217;s disease); CNS depression or coma; delirium tremens; debilitated patients; kyphoscoliosis associated with respiratory depression; myxedema or hypothyroidism; prostatic hypertrophy or urethral stricture; severe impairment of hepatic, pulmonary, or renal function; and toxic psychosis.</paragraph>
								<paragraph>The administration of meperidine may obscure the diagnosis or clinical course in patients with acute abdominal conditions. All opioids may induce or aggravate seizures in some clinical settings.</paragraph>
							</text>
							<effectiveTime value="20060516"/>
						</section>
					</component>
					<component>
						<section ID="i4i_section_ID_2F7748A9-427F-4677-A6DF-0DF141E67249">
							<id root="AA0D0161-6F8E-1855-AA18-41788DC87A33"/>
							<code code="42229-5" codeSystem="2.16.840.1.113883.6.1" codeSystemName="LOINC" displayName="SPL Unclassified section"/>
							<title mediaType="text/x-hl7-title+xml">Interactions with other CNS Depressants</title>
							<text>
								<paragraph>Meperidine should be used with caution and consideration should be given to starting with a reduced dosage in patients who are concurrently receiving other central nervous system depressants including sedatives or hypnotics, general anesthetics, phenothiazines, other tranquilizers, and alcohol. Drug-drug interactions may result in respiratory depression, hypotension, profound sedation, or coma if these drugs are taken in combination with the usual doses of meperidine.</paragraph>
							</text>
							<effectiveTime value="20060516"/>
						</section>
					</component>
					<component>
						<section ID="i4i_section_ID_EB799A46-FCEE-4CF6-B585-9CF31414D2D4">
							<id root="426FCAE4-17F6-10CC-18DE-0314447A416A"/>
							<code code="42229-5" codeSystem="2.16.840.1.113883.6.1" codeSystemName="LOINC" displayName="SPL Unclassified section"/>
							<title mediaType="text/x-hl7-title+xml">Interactions with Mixed Agonist/Antagonist Opioid Analgesics</title>
							<text>
								<paragraph>Agonist/antagonist analgesics (i.e., pentazocine, nalbuphine, butorphanol, and buprenorphine) should be administered with caution to a patient who has received or is receiving a course of therapy with a pure opioid agonist analgesic such as meperidine. In this situation, mixed agonist/antagonist analgesics may reduce the analgesic effect of meperidine and/or may precipitate withdrawal symptoms in these patients.</paragraph>
							</text>
							<effectiveTime value="20060516"/>
						</section>
					</component>
					<component>
						<section ID="i4i_section_ID_9DB5C981-2474-47B5-AB3F-7AB94AD0964C">
							<id root="C1D3774E-C903-45DD-1699-B1594A567D80"/>
							<code code="42229-5" codeSystem="2.16.840.1.113883.6.1" codeSystemName="LOINC" displayName="SPL Unclassified section"/>
							<title mediaType="text/x-hl7-title+xml">Supraventricular Tachycardias</title>
							<text>
								<paragraph>Meperidine should be used with caution in patients with atrial flutter and other supraventricular tachycardias because of a possible vagolytic action which may produce a significant increase in the ventricular response rate.</paragraph>
							</text>
							<effectiveTime value="20060516"/>
						</section>
					</component>
					<component>
						<section ID="i4i_section_ID_98ACC2BF-ECDB-4AC4-99D4-90F3AC9265B4">
							<id root="E0618C87-3DC3-D5C8-8A47-341466D0221D"/>
							<code code="42229-5" codeSystem="2.16.840.1.113883.6.1" codeSystemName="LOINC" displayName="SPL Unclassified section"/>
							<title mediaType="text/x-hl7-title+xml">Convulsions</title>
							<text>
								<paragraph>Meperidine may aggravate preexisting convulsions in patients with convulsive disorders. If dosage is escalated substantially above recommended levels because of tolerance development, convulsions may occur in individuals without a history of convulsive disorders.</paragraph>
							</text>
							<effectiveTime value="20060516"/>
						</section>
					</component>
					<component>
						<section ID="i4i_section_ID_382DED40-2018-486B-9771-BF5E51050436">
							<id root="F56B8885-CA92-FC91-9C83-52C3010F998E"/>
							<code code="42229-5" codeSystem="2.16.840.1.113883.6.1" codeSystemName="LOINC" displayName="SPL Unclassified section"/>
							<title mediaType="text/x-hl7-title+xml">Acute Abdominal Conditions</title>
							<text>
								<paragraph>The administration of meperidine or other narcotics may obscure the diagnosis or clinical course in patients with acute abdominal conditions.</paragraph>
							</text>
							<effectiveTime value="20060516"/>
						</section>
					</component>
					<component>
						<section ID="i4i_section_ID_DCEBD127-975F-404A-B854-47B9E9D1DC73">
							<id root="372A99C4-9831-31A1-1277-568AA27269D4"/>
							<code code="42229-5" codeSystem="2.16.840.1.113883.6.1" codeSystemName="LOINC" displayName="SPL Unclassified section"/>
							<title mediaType="text/x-hl7-title+xml">Tolerance and Physical Dependence</title>
							<text>
								<paragraph>Tolerance is the need for increasing doses of opioids to maintain a defined effect such as analgesia (in the absence of disease progression or other external factors). Physical dependence is manifested by withdrawal symptoms after abrupt discontinuation of a drug or upon administration of an antagonist. Physical dependence and tolerance are not unusual during chronic opioid therapy.</paragraph>
								<paragraph>The opioid abstinence or withdrawal syndrome is characterized by some or all of the following: restlessness, lacrimation, rhinorrhea, yawning, perspiration, chills, myalgia, mydriasis. Other symptoms also may develop, including: irritability, anxiety, backache, joint pain, weakness, abdominal cramps, insomnia, nausea, anorexia, vomiting, diarrhea, or increased blood pressure, respiratory rate, or heart rate.</paragraph>
								<paragraph>In general, opioids used regularly should not be abruptly discontinued.</paragraph>
							</text>
							<effectiveTime value="20060516"/>
						</section>
					</component>
					<component>
						<section ID="i4i_section_ID_76AAA9BA-BFA6-42CF-A1C3-09FF4CC26DD7">
							<id root="71604A29-715D-9802-DD82-6E9F4703E7E1"/>
							<code code="42229-5" codeSystem="2.16.840.1.113883.6.1" codeSystemName="LOINC" displayName="SPL Unclassified section"/>
							<title mediaType="text/x-hl7-title+xml">Use in Drug and Alcohol Addiction</title>
							<text>
								<paragraph>Meperidine is an opioid with no approved use in the management of addictive disorders. Its proper usage in individuals with drug or alcohol dependence, either active or in remission, is for the management of pain requiring opioid analgesia. Meperidine should be used with caution in patients with alcoholism and other drug dependencies due to the increased frequency of narcotic tolerance, dependence, and the risk of addiction observed in these patient populations. Abuse of meperidine in combination with other CNS depressant drugs can result in serious risk to the patient.</paragraph>
							</text>
							<effectiveTime value="20060516"/>
						</section>
					</component>
					<component>
						<section ID="i4i_section_ID_CD90DDC9-1E4E-484E-8CC3-0A5ACB3CF16E">
							<id root="9823C7A6-B5A3-D392-88F8-D6F28D752C68"/>
							<code code="42229-5" codeSystem="2.16.840.1.113883.6.1" codeSystemName="LOINC" displayName="SPL Unclassified section"/>
							<title mediaType="text/x-hl7-title+xml">Information for Patients/Caregivers</title>
							<text>
								<paragraph>If clinically advisable, patients receiving meperidine hydrochloride tablets or their caregivers should be given the following information by the physician, nurse, pharmacist, or caregiver:</paragraph>
								<list listType="ordered">
									<item>Patients should be aware that meperidine tablets contain meperidine, which is a morphine like substance.</item>
									<item>Patients should be advised to report pain and adverse experiences occurring during therapy. Individualization of dosage is essential to make optimal use of this medication.</item>
									<item>Patients should be advised not to adjust the dose of meperidine without consulting the prescribing professional.</item>
									<item>Patients should be advised that meperidine may impair mental and/or physical ability required for the performance of potentially hazardous tasks (e.g., driving, operating heavy machinery).</item>
									<item>Patients should not combine meperidine with alcohol or other central nervous system depressants (sleep aids, tranquilizers) except by the orders of the prescribing physician, because dangerous additive effects may occur, resulting in serious injury or death.</item>
									<item>Women of childbearing potential who become, or are planning to become pregnant should be advised to consult their physician regarding the effects of analgesics and other drug use during pregnancy on themselves and their unborn child.</item>
									<item>Patients should be advised that meperidine is a potential drug of abuse. They should protect it from theft, and it should never be given to anyone other than the individual for whom it was prescribed.</item>
									<item>Patients should be advised that if they have been receiving treatment with meperidine for more than a few weeks and cessation of therapy is indicated, it may be appropriate to taper the meperidine dose, rather than abruptly discontinue it, due to the risk of precipitating withdrawal symptoms. Their physician can provide a dose schedule to accomplish a gradual discontinuation of the medication.</item>
									<item>Patients should be instructed to keep meperidine in a secure place out of the reach of children. When meperidine is no longer needed, the unused tablets should be destroyed by flushing down the toilet.</item>
								</list>
							</text>
							<effectiveTime value="20060516"/>
						</section>
					</component>
					<component>
						<section ID="i4i_drug_interaction_ID_D2377DEE-7DB1-40DD-88B9-2971AA60A37C">
							<id root="2DE96900-AE93-E085-F808-9BED572EF140"/>
							<code code="34073-7" codeSystem="2.16.840.1.113883.6.1" codeSystemName="LOINC" displayName="Drug Interactions section"/>
							<title mediaType="text/x-hl7-title+xml">Drug Interactions</title>
							<text>
								<paragraph>Also see <linkHtml href="#i4i_warnings_ID_FE9F36CF-2C53-42EC-A274-2C7CA1D8ED8F">WARNINGS</linkHtml>.</paragraph>
							</text>
							<effectiveTime value="20060516"/>
							<component>
								<section ID="i4i_section_ID_76C0AAC7-C41A-4C13-85D3-C61389EF4573">
									<id root="A6C0B5E5-5A9D-1E6B-C2D9-7B87C6283FD4"/>
									<code code="42229-5" codeSystem="2.16.840.1.113883.6.1" codeSystemName="LOINC" displayName="SPL Unclassified section"/>
									<title mediaType="text/x-hl7-title+xml">Acyclovir:</title>
									<text>
										<paragraph>Plasma concentrations of meperidine and its metabolite, normeperidine, may be increased by acyclovir, thus caution should be used with concomitant administration.</paragraph>
									</text>
									<effectiveTime value="20060516"/>
								</section>
							</component>
							<component>
								<section ID="i4i_section_ID_3791FB15-BA30-4E35-BD30-E10819F1EE9E">
									<id root="55D5F234-A56D-7D90-1770-1455B0527DC1"/>
									<code code="42229-5" codeSystem="2.16.840.1.113883.6.1" codeSystemName="LOINC" displayName="SPL Unclassified section"/>
									<title mediaType="text/x-hl7-title+xml">Cimetidine: </title>
									<text>
										<paragraph>Cimetidine reduced the clearance and volume of distribution of meperidine and also the formation of the metabolite, normeperidine, in healthy subjects and thus, caution should be used with concomitant administration. </paragraph>
									</text>
									<effectiveTime value="20060516"/>
								</section>
							</component>
							<component>
								<section ID="i4i_section_ID_924ED8D6-E713-4674-BF40-6E516A1C1CF4">
									<id root="27404D91-1004-0864-1314-8814FFDF8443"/>
									<code code="42229-5" codeSystem="2.16.840.1.113883.6.1" codeSystemName="LOINC" displayName="SPL Unclassified section"/>
									<title mediaType="text/x-hl7-title+xml">Phenytoin: </title>
									<text>
										<paragraph>The hepatic metabolism of meperidine may be enhanced by phenytoin. Concomitant administration resulted in reduced half-life and bioavailability in healthy subjects, however, blood concentrations of normeperidine may be increased by phenytoin, thus concomitant administration should be avoided.</paragraph>
									</text>
									<effectiveTime value="20060516"/>
								</section>
							</component>
							<component>
								<section ID="i4i_section_ID_1B7BA25A-0A8C-4FFF-8944-A4399D05DB7D">
									<id root="446AE9E6-0A2A-13DA-5840-A1CB758892BD"/>
									<code code="42229-5" codeSystem="2.16.840.1.113883.6.1" codeSystemName="LOINC" displayName="SPL Unclassified section"/>
									<title mediaType="text/x-hl7-title+xml">Ritonavir: </title>
									<text>
										<paragraph>Plasma concentrations of meperidine may be increased by ritonavir, thus concomitant administration should be avoided. </paragraph>
										<paragraph>Opioid analgesics, including meperidine, may enhance the neuromuscular blocking action of skeletal muscle relaxants and produce an increased degree of respiratory depression.</paragraph>
									</text>
									<effectiveTime value="20060516"/>
								</section>
							</component>
						</section>
					</component>
					<component>
						<section ID="i4i_section_ID_C1AB3473-CC26-41AC-86A4-41ACF87AA48D">
							<id root="62BD45D5-760E-8C1B-E858-4D9C22EE6B4D"/>
							<code code="42229-5" codeSystem="2.16.840.1.113883.6.1" codeSystemName="LOINC" displayName="SPL Unclassified section"/>
							<title mediaType="text/x-hl7-title+xml">Special Risk Patients</title>
							<text>
								<paragraph>Meperidine should be given with caution and the initial dose should be reduced in certain patients such as the elderly or debilitated, and those with severe impairment of hepatic or renal function, Sickle Cell Anemia, hypothyroidism, Addison&#8217;s disease, Pheochromocytoma and prostatic hypertrophy or urethral stricture. In patients with pheochromocytoma, meperidine has been reported to provoke hypertension. </paragraph>
							</text>
							<effectiveTime value="20060516"/>
						</section>
					</component>
					<component>
						<section ID="i4i_section_ID_EB22B33E-118B-4625-B18A-417620637C77">
							<id root="924C08F9-F9E6-2CBF-A068-F2099CAEB7D5"/>
							<code code="42229-5" codeSystem="2.16.840.1.113883.6.1" codeSystemName="LOINC" displayName="SPL Unclassified section"/>
							<title mediaType="text/x-hl7-title+xml">Usage in Hepatically Impaired Patients</title>
							<text>
								<paragraph>Accumulation of meperidine and /or its active metabolite, normeperidine, can occur in patients with hepatic impairment. Meperidine should therefore be used with caution in patients with hepatic impairment. </paragraph>
							</text>
							<effectiveTime value="20060516"/>
						</section>
					</component>
					<component>
						<section ID="i4i_section_ID_3E601428-392A-4D7F-B03D-A78B1D757FAF">
							<id root="383FF9DD-5EB8-5A94-F2B3-2646AC163692"/>
							<code code="42229-5" codeSystem="2.16.840.1.113883.6.1" codeSystemName="LOINC" displayName="SPL Unclassified section"/>
							<title mediaType="text/x-hl7-title+xml">Usage in Renally Impaired Patients</title>
							<text>
								<paragraph>Accumulation of meperidine and/or its active metabolite, normeperidine, can also occur in patients with renal impairment. Meperidine should therefore be used with caution in patients with renal impairment. </paragraph>
							</text>
							<effectiveTime value="20060516"/>
						</section>
					</component>
					<component>
						<section ID="i4i_carcinogenesis_mutagenesis_fertility_ID_D0943BC9-FA9E-45EB-B0B4-A23F20344DA6">
							<id root="485ABF7C-4F1D-7F6C-CB0B-34101D24180D"/>
							<code code="34083-6" codeSystem="2.16.840.1.113883.6.1" codeSystemName="LOINC" displayName="Carcinogenesis, Mutagenesis, Impairment of Fertility section"/>
							<title mediaType="text/x-hl7-title+xml">Carcinogenesis, mutagenesis, impairment of fertility</title>
							<text>
								<paragraph>Studies to assess the carcinogenic or mutagenic potential of meperidine have not been conducted. Studies to determine the effect of meperidine on fertility have not been conducted.</paragraph>
							</text>
							<effectiveTime value="20060516"/>
						</section>
					</component>
					<component>
						<section ID="i4i_pregnancy_ID_E8047745-6CBC-4BC9-B848-3F62CC3751C9">
							<id root="DEF5D498-A802-565F-D24E-B8B595A7D8B0"/>
							<code code="42228-7" codeSystem="2.16.840.1.113883.6.1" codeSystemName="LOINC" displayName="Pregnancy"/>
							<title mediaType="text/x-hl7-title+xml">Pregnancy</title>
							<effectiveTime value="20060516"/>
							<component>
								<section ID="i4i_section_ID_CF5AA47C-19AA-4B00-B0F2-1C4C1CCBA882">
									<id root="C085948D-3C43-7136-A06B-6DE5CA1574B3"/>
									<code code="42229-5" codeSystem="2.16.840.1.113883.6.1" codeSystemName="LOINC" displayName="SPL Unclassified section"/>
									<title mediaType="text/x-hl7-title+xml">Teratogenic Effects: Pregnancy Category C</title>
									<text>
										<paragraph>Animal reproduction studies have not been conducted with meperidine. It is also not known whether meperidine can cause fetal harm when administered to a pregnant woman or can affect reproduction capacity. Meperidine should be given to a pregnant woman only if clearly needed.</paragraph>
									</text>
									<effectiveTime value="20060516"/>
								</section>
							</component>
						</section>
					</component>
					<component>
						<section ID="i4i_labour_delivery_ID_05C1B8CA-F794-43D7-AEF8-3321B1167296">
							<id root="EFDA0934-3BFE-667B-5853-11A3B93CD47B"/>
							<code code="34079-4" codeSystem="2.16.840.1.113883.6.1" codeSystemName="LOINC" displayName="Labor and Delivery section"/>
							<title mediaType="text/x-hl7-title+xml">Labor and Delivery</title>
							<text>
								<paragraph>See <linkHtml href="#i4i_warnings_ID_FE9F36CF-2C53-42EC-A274-2C7CA1D8ED8F">WARNINGS</linkHtml>. </paragraph>
							</text>
							<effectiveTime value="20060516"/>
						</section>
					</component>
					<component>
						<section ID="i4i_nursing_mothers_ID_5DC7A11A-A286-4802-A3D2-D36CE127FA89">
							<id root="E45EB91A-F848-6BB2-E7AF-9336D8F469AD"/>
							<code code="34080-2" codeSystem="2.16.840.1.113883.6.1" codeSystemName="LOINC" displayName="Nursing Mothers section"/>
							<title mediaType="text/x-hl7-title+xml">Nursing Mothers</title>
							<text>
								<paragraph>See <linkHtml href="#i4i_warnings_ID_FE9F36CF-2C53-42EC-A274-2C7CA1D8ED8F">WARNINGS</linkHtml>. </paragraph>
							</text>
							<effectiveTime value="20060516"/>
						</section>
					</component>
					<component>
						<section ID="i4i_pediatric_use_ID_71FCB949-BEF5-4B29-9DAC-82D94BD4AF9D">
							<id root="8A21C6CC-EF0E-DD4F-A8E9-A12E94111B4F"/>
							<code code="34081-0" codeSystem="2.16.840.1.113883.6.1" codeSystemName="LOINC" displayName="Pediatric section"/>
							<title mediaType="text/x-hl7-title+xml">Pediatric Use</title>
							<text>
								<paragraph>Literature reports indicate that meperidine has a slower elimination rate in neonates and young infants compared to older children and adults. Neonates and young infants may also be more susceptible to the effects, especially the respiratory depressant effects. Meperidine should therefore be used with caution in neonates and young infants, and any potential benefits of the drug weighed against the relative risk to a pediatric patient. </paragraph>
							</text>
							<effectiveTime value="20060516"/>
						</section>
					</component>
					<component>
						<section ID="i4i_geriatric_use_ID_24203528-AFA0-42D2-BBF3-C3D4A1CFD21C">
							<id root="6B44DDB2-A00E-C652-0404-19A46F6A20C8"/>
							<code code="34082-8" codeSystem="2.16.840.1.113883.6.1" codeSystemName="LOINC" displayName="Geriatric section"/>
							<title mediaType="text/x-hl7-title+xml">Geriatric Use</title>
							<text>
								<paragraph>Clinical studies of meperidine during product development did not include sufficient numbers of subjects aged 65 and over to evaluate age-related differences in safety or efficacy. Literature reports indicate that geriatric patients have a slower elimination rate compared to young patients and they may be more susceptible to the effects of meperidine. A reduction in the total daily dose of meperidine may be required in elderly patients, and the potential benefits of the drug weighed against the relative risk to a geriatric patient. </paragraph>
							</text>
							<effectiveTime value="20060516"/>
						</section>
					</component>
				</section>
			</component>
			<component>
				<section ID="i4i_adverse_effects_ID_8A298278-2C07-4E89-B8CE-E4F05D5254CF">
					<id root="D4B6D547-82A6-C6FC-0AA7-696FFEE8BA88"/>
					<code code="34084-4" codeSystem="2.16.840.1.113883.6.1" codeSystemName="LOINC" displayName="Adverse Reactions section"/>
					<title mediaType="text/x-hl7-title+xml">ADVERSE REACTIONS</title>
					<text>
						<paragraph>The major hazards of meperidine, as with other narcotic analgesics, are respiratory depression and, to a lesser degree, circulatory depression; respiratory arrest, shock, and cardiac arrest have occurred.</paragraph>
						<paragraph>The most frequently observed adverse reactions include lightheadedness, dizziness, sedation, nausea, vomiting, and sweating. These effects seem to be more prominent in ambulatory patients and in those who are not experiencing severe pain. In such individuals, lower doses are advisable. Some adverse reactions in ambulatory patients may be alleviated if the patient lies down.</paragraph>
						<paragraph>Other adverse reactions include:</paragraph>
					</text>
					<effectiveTime value="20060516"/>
					<component>
						<section ID="i4i_section_ID_1A134FCA-3705-4F8F-95E4-C6486CFD39AA">
							<id root="E8145EF1-D196-7EB6-E34F-15F1C7823956"/>
							<code code="42229-5" codeSystem="2.16.840.1.113883.6.1" codeSystemName="LOINC" displayName="SPL Unclassified section"/>
							<title mediaType="text/x-hl7-title+xml">Nervous System</title>
							<text>
								<paragraph>Euphoria, dysphoria, weakness, headache, agitation, tremor, uncoordinated muscle movements, (e.g., muscle twitches, myoclonus), severe convulsions, transient hallucinations and disorientation, visual disturbances.</paragraph>
							</text>
							<effectiveTime value="20060516"/>
						</section>
					</component>
					<component>
						<section ID="i4i_section_ID_E3ED280D-5821-4BDE-AB06-7C6F678F4583">
							<id root="CCE38BD2-38B5-B2CF-1F85-43A08945FA84"/>
							<code code="42229-5" codeSystem="2.16.840.1.113883.6.1" codeSystemName="LOINC" displayName="SPL Unclassified section"/>
							<title mediaType="text/x-hl7-title+xml">Gastrointestinal</title>
							<text>
								<paragraph>Dry mouth, constipation, biliary tract spasm.</paragraph>
							</text>
							<effectiveTime value="20060516"/>
						</section>
					</component>
					<component>
						<section ID="i4i_section_ID_5B2ACFC7-F0BB-4C29-9FF7-53DE4202DAB8">
							<id root="1C8357F9-CE95-F8CF-3739-FDE27F8EF1C6"/>
							<code code="42229-5" codeSystem="2.16.840.1.113883.6.1" codeSystemName="LOINC" displayName="SPL Unclassified section"/>
							<title mediaType="text/x-hl7-title+xml">Cardiovascular</title>
							<text>
								<paragraph>Flushing of the face, tachycardia, bradycardia, palpitation, hypotension (see <linkHtml href="#i4i_warnings_ID_FE9F36CF-2C53-42EC-A274-2C7CA1D8ED8F">WARNINGS</linkHtml>), syncope.</paragraph>
							</text>
							<effectiveTime value="20060516"/>
						</section>
					</component>
					<component>
						<section ID="i4i_section_ID_47CB0C0C-77CB-4A89-9545-28803FB99B5F">
							<id root="BCCD2A8E-97D5-CB1B-C08D-A1D5012A0A88"/>
							<code code="42229-5" codeSystem="2.16.840.1.113883.6.1" codeSystemName="LOINC" displayName="SPL Unclassified section"/>
							<title mediaType="text/x-hl7-title+xml">Genitourinary</title>
							<text>
								<paragraph>Urinary retention.</paragraph>
							</text>
							<effectiveTime value="20060516"/>
						</section>
					</component>
					<component>
						<section ID="i4i_section_ID_CF8619A8-42A5-4406-89E3-07C603CD10AD">
							<id root="96818E96-1A26-FCC2-6700-0F082608AE63"/>
							<code code="42229-5" codeSystem="2.16.840.1.113883.6.1" codeSystemName="LOINC" displayName="SPL Unclassified section"/>
							<title mediaType="text/x-hl7-title+xml">Allergic</title>
							<text>
								<paragraph>Pruritus, urticaria, other skin rashes, wheal and flare over the vein with intravenous injection.</paragraph>
							</text>
							<effectiveTime value="20060516"/>
						</section>
					</component>
				</section>
			</component>
			<component>
				<section ID="i4i_abuse_dependence_ID_48109D8B-8C18-454E-B916-309CEF9325BE">
					<id root="ABEB3D6D-F329-F7E3-EEE7-5A9D8A3FE49C"/>
					<code code="42227-9" codeSystem="2.16.840.1.113883.6.1" codeSystemName="LOINC" displayName="Drug Abuse and Dependence section"/>
					<title mediaType="text/x-hl7-title+xml">DRUG ABUSE AND DEPENDENCE</title>
					<text>
						<paragraph>
							<content styleCode="bold">Meperidine is a mu-agonist opioid with an abuse liability similar to morphine and is a Schedule II controlled substance. Meperidine, like morphine and other opioids used in analgesia, can be abused and is subject to criminal diversion</content>.</paragraph>
						<paragraph>Drug addiction is characterized by compulsive use, use for non-medical purposes, and continued use despite harm or risk of harm. Drug addiction is a treatable disease, utilizing a multidisciplinary approach, but relapse is common.</paragraph>
						<paragraph>&#8220;Drug seeking&#8221; behavior is very common in addicts and drug abusers. Drug-seeking tactics include emergency calls or visits near the end of office hours, refusal to undergo appropriate examination, testing or referral, repeated &#8220;loss&#8221; of prescriptions, tampering with prescriptions and reluctance to provide prior medical records or contact information for other treating physician(s). &#8220;Doctor shopping&#8221; to obtain additional prescriptions is common among drug abusers and people suffering from untreated addiction.</paragraph>
						<paragraph>Abuse and addiction are separate and distinct from physical dependence and tolerance. Physicians should be aware that addiction may not be accompanied by concurrent tolerance and symptoms of physical dependence in all addicts. In addition, abuse of opioids can occur in the absence of true addiction and is characterized by misuse for non-medical purposes, often in combination with other psychoactive substances. Meperidine, like other opioids, has been diverted for non-medical use. Careful record-keeping of prescribing information, including quantity, frequency, and renewal requests is strongly advised.</paragraph>
						<paragraph>Abuse of meperidine poses a risk of overdose and death. This risk is increased with concurrent abuse of meperidine with alcohol and other substances. Due to the presence of talc as one of the excipients in tablets, parenteral abuse of crushed tablets can be expected to result in local tissue necrosis, infection, pulmonary granulomas, and increased risk of endocarditis and valvular heart disease. In addition, parenteral drug abuse is commonly associated with transmission of infectious diseases such as hepatitis and HIV.</paragraph>
						<paragraph>Proper assessment of the patient, proper prescribing practices, periodic re-evaluation of therapy, and proper dispensing and storage are appropriate measures that help to limit abuse of opioid drugs.</paragraph>
					</text>
					<effectiveTime value="20060516"/>
				</section>
			</component>
			<component>
				<section ID="i4i_overdosage_ID_689C866E-090E-4858-9B49-E28ACEFDD896">
					<id root="9E68E562-0B71-D3B8-C713-E2E2026AEEB7"/>
					<code code="34088-5" codeSystem="2.16.840.1.113883.6.1" codeSystemName="LOINC" displayName="Overdosage section"/>
					<title mediaType="text/x-hl7-title+xml">OVERDOSAGE</title>
					<effectiveTime value="20060516"/>
					<component>
						<section ID="i4i_section_ID_4AC2C819-B93A-443B-A2AD-2A72892BDE73">
							<id root="8EA681C6-69EF-4F71-9B26-72F7A0E4ACB1"/>
							<code code="42229-5" codeSystem="2.16.840.1.113883.6.1" codeSystemName="LOINC" displayName="SPL Unclassified section"/>
							<title mediaType="text/x-hl7-title+xml">Symptoms</title>
							<text>
								<paragraph>Serious overdosage with meperidine is characterized by respiratory depression (a decrease in respiratory rate and/or tidal volume, Cheyne-Stokes respiration, cyanosis), extreme somnolence progressing to stupor or coma, skeletal muscle flaccidity, cold and clammy skin, and sometimes bradycardia and hypotension. In severe overdosage, particularly by the intravenous route, apnea, circulatory collapse, cardiac arrest, and death may occur.</paragraph>
							</text>
							<effectiveTime value="20060516"/>
						</section>
					</component>
					<component>
						<section ID="i4i_section_ID_9F07757C-4592-4004-890A-8D18DABD86AA">
							<id root="5E5A0D19-26FB-DA38-793C-F90FE1E65FB9"/>
							<code code="42229-5" codeSystem="2.16.840.1.113883.6.1" codeSystemName="LOINC" displayName="SPL Unclassified section"/>
							<title mediaType="text/x-hl7-title+xml">Treatment</title>
							<text>
								<paragraph>Primary attention should be given to the reestablishment of adequate respiratory exchange through provision of a patent airway and institution of assisted or controlled ventilation. The narcotic antagonist, naloxone hydrochloride, is a specific antidote against respiratory depression which may result from overdosage or unusual sensitivity to narcotics, including meperidine. Therefore, an appropriate dose of this antagonist should be administered, preferably by the intravenous route, simultaneously with efforts at respiratory resuscitation.</paragraph>
								<paragraph>An antagonist should not be administered in the absence of clinically significant respiratory or cardiovascular depression.</paragraph>
								<paragraph>Oxygen, intravenous fluids, vasopressors, and other supportive measures should be employed as indicated.</paragraph>
								<paragraph>In cases of overdosage with meperidine tablets, the stomach should be evacuated by emesis or gastric lavage.</paragraph>
								<paragraph>
									<content styleCode="bold">NOTE:</content> In an individual physically dependent on narcotics, the administration of the usual dose of a narcotic antagonist will precipitate an acute withdrawal syndrome. The severity of this syndrome will depend on the degree of physical dependence and the dose of antagonist administered. The use of narcotic antagonists in such individuals should be avoided if possible. If a narcotic antagonist must be used to treat serious respiratory depression in the physically dependent patient, the antagonist should be administered with extreme care and only one-fifth to one-tenth the usual initial dose administered.</paragraph>
							</text>
							<effectiveTime value="20060516"/>
						</section>
					</component>
				</section>
			</component>
			<component>
				<section ID="i4i_section_ID_8F7D3263-5A50-43E9-A309-046BF416B768">
					<id root="CC9C7BC7-F25B-48C7-8B57-F8F51476C647"/>
					<code code="42229-5" codeSystem="2.16.840.1.113883.6.1" codeSystemName="LOINC" displayName="SPL Unclassified section"/>
					<title mediaType="text/x-hl7-title+xml">SAFETY AND HANDLING</title>
					<text>
						<paragraph>Meperidine Hydrochloride Tablets USP and Meperidine Hydrochloride Oral Solution USP are dosage forms that contain meperidine hydrochloride which is a controlled substance. Like morphine, meperidine is controlled under Schedule II of the Controlled Substances Act. Meperidine, like all opioids, is liable to diversion and misuse and should be handled accordingly. Patients and their families should be instructed to flush any that are no longer needed.</paragraph>
						<paragraph>Meperidine has been targeted for theft and diversion by criminals. Healthcare professionals should contact their State Professional Licensing Board or State Controlled Substance Authority for information on how to prevent and detect abuse or diversion of this product.</paragraph>
					</text>
					<effectiveTime value="20060516"/>
				</section>
			</component>
			<component>
				<section ID="i4i_dosage_admin_ID_F7FC9C98-37BA-40EF-BAF4-F1041C331505">
					<id root="B9E57233-3AEA-B3B0-82D6-89A6017FD1DB"/>
					<code code="34068-7" codeSystem="2.16.840.1.113883.6.1" codeSystemName="LOINC" displayName="Dosage and Administration section"/>
					<title mediaType="text/x-hl7-title+xml">DOSAGE AND ADMINISTRATION</title>
					<effectiveTime value="20060516"/>
					<component>
						<section ID="i4i_section_ID_B6C9B505-7D87-4EDE-8D4D-08F66ADF6B64">
							<id root="A94E1F79-1AB0-C22F-93FC-D5011E6DE827"/>
							<code code="42229-5" codeSystem="2.16.840.1.113883.6.1" codeSystemName="LOINC" displayName="SPL Unclassified section"/>
							<title mediaType="text/x-hl7-title+xml">For Relief of Pain</title>
							<text>
								<paragraph>Dosage should be adjusted according to the severity of the pain and the response of the patient. Meperidine is less effective orally than with parenteral administration. The dose of meperidine hydrochloride should be proportionately reduced (usually by 25 to 50 percent) when administered concomitantly with phenothiazines and many other tranquilizers since they potentiate the action of meperidine.</paragraph>
							</text>
							<effectiveTime value="20060516"/>
							<component>
								<section ID="i4i_section_ID_2F38977D-C0FB-49AE-9B9B-AE2E64F03984">
									<id root="DC9A50A9-185B-3D4B-9D1D-A0026ADFC819"/>
									<code code="42229-5" codeSystem="2.16.840.1.113883.6.1" codeSystemName="LOINC" displayName="SPL Unclassified section"/>
									<title mediaType="text/x-hl7-title+xml">Adults:</title>
									<text>
										<paragraph>The usual dosage is 50 to 150 mg orally every 3 or 4 hours as necessary.</paragraph>
									</text>
									<effectiveTime value="20060516"/>
								</section>
							</component>
							<component>
								<section ID="i4i_section_ID_EF186148-84E8-4853-B020-022973D1FB4A">
									<id root="798E7818-CAEE-49B3-7354-77DBE6530927"/>
									<code code="42229-5" codeSystem="2.16.840.1.113883.6.1" codeSystemName="LOINC" displayName="SPL Unclassified section"/>
									<title mediaType="text/x-hl7-title+xml">Pediatric Patients:</title>
									<text>
										<paragraph>The usual dosage is 1.1 mg/kg to 1.8 mg/kg orally up to the adult dose, every 3 or 4 hours as necessary.</paragraph>
										<paragraph>Each dose of the oral solution should be taken in one-half glass of water, since if taken undiluted, it may exert a slight topical anesthetic effect on mucous membranes.</paragraph>
									</text>
									<effectiveTime value="20060516"/>
								</section>
							</component>
						</section>
					</component>
				</section>
			</component>
			<component>
				<section ID="i4i_how_supplied_ID_CC75B7FF-9B73-4066-B813-65981319549B">
					<id root="8F28BBA2-C31C-3BF8-D4AD-FB6ECCE17EE4"/>
					<code code="34069-5" codeSystem="2.16.840.1.113883.6.1" codeSystemName="LOINC" displayName="How Supplied section"/>
					<title mediaType="text/x-hl7-title+xml">HOW SUPPLIED</title>
					<text>
						<paragraph>
							<content styleCode="bold">Meperidine Hydrochloride Tablets USP</content>
						</paragraph>
						<paragraph>
							<content styleCode="bold">50 mg white, scored tablets</content>
						</paragraph>
						<paragraph>
							<content styleCode="bold">(Tablets Identified  54   879)</content>
						</paragraph>
						<paragraph>NDC 0054-8595-11: Unit dose, 25 tablets per card (reverse numbered), 1 card per shipper.</paragraph>
						<paragraph>NDC 0054-4595-25: Bottles of 100 tablets.</paragraph>
						<paragraph>
							<content styleCode="bold">100 mg white, scored tablets</content>
						</paragraph>
						<paragraph>
							<content styleCode="bold">(Tablets Identified  54   163)</content>
						</paragraph>
						<paragraph>NDC 0054-8596-11: Unit dose, 25 tablets per card (reverse numbered), 1 card per shipper.</paragraph>
						<paragraph>NDC 0054-4596-25: Bottles of 100 tablets.<br/>
						</paragraph>
						<paragraph>Dispense in a well-closed, light-resistant container as defined in the USP/NF. </paragraph>
						<paragraph>
							<content styleCode="bold">Meperidine Hydrochloride Oral Solution USP</content>
						</paragraph>
						<paragraph>
							<content styleCode="bold">50 mg per 5 mL (unflavored, colorless oral solution)</content>
						</paragraph>
						<paragraph>NDC 0054-3545-63: Bottles of 500 mL.<br/>
						</paragraph>
						<paragraph>
							<content styleCode="bold">DEA Order Form Required</content>.<br/>
						</paragraph>
						<paragraph>Store at 25&#176;C (77&#176;F); excursions permitted to 15-30&#176;C (59-86&#176;F) [see USP Controlled Room Temperature]</paragraph>
						<paragraph>
							<content styleCode="bold">10003964/01</content>
						</paragraph>
						
						<paragraph>&#169; RLI, 2005</paragraph>
						<renderMultiMedia referencedObject="ID_19B2F8AD-E699-476F-9481-343E23987FF2"/>
					</text>
					<effectiveTime value="20060516"/>
					<component>
						<observationMedia ID="ID_19B2F8AD-E699-476F-9481-343E23987FF2">
							<value mediaType="image/jpeg" xsi:type="ED">
								<reference value="meperidine_hydrochloride_tablets_usp-02.jpg"/>
							</value>
						</observationMedia>
					</component>
				</section>
			</component>
		</structuredBody>
	</component>
</document>
