<?xml version="1.0" encoding="UTF-8"?>
<?xml-stylesheet href="http://www.fda.gov/oc/datacouncil/stylesheets/spl/spl.xsl" type="text/xsl"?><document xmlns="urn:hl7-org:v3" xmlns:voc="http://www.hl7.org/v3/voc" xmlns:xsi="http://www.w3.org/2001/XMLSchema-instance" xsi:schemaLocation="urn:hl7-org:v3 http://www.fda.gov/oc/datacouncil/schemas/spl/spl.xsd">
<id root="491b354b-4c78-4e26-acf9-564ba93ff74a" />
<code code="34391-3" codeSystem="2.16.840.1.113883.6.1" codeSystemName="LOINC" displayName="Human prescription drug label" />
<title mediaType="text/x-hl7-title+xml">HALOG-E<sup>&#174;</sup> CREAM<br />(Halcinonide Cream, USP) 0.1%</title>
<effectiveTime value="20060330" />
<setId root="491b354b-4c78-4e26-acf9-564ba93ff74a" />
<versionNumber value="1" />
<author>
<time />
<assignedEntity>
<representedOrganization>
<name>Bristol-Myers Squibb Company</name>
<addr><streetAddressLine mediaType="text/plain" partType="SAL" representation="TXT" /><city mediaType="text/plain" partType="CTY" representation="TXT">Princeton</city><state mediaType="text/plain" partType="STA" representation="TXT">NJ</state><postalCode mediaType="text/plain" partType="ZIP" representation="TXT">08543</postalCode><country mediaType="text/plain" partType="CNT" representation="TXT">US</country></addr>
</representedOrganization>
</assignedEntity>
</author>
<component>
<structuredBody>
<component>
<section>
<id root="36190407-CEE8-6124-2845-244EB644057A" />
<effectiveTime value="20060330" />
<subject>
<manufacturedProduct>
<manufacturedMedicine>
<code code="0003-1494" />
<name>HALOG-E</name>
<formCode code="C28944" codeSystem="2.16.840.1.113883.3.26.1.1" displayName="CREAM" />
<activeIngredient>
<quantity>
<numerator unit="mg" value="1">
<translation code="C28253" codeSystem="2.16.840.1.113883.3.26.1.1" displayName="MILLIGRAM" value="1" />
</numerator>
<denominator unit="g" value="1">
<translation code="C48155" codeSystem="2.16.840.1.113883.3.26.1.1" displayName="GRAM" value="1" />
</denominator>
</quantity>
<activeIngredientSubstance>
<code code="SI86V6QNEG" codeSystem="2.16.840.1.113883.4.9" codeSystemName="FDA SRS" />
<name>halcinonide</name>
<activeMoiety>
<activeMoiety>
<code code="SI86V6QNEG" codeSystem="2.16.840.1.113883.4.9" codeSystemName="FDA SRS" />
<name>halcinonide</name>
</activeMoiety>
</activeMoiety>
</activeIngredientSubstance>
</activeIngredient>
<asEntityWithGeneric>
<genericMedicine>
<name>halcinonide</name>
</genericMedicine>
</asEntityWithGeneric>
<inactiveIngredient>
<inactiveIngredientSubstance>
<name>castor oil</name>
</inactiveIngredientSubstance>
</inactiveIngredient>
<inactiveIngredient>
<inactiveIngredientSubstance>
<name>cetearyl alcohol (and) ceteareth-20</name>
</inactiveIngredientSubstance>
</inactiveIngredient>
<inactiveIngredient>
<inactiveIngredientSubstance>
<name>dimethicone 350</name>
</inactiveIngredientSubstance>
</inactiveIngredient>
<inactiveIngredient>
<inactiveIngredientSubstance>
<code code="6DC9Q167V3" codeSystem="2.16.840.1.113883.4.9" codeSystemName="FDA SRS" />
<name>propylene glycol</name>
</inactiveIngredientSubstance>
</inactiveIngredient>
<inactiveIngredient>
<inactiveIngredientSubstance>
<name>propylene glycol stearate</name>
</inactiveIngredientSubstance>
</inactiveIngredient>
<inactiveIngredient>
<inactiveIngredientSubstance>
<name>water</name>
</inactiveIngredientSubstance>
</inactiveIngredient>
<inactiveIngredient>
<inactiveIngredientSubstance>
<name>white petrolatum</name>
</inactiveIngredientSubstance>
</inactiveIngredient>
<asContent>
<quantity>
<numerator unit="g" value="30">
<translation code="C48155" codeSystem="2.16.840.1.113883.3.26.1.1" displayName="GRAM" value="30" />
</numerator>
<denominator value="1">
<translation value="1" />
</denominator>
</quantity>
<containerPackagedMedicine>
<code code="0003-1494-21" codeSystem="2.16.840.1.113883.6.69" />
<formCode code="C42794" codeSystem="2.16.840.1.113883.3.26.1.1" displayName="TUBE" />
</containerPackagedMedicine>
</asContent>
<asContent>
<quantity>
<numerator unit="g" value="60">
<translation code="C48155" codeSystem="2.16.840.1.113883.3.26.1.1" displayName="GRAM" value="60" />
</numerator>
<denominator value="1">
<translation value="1" />
</denominator>
</quantity>
<containerPackagedMedicine>
<code code="0003-1494-31" codeSystem="2.16.840.1.113883.6.69" />
<formCode code="C42794" codeSystem="2.16.840.1.113883.3.26.1.1" displayName="TUBE" />
</containerPackagedMedicine>
</asContent>
</manufacturedMedicine>
<consumedIn>
<substanceAdministration>
<routeCode code="C38304" codeSystem="2.16.840.1.113883.3.26.1.1" displayName="TOPICAL" />
</substanceAdministration>
</consumedIn>
</manufacturedProduct>
</subject>
</section>
</component>
<component>
<section>
<id root="E894D134-F5FE-000D-B165-A6E8120B8B5D" />
<code code="42229-5" codeSystem="2.16.840.1.113883.6.1" codeSystemName="LOINC" displayName="SPL UNCLASSIFIED SECTION" />
<title mediaType="text/x-hl7-title+xml" />
<text><paragraph>For Topical Use Only.<br />Not For Ophthalmic Use.</paragraph></text>
<effectiveTime value="20060330" />
</section>
</component>
<component>
<section>
<id root="19AB480A-D8DA-26C6-2CB3-1E957FCB89EA" />
<code code="34089-3" codeSystem="2.16.840.1.113883.6.1" codeSystemName="LOINC" displayName="DESCRIPTION SECTION" />
<title mediaType="text/x-hl7-title+xml">DESCRIPTION</title>
<text><paragraph>The topical corticosteroids constitute a class of primarily synthetic steroids used as anti-inflammatory and antipruritic agents. The steroids in this class include halcinonide. Halcinonide is designated chemically as 21-Chloro-9-fluoro-11&#946;,16&#945;, 17-trihydroxy-pregn-4-ene-3,20-dione cyclic 16,17-acetal with acetone. Graphic formula:</paragraph><renderMultiMedia referencedObject="MM1" /><paragraph>Each gram of 0.1% HALOG-E<sup>&#174;</sup> CREAM (Halcinonide Cream, USP) contains 1 mg halcinonide in a hydrophilic vanishing cream base consisting of castor oil, ceteareth-20 (and) cetearyl alcohol, dimethicone 350, propylene glycol, propylene glycol stearate, purified water, and white petrolatum. This formulation is water-washable, greaseless, and nonstaining, with moisturizing and emollient properties.</paragraph></text>
<effectiveTime value="20060330" />
<component>
<observationMedia ID="MM1">
<value mediaType="image/jpeg" xsi:type="ED"><reference value="halog-E-structure.jpg" /></value>
</observationMedia>
</component>
</section>
</component>
<component>
<section>
<id root="3B65B95C-DA4E-705F-A712-2490E27AEF56" />
<code code="34090-1" codeSystem="2.16.840.1.113883.6.1" codeSystemName="LOINC" displayName="CLINICAL PHARMACOLOGY SECTION" />
<title mediaType="text/x-hl7-title+xml">CLINICAL PHARMACOLOGY</title>
<text><paragraph>Topical corticosteroids share anti-inflammatory, antipruritic and vasoconstrictive actions.</paragraph><paragraph>The mechanism of anti-inflammatory activity of the topical corticosteroids is unclear. Various laboratory methods, including vasoconstrictor assays, are used to compare and predict potencies and/or clinical efficacies of the topical corticosteroids. There is some evidence to suggest that a recognizable correlation exists between vasoconstrictor potency and therapeutic efficacy in man.</paragraph></text>
<effectiveTime value="20060330" />
<component>
<section>
<id root="76F72D8F-246F-CDE6-8547-F04780E0F2B9" />
<code code="43682-4" codeSystem="2.16.840.1.113883.6.1" codeSystemName="LOINC" displayName="PHARMACOKINETICS SECTION" />
<title mediaType="text/x-hl7-title+xml">Pharmacokinetics</title>
<text><paragraph>The extent of percutaneous absorption of topical corticosteroids is determined by many factors including the vehicle, the integrity of the epidermal barrier, and the use of occlusive dressings.</paragraph><paragraph>Topical corticosteroids can be absorbed from normal intact skin. Inflammation and/or other disease processes in the skin increase percutaneous absorption. Occlusive dressings substantially increase the percutaneous absorption of topical corticosteroids. Thus, occlusive dressings may be a valuable therapeutic adjunct for treatment of resistant dermatoses (see <content styleCode="bold"><linkHtml href="#DosAdmin">DOSAGE AND ADMINISTRATION</linkHtml></content>).</paragraph><paragraph>Once absorbed through the skin, topical corticosteroids are handled through pharmacokinetic pathways similar to systemically administered corticosteroids. Corticosteroids are bound to plasma proteins in varying degrees. Corticosteroids are metabolized primarily in the liver and are then excreted by the kidneys. Some of the topical corticosteroids and their metabolites are also excreted into the bile.</paragraph></text>
<effectiveTime value="20060330" />
</section>
</component>
</section>
</component>
<component>
<section>
<id root="12EEC47C-F706-B7C7-0BF2-D4A0772861BA" />
<code code="34067-9" codeSystem="2.16.840.1.113883.6.1" codeSystemName="LOINC" displayName="INDICATIONS AND USAGE SECTION" />
<title mediaType="text/x-hl7-title+xml">INDICATIONS AND USAGE</title>
<text><paragraph>HALOG-E CREAM (Halcinonide Cream, USP) 0.1% is indicated for the relief of the inflammatory and pruritic manifestations of corticosteroid-responsive dermatoses.</paragraph></text>
<effectiveTime value="20060330" />
</section>
</component>
<component>
<section>
<id root="27DA49EA-BE6B-8EE6-7EAC-276E84892488" />
<code code="34070-3" codeSystem="2.16.840.1.113883.6.1" codeSystemName="LOINC" displayName="CONTRAINDICATIONS SECTION" />
<title mediaType="text/x-hl7-title+xml">CONTRAINDICATIONS</title>
<text><paragraph>Topical corticosteroids are contraindicated in those patients with a history of hypersensitivity to any of the components of the preparations.</paragraph></text>
<effectiveTime value="20060330" />
</section>
</component>
<component>
<section>
<id root="08DCA6C3-5A8F-3364-CCC5-FED1964A68D4" />
<code code="42232-9" codeSystem="2.16.840.1.113883.6.1" codeSystemName="LOINC" displayName="PRECAUTIONS SECTION" />
<title mediaType="text/x-hl7-title+xml">PRECAUTIONS</title>
<effectiveTime value="20060330" />
<component>
<section ID="PreGen">
<id root="971DAF20-3AF9-E918-0A41-AB7B0DB8B2ED" />
<code code="34072-9" codeSystem="2.16.840.1.113883.6.1" codeSystemName="LOINC" displayName="GENERAL PRECAUTIONS SECTION" />
<title mediaType="text/x-hl7-title+xml">General</title>
<text><paragraph>Systemic absorption of topical corticosteroids has produced reversible hypothalamic-pituitary-adrenal (HPA) axis suppression, manifestations of Cushing&#8217;s syndrome, hyperglycemia, and glucosuria in some patients.</paragraph><paragraph>Conditions which augment systemic absorption include the application of the more potent steroids, use over large surface areas, prolonged use, and the addition of occlusive dressings.</paragraph><paragraph>Therefore, patients receiving a large dose of any potent topical steroid applied to a large surface area or under an occlusive dressing should be evaluated periodically for evidence of HPA axis suppression by using the urinary free cortisol and ACTH stimulation tests, and for impairment of thermal homeostasis. If HPA axis suppression or elevation of the body temperature occurs, an attempt should be made to withdraw the drug, to reduce the frequency of application, substitute a less potent steroid, or use a sequential approach when utilizing the occlusive technique.</paragraph><paragraph>Recovery of HPA axis function and thermal homeostasis are generally prompt and complete upon discontinuation of the drug. Infrequently, signs and symptoms of steroid withdrawal may occur, requiring supplemental systemic corticosteroids. Occasionally, a patient may develop a sensitivity reaction to a particular occlusive dressing material or adhesive and a substitute material may be necessary.</paragraph><paragraph>Children may absorb proportionally larger amounts of topical corticosteroids and thus be more susceptible to systemic toxicity (see <content styleCode="bold"><linkHtml href="#PrePed">PRECAUTIONS: Pediatric Use</linkHtml></content>).</paragraph><paragraph>If irritation develops, topical corticosteroids should be discontinued and appropriate therapy instituted.</paragraph><paragraph>In the presence of dermatological infections, the use of an appropriate antifungal or antibacterial agent should be instituted. If a favorable response does not occur promptly, the corticosteroid should be discontinued until the infection has been adequately controlled.</paragraph><paragraph>This preparation is not for ophthalmic use.</paragraph></text>
<effectiveTime value="20060330" />
</section>
</component>
<component>
<section>
<id root="F722C0C3-1C98-BFEF-4345-602E86556F72" />
<code code="34076-0" codeSystem="2.16.840.1.113883.6.1" codeSystemName="LOINC" displayName="INFORMATION FOR PATIENTS SECTION" />
<title mediaType="text/x-hl7-title+xml">Information for the Patient</title>
<text><paragraph>Patients using topical corticosteroids should receive the following information and instructions:</paragraph><list listType="ordered"><item><caption>1)</caption>This medication is to be used as directed by the physician. It is for dermatologic use only. Avoid contact with the eyes.</item><item><caption>2)</caption>Patients should be advised not to use this medication for any disorder other than for which it was prescribed.</item><item><caption>3)</caption>The treated skin area should not be bandaged or otherwise covered or wrapped as to be occlusive unless directed by the physician.</item><item><caption>4)</caption>Patients should report any signs of local adverse reactions especially under occlusive dressing.</item><item><caption>5)</caption>Parents of pediatric patients should be advised not to use tight-fitting diapers or plastic pants on a child being treated in the diaper area, as these garments may constitute occlusive dressings.</item></list></text>
<effectiveTime value="20060330" />
</section>
</component>
<component>
<section>
<id root="93B803C6-5483-2ECD-E888-A2C89AADFC4A" />
<code code="34075-2" codeSystem="2.16.840.1.113883.6.1" codeSystemName="LOINC" displayName="LABORATORY TESTS SECTION" />
<title mediaType="text/x-hl7-title+xml">Laboratory Tests</title>
<text><paragraph>A urinary free cortisol test and ACTH stimulation test may be helpful in evaluating HPA axis suppression.</paragraph></text>
<effectiveTime value="20060330" />
</section>
</component>
<component>
<section>
<id root="D4DD9461-14B0-B03E-6537-D43B0957F918" />
<code code="34083-6" codeSystem="2.16.840.1.113883.6.1" codeSystemName="LOINC" displayName="CARCINOGENESIS AND MUTAGENESIS AND IMPAIRMENT OF FERTILITY SECTION" />
<title mediaType="text/x-hl7-title+xml">Carcinogenesis, Mutagenesis, and Impairment of Fertility</title>
<text><paragraph>Long-term animal studies have not been performed to evaluate the carcinogenic potential or the effect on fertility of topical corticosteroids.</paragraph><paragraph>Studies to determine mutagenicity with prednisolone and hydrocortisone showed negative results.</paragraph></text>
<effectiveTime value="20060330" />
</section>
</component>
<component>
<section>
<id root="CCBC3A28-DF20-8240-0900-697393ACFE0A" />
<code code="42228-7" codeSystem="2.16.840.1.113883.6.1" codeSystemName="LOINC" displayName="PREGNANCY SECTION" />
<title mediaType="text/x-hl7-title+xml">Pregnancy</title>
<effectiveTime value="20060330" />
<component>
<section>
<id root="D806A2E5-F56B-B901-5587-CDB41C2A2AA9" />
<code code="34077-8" codeSystem="2.16.840.1.113883.6.1" codeSystemName="LOINC" displayName="TERATOGENIC EFFECTS SECTION" />
<title mediaType="text/x-hl7-title+xml"><content styleCode="bold">Teratogenic Effects: Category C</content></title>
<text><paragraph>Corticosteroids are generally teratogenic in laboratory animals when administered systemically at relatively low dosage levels. The more potent corticosteroids have been shown to be teratogenic after dermal application in laboratory animals. There are no adequate and well-controlled studies in pregnant women on teratogenic effects from topically applied corticosteroids. Therefore, topical corticosteroids should be used during pregnancy only if the potential benefit justifies the potential risk to the fetus. Drugs of this class should not be used extensively on pregnant patients, in large amounts, or for prolonged periods of time.</paragraph></text>
<effectiveTime value="20060330" />
</section>
</component>
</section>
</component>
<component>
<section>
<id root="4B5B0E37-1A89-97E6-90E6-0780C9054A7A" />
<code code="34080-2" codeSystem="2.16.840.1.113883.6.1" codeSystemName="LOINC" displayName="NURSING MOTHERS SECTION" />
<title mediaType="text/x-hl7-title+xml">Nursing Mothers</title>
<text><paragraph>It is not known whether topical administration of corticosteroids could result in sufficient systemic absorption to produce detectable quantities in breast milk. Systemically administered corticosteroids are secreted into breast milk in quantities <content styleCode="bold">not</content> likely to have a deleterious effect on the infant. Nevertheless, caution should be exercised when topical corticosteroids are administered to a nursing woman.</paragraph></text>
<effectiveTime value="20060330" />
</section>
</component>
<component>
<section ID="PrePed">
<id root="207863B5-E12C-7D1D-3205-CB2D276ACD6E" />
<code code="34081-0" codeSystem="2.16.840.1.113883.6.1" codeSystemName="LOINC" displayName="PEDIATRIC USE SECTION" />
<title mediaType="text/x-hl7-title+xml">Pediatric Use</title>
<text><paragraph><content styleCode="bold">Pediatric patients may demonstrate greater susceptibility to topical corticosteroid-induced HPA axis suppression and Cushing&#8217;s syndrome than mature patients because of a larger skin surface area to body weight ratio.</content></paragraph><paragraph>HPA axis suppression, Cushing&#8217;s syndrome, and intracranial hypertension have been reported in children receiving topical corticosteroids. Manifestations of adrenal suppression in children include linear growth retardation, delayed weight gain, low plasma cortisol levels, and absence of response to ACTH stimulation. Manifestations of intracranial hypertension include bulging fontanelles, headaches, and bilateral papilledema.</paragraph><paragraph>Administration of topical corticosteroids to children should be limited to the least amount compatible with an effective therapeutic regimen. Chronic corticosteroid therapy may interfere with the growth and development of children.</paragraph></text>
<effectiveTime value="20060330" />
</section>
</component>
<component>
<section>
<id root="72A40E85-AD0B-4D5F-9E42-F1C96C0FFD0A" />
<code code="34082-8" codeSystem="2.16.840.1.113883.6.1" codeSystemName="LOINC" displayName="GERIATRIC USE SECTION" />
<title mediaType="text/x-hl7-title+xml">Geriatric Use</title>
<text><paragraph>Of approximately 1000 patients included in clinical studies of 0.1% HALOG-E CREAM, 12% were 60 years or older, while 4% were 70 years or older. No overall differences in safety were observed between these patients and younger patients. Efficacy data have not been evaluated for differences between elderly and younger patients. Other reported clinical experience has not identified differences in responses between the elderly and younger patients, but greater sensitivity of some older individuals cannot be ruled out.</paragraph></text>
<effectiveTime value="20060330" />
</section>
</component>
</section>
</component>
<component>
<section>
<id root="742B15DA-1AAB-2CCA-5068-3BE6A818B5CE" />
<code code="34084-4" codeSystem="2.16.840.1.113883.6.1" codeSystemName="LOINC" displayName="ADVERSE REACTIONS SECTION" />
<title mediaType="text/x-hl7-title+xml">ADVERSE REACTIONS</title>
<text><paragraph>The following local adverse reactions are reported infrequently with topical corticosteroids, but may occur more frequently with the use of occlusive dressings (reactions are listed in an approximate decreasing order of occurrence): burning, itching, irritation, dryness, folliculitis, hypertrichosis, acneiform eruptions, hypopigmentation, perioral dermatitis, allergic contact dermatitis, maceration of the skin, secondary infection, skin atrophy, striae, and miliaria.</paragraph></text>
<effectiveTime value="20060330" />
</section>
</component>
<component>
<section>
<id root="C4CE368F-C731-CC09-64F6-4E709C80E805" />
<code code="34088-5" codeSystem="2.16.840.1.113883.6.1" codeSystemName="LOINC" displayName="OVERDOSAGE SECTION" />
<title mediaType="text/x-hl7-title+xml">OVERDOSAGE</title>
<text><paragraph>Topically applied corticosteroids can be absorbed in sufficient amounts to produce systemic effects (see <content styleCode="bold"><linkHtml href="#PreGen">PRECAUTIONS: General</linkHtml></content>).</paragraph></text>
<effectiveTime value="20060330" />
</section>
</component>
<component>
<section ID="DosAdmin">
<id root="99F1C9E6-C848-7076-B294-663F993F80A7" />
<code code="34068-7" codeSystem="2.16.840.1.113883.6.1" codeSystemName="LOINC" displayName="DOSAGE AND ADMINISTRATION SECTION" />
<title mediaType="text/x-hl7-title+xml">DOSAGE AND ADMINISTRATION</title>
<text><paragraph>Apply HALOG-E CREAM (Halcinonide Cream, USP) 0.1% to the affected area one to three times daily. Rub in gently.</paragraph></text>
<effectiveTime value="20060330" />
<component>
<section>
<id root="C6788243-8298-122F-2B5E-75B97BFA0949" />
<code code="42229-5" codeSystem="2.16.840.1.113883.6.1" codeSystemName="LOINC" displayName="SPL UNCLASSIFIED SECTION" />
<title mediaType="text/x-hl7-title+xml">Occlusive Dressing Technique</title>
<text><paragraph>Occlusive dressings may be used for the management of psoriasis or other recalcitrant conditions. Gently rub a small amount of cream into the lesion until it disappears. Reapply the preparation leaving a thin coating on the lesion, cover with a pliable nonporous film, and seal the edges. If needed, additional moisture may be provided by covering the lesion with a dampened clean cotton cloth before the nonporous film is applied or by briefly wetting the affected area with water immediately prior to applying the medication. The frequency of changing dressings is best determined on an individual basis. It may be convenient to apply HALOG-E CREAM under an occlusive dressing in the evening and to remove the dressing in the morning (i.e., 12-hour occlusion). When utilizing the 12-hour occlusion regimen, additional cream should be applied, without occlusion, during the day. Reapplication is essential at each dressing change.</paragraph><paragraph>If an infection develops, the use of occlusive dressings should be discontinued and appropriate antimicrobial therapy instituted.</paragraph></text>
<effectiveTime value="20060330" />
</section>
</component>
</section>
</component>
<component>
<section>
<id root="AF7D9BA8-C6D6-3E66-9FEF-594C9F36F6B0" />
<code code="34069-5" codeSystem="2.16.840.1.113883.6.1" codeSystemName="LOINC" displayName="HOW SUPPLIED SECTION" />
<title mediaType="text/x-hl7-title+xml">HOW SUPPLIED</title>
<text><paragraph>HALOG-E<sup>&#174;</sup> CREAM (Halcinonide Cream, USP) 0.1% is supplied as tubes containing</paragraph><paragraph>30 g (NDC 0003-1494-21) and 60 g (NDC 0003-1494-31) of cream.</paragraph></text>
<effectiveTime value="20060330" />
<component>
<section>
<id root="225AD159-4EB3-BEE7-1AFB-B570BA9D7E03" />
<code code="44425-7" codeSystem="2.16.840.1.113883.6.1" codeSystemName="LOINC" displayName="STORAGE AND HANDLING SECTION" />
<title mediaType="text/x-hl7-title+xml">Storage</title>
<text><paragraph>Store at room temperature; avoid freezing and refrigeration.</paragraph></text>
<effectiveTime value="20060330" />
</section>
</component>
</section>
</component>
<component>
<section>
<id root="C36938C3-47B6-9BA6-77A5-8F116EA7672D" />
<code code="42229-5" codeSystem="2.16.840.1.113883.6.1" codeSystemName="LOINC" displayName="SPL UNCLASSIFIED SECTION" />
<title mediaType="text/x-hl7-title+xml" />
<text><paragraph>Westwood-Squibb Pharmaceuticals, Inc.<br />A Bristol-Myers Squibb Company<br />Princeton, NJ 08543 USA</paragraph><paragraph>J4102D<br />1077519A2</paragraph></text>
<effectiveTime value="20060330" />
</section>
</component>
</structuredBody>
</component>
</document>
