<?xml version="1.0" encoding="UTF-8"?>
<?xml-stylesheet href="http://www.fda.gov/oc/datacouncil/stylesheets/spl/spl.xsl" type="text/xsl"?><document xmlns="urn:hl7-org:v3" xmlns:voc="http://www.hl7.org/v3/voc" xmlns:xsi="http://www.w3.org/2001/XMLSchema-instance" xsi:schemaLocation="urn:hl7-org:v3 http://www.fda.gov/oc/datacouncil/schemas/spl/spl.xsd">
<id root="6560D221-3111-BB6A-11F6-53732D1B9D25" />
<code code="34391-3" codeSystem="2.16.840.1.113883.6.1" codeSystemName="LOINC" displayName="Human prescription drug label" />
<title mediaType="text/x-hl7-title+xml">BUTALBITAL, ACETAMINOPHEN AND CAFFEINE TABLETS, USP<br />50 mg/750 mg/40 mg</title>
<effectiveTime value="20060223" />
<setId root="947D5617-4E91-4507-AC80-977824D2B50B" />
<versionNumber value="1" />
<author>
<time />
<assignedEntity>
<representedOrganization>
<name>ANDRX PHARMACEUTICALS, INC.</name>
</representedOrganization>
</assignedEntity>
</author>
<component>
<structuredBody>
<component>
<section>
<id root="7BC35059-AE9E-A77E-9FBE-614072A21AE0" />
<effectiveTime value="20060223" />
<subject>
<manufacturedProduct>
<manufacturedMedicine>
<code code="46672-184" codeSystem="2.16.840.1.113883.6.69" />
<name>Butalbital, Acetaminophen and Caffeine</name>
<formCode code="C42998" codeSystem="2.16.840.1.113883.3.26.1.1" displayName="TABLET" />
<activeIngredient>
<quantity>
<numerator unit="mg" value="50">
<translation code="C28253" codeSystem="2.16.840.1.113883.3.26.1.1" displayName="MILLIGRAM" value="50" />
</numerator>
<denominator value="1">
<translation code="C48542" codeSystem="2.16.840.1.113883.3.26.1.1" displayName="TABLET" value="1" />
</denominator>
</quantity>
<activeIngredientSubstance>
<code code="KHS0AZ4JVK" codeSystem="2.16.840.1.113883.4.9" codeSystemName="FDA SRS" />
<name>butalbital</name>
<activeMoiety>
<activeMoiety>
<code code="KHS0AZ4JVK" codeSystem="2.16.840.1.113883.4.9" codeSystemName="FDA SRS" />
<name>butalbital</name>
</activeMoiety>
</activeMoiety>
</activeIngredientSubstance>
</activeIngredient>
<activeIngredient>
<quantity>
<numerator unit="mg" value="750">
<translation code="C28253" codeSystem="2.16.840.1.113883.3.26.1.1" displayName="MILLIGRAM" value="750" />
</numerator>
<denominator value="1">
<translation code="C48542" codeSystem="2.16.840.1.113883.3.26.1.1" displayName="TABLET" value="1" />
</denominator>
</quantity>
<activeIngredientSubstance>
<code code="362O9ITL9D" codeSystem="2.16.840.1.113883.4.9" codeSystemName="FDA SRS" />
<name>acetaminophen</name>
<activeMoiety>
<activeMoiety>
<code code="362O9ITL9D" codeSystem="2.16.840.1.113883.4.9" codeSystemName="FDA SRS" />
<name>acetaminophen</name>
</activeMoiety>
</activeMoiety>
</activeIngredientSubstance>
</activeIngredient>
<activeIngredient>
<quantity>
<numerator unit="mg" value="40">
<translation code="C28253" codeSystem="2.16.840.1.113883.3.26.1.1" displayName="MILLIGRAM" value="40" />
</numerator>
<denominator value="1">
<translation code="C48542" codeSystem="2.16.840.1.113883.3.26.1.1" displayName="TABLET" value="1" />
</denominator>
</quantity>
<activeIngredientSubstance>
<code code="3G6A5W338E" codeSystem="2.16.840.1.113883.4.9" codeSystemName="FDA SRS" />
<name>caffeine</name>
<activeMoiety>
<activeMoiety>
<code code="3G6A5W338E" codeSystem="2.16.840.1.113883.4.9" codeSystemName="FDA SRS" />
<name>caffeine</name>
</activeMoiety>
</activeMoiety>
</activeIngredientSubstance>
</activeIngredient>
<asEntityWithGeneric>
<genericMedicine>
<name>Butalbital, Acetaminophen and Caffeine</name>
</genericMedicine>
</asEntityWithGeneric>
<inactiveIngredient>
<inactiveIngredientSubstance>
<name>carnauba wax</name>
</inactiveIngredientSubstance>
</inactiveIngredient>
<inactiveIngredient>
<inactiveIngredientSubstance>
<name>colloidal silicon dioxide</name>
</inactiveIngredientSubstance>
</inactiveIngredient>
<inactiveIngredient>
<inactiveIngredientSubstance>
<name>croscarmellose sodium</name>
</inactiveIngredientSubstance>
</inactiveIngredient>
<inactiveIngredient>
<inactiveIngredientSubstance>
<name>crospovidone</name>
</inactiveIngredientSubstance>
</inactiveIngredient>
<inactiveIngredient>
<inactiveIngredientSubstance>
<name>D&amp;C red no. 27 aluminum lake</name>
</inactiveIngredientSubstance>
</inactiveIngredient>
<inactiveIngredient>
<inactiveIngredientSubstance>
<name>D&amp;C red no. 30 aluminum lake</name>
</inactiveIngredientSubstance>
</inactiveIngredient>
<inactiveIngredient>
<inactiveIngredientSubstance>
<name>FD&amp;C blue no. 1 aluminum lake</name>
</inactiveIngredientSubstance>
</inactiveIngredient>
<inactiveIngredient>
<inactiveIngredientSubstance>
<name>hypromellose</name>
</inactiveIngredientSubstance>
</inactiveIngredient>
<inactiveIngredient>
<inactiveIngredientSubstance>
<name>microcrystalline cellulose</name>
</inactiveIngredientSubstance>
</inactiveIngredient>
<inactiveIngredient>
<inactiveIngredientSubstance>
<name>polyethylene glycol</name>
</inactiveIngredientSubstance>
</inactiveIngredient>
<inactiveIngredient>
<inactiveIngredientSubstance>
<name>povidone</name>
</inactiveIngredientSubstance>
</inactiveIngredient>
<inactiveIngredient>
<inactiveIngredientSubstance>
<name>pregelatinized cornstarch</name>
</inactiveIngredientSubstance>
</inactiveIngredient>
<inactiveIngredient>
<inactiveIngredientSubstance>
<code code="4ELV7Z65AP" codeSystem="2.16.840.1.113883.4.9" codeSystemName="FDA SRS" />
<name>stearic acid</name>
</inactiveIngredientSubstance>
</inactiveIngredient>
<inactiveIngredient>
<inactiveIngredientSubstance>
<code code="15FIX9V2JP" codeSystem="2.16.840.1.113883.4.9" codeSystemName="FDA SRS" />
<name>titanium dioxide</name>
</inactiveIngredientSubstance>
</inactiveIngredient>
<asContent>
<quantity>
<numerator value="100">
<translation code="C48542" codeSystem="2.16.840.1.113883.3.26.1.1" displayName="TABLET" value="100" />
</numerator>
<denominator value="1">
<translation value="1" />
</denominator>
</quantity>
<containerPackagedMedicine>
<code code="46672-184-10" codeSystem="2.16.840.1.113883.6.69" codeSystemName="NDC" />
<formCode code="C43173" codeSystem="2.16.840.1.113883.3.26.1.1" displayName="BOTTLE, PLASTIC" />
</containerPackagedMedicine>
</asContent>
</manufacturedMedicine>
<subjectOf>
<policy classCode="DEADrugSchedule">
<code code="C48676" codeSystem="2.16.840.1.112883.3.26.1.1" displayName="CIII" />
</policy>
</subjectOf>
<subjectOf>
<policy classCode="DEADrugSchedule">
<code code="C48676" codeSystem="2.16.840.1.113883.3.26.1.1" displayName="CIII" />
</policy>
</subjectOf>
<subjectOf>
<policy classCode="DEADrugSchedule">
<code code="C48676" codeSystem="2.16.840.1.113883.3.26.1.1" displayName="CIII" />
</policy>
</subjectOf>
<subjectOf>
<characteristic classCode="OBS">
<code code="SPLCOLOR" codeSystem="2.16.840.1.113883.1.11.19255" />
<value code="C48328" codeSystem="2.16.840.1.113883.3.26.1.1" displayName="PINK" xsi:type="CE"><originalText>PINK</originalText></value>
</characteristic>
</subjectOf>
<subjectOf>
<characteristic classCode="OBS">
<code code="SPLSHAPE" codeSystem="2.16.840.1.113883.1.11.19255" />
<value code="C48345" codeSystem="2.16.840.1.113883.3.26.1.1" displayName="OVAL" xsi:type="CE"><originalText>OVAL</originalText></value>
</characteristic>
</subjectOf>
<subjectOf>
<characteristic classCode="OBS">
<code code="SPLSIZE" codeSystem="2.16.840.1.113883.1.11.19255" />
<value unit="mm" value="20" xsi:type="PQ" />
</characteristic>
</subjectOf>
<subjectOf>
<characteristic classCode="OBS">
<code code="SPLCOATING" codeSystem="2.16.840.1.113883.1.11.19255" />
<value value="true" xsi:type="BL" />
</characteristic>
</subjectOf>
<subjectOf>
<characteristic classCode="OBS">
<code code="SPLSCORE" codeSystem="2.16.840.1.113883.1.11.19255" />
<value value="2" xsi:type="INT" />
</characteristic>
</subjectOf>
<subjectOf>
<characteristic classCode="OBS">
<code code="SPLSYMBOL" codeSystem="2.16.840.1.113883.1.11.19255" />
<value value="false" xsi:type="BL" />
</characteristic>
</subjectOf>
<subjectOf>
<characteristic classCode="OBS">
<code code="SPLIMPRINT" codeSystem="2.16.840.1.113883.1.11.19255" />
<value xsi:type="ST">ANDRX;75</value>
</characteristic>
</subjectOf>
<consumedIn>
<substanceAdministration>
<routeCode code="C38288" codeSystem="2.16.840.1.113883.3.26.1.1" displayName="ORAL" />
</substanceAdministration>
</consumedIn>
</manufacturedProduct>
</subject>
</section>
</component>
<component>
<section ID="i4i_section_ID_31F04E2B-A1D2-4538-843E-CE64ADA01B75">
<id root="25AAAF0A-1FB0-4A1F-07D8-EEF1B0DA3654" />
<code code="42229-5" codeSystem="2.16.840.1.113883.6.1" codeSystemName="LOINC" displayName="SPL Unclassified section" />
<text><paragraph><content styleCode="bold">Rx Only</content></paragraph><paragraph>Code 886A00&#160;&#160;&#160;&#160;&#160;&#160;&#160;&#160;&#160;&#160;Rev. 01/03</paragraph></text>
<effectiveTime value="20060223" />
</section>
</component>
<component>
<section ID="i4i_description_ID_3D589273-E8C3-4E8B-8307-7855BB5D73F4">
<id root="E8338DA2-E4C1-F42A-B499-6CB45DEEE14C" />
<code code="34089-3" codeSystem="2.16.840.1.113883.6.1" codeSystemName="LOINC" displayName="Description section" />
<title mediaType="text/x-hl7-title+xml">DESCRIPTION</title>
<text><paragraph>Butalbital, Acetaminophen and Caffeine Tablets, USP is supplied in tablet form for oral administration.</paragraph><paragraph>Butalbital (5&#8209;allyl&#8209;5&#8209;isobutylbarbituric acid), a slightly bitter, white, odorless, crystalline powder, is a short to intermediate&#8209;acting barbiturate.  It has the following structural formula:</paragraph><renderMultiMedia referencedObject="ID_3A174473-083D-4C5C-B763-AB51392627FA" /><paragraph>C<sub>11</sub>H<sub>16</sub>N<sub>2</sub>O<sub>3</sub>&#160;&#160;&#160;&#160;&#160;&#160;&#160;&#160;&#160;&#160;&#160;&#160;&#160;&#160;&#160;&#160;&#160;&#160;&#160;&#160;&#160;&#160;&#160;&#160;&#160;&#160;&#160;&#160;&#160;&#160;&#160;&#160;&#160;&#160;&#160;&#160;&#160;&#160;&#160;&#160;&#160;&#160;&#160;&#160;&#160;&#160;&#160;&#160;&#160;&#160;&#160;&#160;&#160;&#160;&#160;&#160;&#160;&#160;&#160;&#160;&#160;&#160;&#160;&#160;&#160;&#160;&#160;&#160;&#160;&#160;&#160;&#160;&#160;&#160;&#160;&#160;&#160;&#160;&#160;&#160;&#160;&#160;&#160;&#160;&#160;&#160;&#160;&#160;&#160;&#160;&#160;&#160;&#160;&#160;&#160;&#160;&#160;&#160;&#160;&#160;&#160;&#160;&#160;&#160;&#160;&#160;&#160;&#160;&#160;&#160;&#160;&#160;&#160;&#160;&#160;MW = 224.26</paragraph><paragraph>Acetaminophen (4'&#8209;hydroxyacetanilide), a slightly bitter, white, odorless, crystalline powder, is a non&#8209;opiate, non&#8209;salicylate analgesic and antipyretic.  It has the following structural formula:</paragraph><renderMultiMedia referencedObject="ID_18FE9D2A-B348-403B-A882-A364293C5A84" /><paragraph>C<sub>8</sub>H<sub>9</sub>NO<sub>2</sub>&#160;&#160;&#160;&#160;&#160;&#160;&#160;&#160;&#160;&#160;&#160;&#160;&#160;&#160;&#160;&#160;&#160;&#160;&#160;&#160;&#160;&#160;&#160;&#160;&#160;&#160;&#160;&#160;&#160;&#160;&#160;&#160;&#160;&#160;&#160;&#160;&#160;&#160;&#160;&#160;&#160;&#160;&#160;&#160;&#160;&#160;&#160;&#160;&#160;&#160;&#160;&#160;&#160;&#160;&#160;&#160;&#160;&#160;&#160;&#160;&#160;&#160;&#160;&#160;&#160;&#160;&#160;&#160;&#160;&#160;&#160;&#160;&#160;&#160;&#160;&#160;&#160;&#160;&#160;&#160;&#160;&#160;&#160;&#160;&#160;&#160;&#160;&#160;&#160;&#160;&#160;&#160;&#160;&#160;&#160;&#160;&#160;&#160;&#160;&#160;&#160;&#160;&#160;&#160;&#160;&#160;&#160;&#160;&#160;&#160;&#160;&#160;&#160;&#160;&#160;&#160;&#160;MW = 151.16</paragraph><paragraph>Caffeine (1,3,7&#8209;trimethylxanthine), a bitter, white powder or white&#8209;glistening needles, is a central nervous system stimulant.  It has the following structural formula:</paragraph><renderMultiMedia referencedObject="ID_4FBA9B93-0BA4-4D55-A116-AF18DA0CA0B2" /><paragraph>C<sub>8</sub>H<sub>10</sub>N<sub>4</sub>O<sub>2</sub>&#160;&#160;&#160;&#160;&#160;&#160;&#160;&#160;&#160;&#160;&#160;&#160;&#160;&#160;&#160;&#160;&#160;&#160;&#160;&#160;&#160;&#160;&#160;&#160;&#160;&#160;&#160;&#160;&#160;&#160;&#160;&#160;&#160;&#160;&#160;&#160;&#160;&#160;&#160;&#160;&#160;&#160;&#160;&#160;&#160;&#160;&#160;&#160;&#160;&#160;&#160;&#160;&#160;&#160;&#160;&#160;&#160;&#160;&#160;&#160;&#160;&#160;&#160;&#160;&#160;&#160;&#160;&#160;&#160;&#160;&#160;&#160;&#160;&#160;&#160;&#160;&#160;&#160;&#160;&#160;&#160;&#160;&#160;&#160;&#160;&#160;&#160;&#160;&#160;&#160;&#160;&#160;&#160;&#160;&#160;&#160;&#160;&#160;&#160;&#160;&#160;&#160;&#160;&#160;&#160;&#160;&#160;&#160;&#160;&#160;&#160;&#160;MW = 194.19</paragraph><paragraph>Each Butalbital, Acetaminophen and Caffeine Tablet, USP contains:</paragraph><paragraph>Butalbital ......&#8230;....................................50 mg</paragraph><paragraph><content styleCode="bold">Warning:</content>  May be habit-forming.</paragraph><paragraph>Acetaminophen &#8230;&#8230;&#8230;&#8230;&#8230;&#8230;&#8230;&#8230;&#8230;750 mg</paragraph><paragraph>Caffeine &#8230;&#8230;&#8230;&#8230;&#8230;&#8230;&#8230;&#8230;&#8230;&#8230;&#8230;&#8230;40 mg</paragraph><paragraph>In addition, each tablet contains the following inactive ingredients:  colloidal silicon dioxide, croscarmellose sodium, crospovidone, microcrystalline cellulose, povidone, pregelatinized corn starch and stearic acid.  Film coating composed of:  carnauba wax, hypromellose, polyethylene glycol, titanium dioxide, D&amp;C Red No. 27 aluminum lake, FD&amp;C Blue No. 1 aluminum lake, D&amp;C Red No. 30 aluminum lake.</paragraph></text>
<effectiveTime value="20060223" />
<component>
<observationMedia ID="ID_3A174473-083D-4C5C-B763-AB51392627FA">
<value mediaType="image/jpeg" xsi:type="ED"><reference value="butalbital_tablets-01.jpg" /></value>
</observationMedia>
</component>
<component>
<observationMedia ID="ID_18FE9D2A-B348-403B-A882-A364293C5A84">
<value mediaType="image/jpeg" xsi:type="ED"><reference value="butalbital_tablets-02.jpg" /></value>
</observationMedia>
</component>
<component>
<observationMedia ID="ID_4FBA9B93-0BA4-4D55-A116-AF18DA0CA0B2">
<value mediaType="image/jpeg" xsi:type="ED"><reference value="butalbital_tablets-03.jpg" /></value>
</observationMedia>
</component>
</section>
</component>
<component>
<section ID="i4i_clinical_pharmacology_ID_7B0FDBB2-5C6C-4233-9857-83496CF63FF7">
<id root="F53A7577-22FB-EAC7-340A-9D73752F394B" />
<code code="34090-1" codeSystem="2.16.840.1.113883.6.1" codeSystemName="LOINC" displayName="Clinical Pharmacology section" />
<title mediaType="text/x-hl7-title+xml">CLINICAL PHARMACOLOGY</title>
<text><paragraph>This combination drug product is intended as a treatment for tension headache.</paragraph><paragraph>It consists of a fixed combination of butalbital, acetaminophen and caffeine.  The role each component plays in the relief of the complex of symptoms known as tension headache is incompletely understood.</paragraph></text>
<effectiveTime value="20060223" />
<component>
<section ID="i4i_section_ID_93CB3072-30E6-4F26-85CF-2620181426FE">
<id root="6B285AFB-B1C0-F4B4-FB56-90D7C0130FBC" />
<code code="42229-5" codeSystem="2.16.840.1.113883.6.1" codeSystemName="LOINC" displayName="SPL Unclassified section" />
<title mediaType="text/x-hl7-title+xml">Pharmacokinetics</title>
<text><paragraph>The behavior of the individual components is described below.</paragraph><paragraph><content styleCode="underline">Butalbital:</content> Butalbital is well absorbed from the gastrointestinal tract and is expected to distribute to most tissues in the body.  Barbiturates in general may appear in breast milk and readily cross the placental barrier.  They are bound to plasma and tissue proteins to a varying degree and binding increases directly as a function of lipid solubility.</paragraph><paragraph>Elimination of butalbital is primarily via the kidney (59% to 88% of the dose) as unchanged drug or metabolites.  The plasma half&#8209;life is about 35 hours.  Urinary excretion products include parent drug (about 3.6% of the dose), 5&#8209;isobutyl&#8209;5-(2,3&#8209;dihydroxypropyl) barbituric acid (about 24% of the dose), 5&#8209;allyl&#8209;5 (3&#8209;hydroxy&#8209;2&#8209;methyl&#8209;1&#8209;propyl) barbituric acid (about 4.8% of the dose), products with the barbituric acid ring hydrolyzed with excretion of urea (about 14% of the dose), as well as unidentified materials.  Of the material excreted in the urine, 32% is conjugated.</paragraph><paragraph>The <content styleCode="italics">in vitro</content> plasma binding of butalbital is 45% over the concentration range of 0.5 to 20 mcg/mL.  This falls within the range of plasma protein binding (20% to 45%) reported with other barbiturates such as phenobarbital, pentobarbital, and secobarbital sodium.  The plasma-to-blood concentration ratio was almost unity, indicating that there is no preferential distribution of butalbital into either plasma or blood cells.   (See <content styleCode="bold"><linkHtml href="#i4i_overdosage_ID_D4608892-09E5-4D60-A482-D3B6A3FF3B5A">OVERDOSAGE</linkHtml></content> for toxicity information.)</paragraph><paragraph><content styleCode="underline">Acetaminophen:</content>  Acetaminophen is rapidly absorbed from the gastrointestinal tract and is distributed throughout most body tissues.  The plasma half&#8209;life is 1.25 to 3 hours, but may be increased by liver damage and following overdosage.  Elimination of acetaminophen is principally by liver metabolism (conjugation) and subsequent renal excretion of metabolites.  Approximately 85% of an oral dose appears in the urine within 24 hours of administration, most as the glucuronide conjugate, with small amounts of other conjugates and unchanged drug.  (See <content styleCode="bold"><linkHtml href="#i4i_overdosage_ID_D4608892-09E5-4D60-A482-D3B6A3FF3B5A">OVERDOSAGE</linkHtml></content> for toxicity information.)</paragraph><paragraph><content styleCode="underline">Caffeine:</content>  Like most xanthines, caffeine is rapidly absorbed and distributed in all body tissues and fluids, including the CNS, fetal tissues, and breast milk.</paragraph><paragraph>Caffeine is cleared through metabolism and excretion in the urine.  The plasma half&#8209;life is about 3 hours.  Hepatic biotransformation, prior to excretion, results in about equal amounts of 1&#8209;methylxanthine and 1&#8209;methyluric acid.  Of the 70% of the dose that is recovered in the urine, only 3% is unchanged drug.  (See <content styleCode="bold"><linkHtml href="#i4i_overdosage_ID_D4608892-09E5-4D60-A482-D3B6A3FF3B5A">OVERDOSAGE</linkHtml></content> for toxicity information.)</paragraph></text>
<effectiveTime value="20060223" />
</section>
</component>
</section>
</component>
<component>
<section ID="i4i_indications_ID_7AFAC4F6-F60E-4A6E-9576-7EC79E51961D">
<id root="609550FE-5038-46A4-2C34-91578F201D4E" />
<code code="34067-9" codeSystem="2.16.840.1.113883.6.1" codeSystemName="LOINC" displayName="Indications section" />
<title mediaType="text/x-hl7-title+xml">INDICATIONS AND USAGE</title>
<text><paragraph>Butalbital, Acetaminophen and Caffeine Tablets, USP are indicated for the relief of the symptom complex of tension (or muscle contraction) headache.</paragraph><paragraph>Evidence supporting the efficacy and safety of this combination product in the treatment of multiple recurrent headaches is unavailable.  Caution in this regard is required because butalbital is habit&#8209;forming and potentially abusable.</paragraph></text>
<effectiveTime value="20060223" />
</section>
</component>
<component>
<section ID="i4i_contraindications_ID_DAC9FB67-D33F-46C9-ADB4-94250B410158">
<id root="20AF70B5-6C22-D0CA-DB88-6DD759B02577" />
<code code="34070-3" codeSystem="2.16.840.1.113883.6.1" codeSystemName="LOINC" displayName="Contraindications section" />
<title mediaType="text/x-hl7-title+xml">CONTRAINDICATIONS</title>
<text><paragraph>This product is contraindicated under the following conditions:</paragraph><list listType="unordered"><item>Hypersensitivity or intolerance to any component of this product.</item><item>Patients with porphyria.</item></list></text>
<effectiveTime value="20060223" />
</section>
</component>
<component>
<section ID="i4i_warnings_ID_30D69C2E-3DCF-40D7-B475-7380830C2DD9">
<id root="15BDCE0C-0464-2332-6068-386725607DBC" />
<code code="34071-1" codeSystem="2.16.840.1.113883.6.1" codeSystemName="LOINC" displayName="Warnings section" />
<title mediaType="text/x-hl7-title+xml">WARNINGS</title>
<text><paragraph>Butalbital is habit&#8209;forming and potentially abusable.  Consequently, the extended use of this product is not recommended.</paragraph></text>
<effectiveTime value="20060223" />
</section>
</component>
<component>
<section ID="i4i_precautions_ID_1BCDAF10-4E56-4F10-BAAA-E36D3DBDF119">
<id root="71D13705-FE38-B71D-5234-6195F254AB07" />
<code code="42232-9" codeSystem="2.16.840.1.113883.6.1" codeSystemName="LOINC" displayName="Precautions Section" />
<title mediaType="text/x-hl7-title+xml">PRECAUTIONS</title>
<effectiveTime value="20060223" />
<component>
<section ID="i4i_precautions_general_ID_B5040570-B982-4AAA-862E-5AB8AA725281">
<id root="E1C7E499-4BFC-67C6-F090-50010EC254DE" />
<code code="34072-9" codeSystem="2.16.840.1.113883.6.1" codeSystemName="LOINC" displayName="General Precautions section" />
<title mediaType="text/x-hl7-title+xml">General  </title>
<text><paragraph>Butalbital, Acetaminophen and Caffeine Tablets, USP should be prescribed with caution in certain special&#8209;risk patients, such as the elderly or debilitated, and those with severe impairment of renal or hepatic function, or acute abdominal conditions.</paragraph></text>
<effectiveTime value="20060223" />
</section>
</component>
<component>
<section ID="i4i_info_patients_ID_B97B3C25-DD19-4FF0-AB9E-062CC051B6FC">
<id root="86FA9571-1E4E-030C-3012-B1A55E7B7F71" />
<code code="34076-0" codeSystem="2.16.840.1.113883.6.1" codeSystemName="LOINC" displayName="Information for Patients section" />
<title mediaType="text/x-hl7-title+xml">Information for Patients  </title>
<text><paragraph>This product may impair mental and/or physical abilities required for the performance of potentially hazardous tasks such as driving a car or operating machinery.  Such tasks should be avoided while taking this product.</paragraph><paragraph>Alcohol and other CNS depressants may produce an additive CNS depression, when taken with this combination product, and should be avoided.</paragraph><paragraph>Butalbital may be habit&#8209;forming.  Patients should take the drug only for as long as it is prescribed, in the amounts prescribed, and no more frequently than prescribed.</paragraph><paragraph>For information on use in geriatric patients, see <linkHtml href="#i4i_precautions_ID_1BCDAF10-4E56-4F10-BAAA-E36D3DBDF119">PRECAUTIONS</linkHtml>/<linkHtml href="#i4i_geriatric_use_ID_D6F3E45E-A917-4209-AB90-B2177724BDB9">Geriatric Use  </linkHtml>.</paragraph></text>
<effectiveTime value="20060223" />
</section>
</component>
<component>
<section ID="i4i_lab_tests_ID_402701D8-1D74-482E-A5E5-EFCB633B1983">
<id root="C6C47FD4-0A50-1651-9546-35EB47992D99" />
<code code="34075-2" codeSystem="2.16.840.1.113883.6.1" codeSystemName="LOINC" displayName="Laboratory Tests section" />
<title mediaType="text/x-hl7-title+xml">Laboratory Tests </title>
<text><paragraph>In patients with severe hepatic or renal disease, effects of therapy should be monitored with serial liver and/or renal function tests.</paragraph></text>
<effectiveTime value="20060223" />
</section>
</component>
<component>
<section ID="i4i_drug_interaction_ID_58D9E413-2ABB-4426-A3B0-37FA84F1B890">
<id root="2D176534-D8A4-5454-5FF3-6044313E0649" />
<code code="34073-7" codeSystem="2.16.840.1.113883.6.1" codeSystemName="LOINC" displayName="Drug Interactions section" />
<title mediaType="text/x-hl7-title+xml">Drug Interactions</title>
<text><paragraph>The CNS effects of butalbital may be enhanced by monoamine oxidase (MAO) inhibitors.</paragraph><paragraph>Butalbital, Acetaminophen and Caffeine Tablets, USP may enhance the effects of:  other narcotic analgesics, alcohol, general anesthetics, tranquilizers such as chlordiazepoxide, sedative&#8209;hypnotics, or other CNS depressants, causing increased CNS depression.</paragraph></text>
<effectiveTime value="20060223" />
</section>
</component>
<component>
<section ID="i4i_drug_lab_interaction_ID_D1A155E4-4E26-4994-843C-B9380D02FA84">
<id root="A8463CE0-9822-574A-4353-8F7824E8331F" />
<code code="34074-5" codeSystem="2.16.840.1.113883.6.1" codeSystemName="LOINC" displayName="Drug/Laboratory Test Interactions section" />
<title mediaType="text/x-hl7-title+xml">Drug/Laboratory Test Interactions</title>
<text><paragraph>Acetaminophen may produce false&#8209;positive test results for urinary 5&#8209;hydroxyindoleacetic acid.</paragraph></text>
<effectiveTime value="20060223" />
</section>
</component>
<component>
<section ID="i4i_carcinogenesis_mutagenesis_fertility_ID_5FFE6A6B-2C5D-4F46-A581-86F11DD456F6">
<id root="1CA4A553-FDE2-E10B-48EB-ABE7EEC15C2F" />
<code code="34083-6" codeSystem="2.16.840.1.113883.6.1" codeSystemName="LOINC" displayName="Carcinogenesis, Mutagenesis, Impairment of Fertility section" />
<title mediaType="text/x-hl7-title+xml">Carcinogenesis, Mutagenesis, Impairment of Fertility  </title>
<text><paragraph>No adequate studies have been conducted in animals to determine whether acetaminophen or butalbital have a potential for carcinogenesis, mutagenesis or impairment of fertility.</paragraph></text>
<effectiveTime value="20060223" />
</section>
</component>
<component>
<section ID="i4i_pregnancy_ID_2C055BE2-1869-4934-A317-A3547A5D52AA">
<id root="CCFBB17A-BE23-CD83-FA42-958546472703" />
<code code="42228-7" codeSystem="2.16.840.1.113883.6.1" codeSystemName="LOINC" displayName="Pregnancy" />
<title mediaType="text/x-hl7-title+xml">Pregnancy</title>
<effectiveTime value="20060223" />
<component>
<section ID="i4i_teratogenic_ID_EBCBFB73-5D66-46B3-8C86-668638F83C5F">
<id root="C1ADEDA7-27F1-9E73-AEC8-097A34E85AFF" />
<code code="34077-8" codeSystem="2.16.840.1.113883.6.1" codeSystemName="LOINC" displayName="Teratogenic Effects section" />
<title mediaType="text/x-hl7-title+xml">Teratogenic Effects</title>
<effectiveTime value="20060223" />
<component>
<section ID="i4i_pregnancy_C_ID_83ED9B61-85EC-473C-B054-999B9747FE57">
<id root="BEF3CF7C-DE4C-EA7F-E877-1AA3E0A26964" />
<code code="42229-5" codeSystem="2.16.840.1.113883.6.1" codeSystemName="LOINC" displayName="SPL Unclassified section" />
<title mediaType="text/x-hl7-title+xml">Pregnancy Category C </title>
<text><paragraph>Animal reproduction studies have not been conducted with this combination product.  It is also not known whether butalbital, acetaminophen and caffeine can cause fetal harm when administered to a pregnant woman or can affect reproduction capacity.  This product should be given to a pregnant woman only when clearly needed.</paragraph></text>
<effectiveTime value="20060223" />
</section>
</component>
</section>
</component>
<component>
<section ID="i4i_non_teratogenic_ID_55945716-674E-4934-ABA2-26A667C93DF9">
<id root="ECE7FFC2-FBAD-DB02-6D9B-966230918F2E" />
<code code="34078-6" codeSystem="2.16.840.1.113883.6.1" codeSystemName="LOINC" displayName="Nonteratogenic Effects section" />
<title mediaType="text/x-hl7-title+xml">Nonteratogenic Effects  </title>
<text><paragraph>Withdrawal seizures were reported in a two&#8209;day&#8209;old male infant whose mother had taken a butalbital&#8209;containing drug during the last two months of pregnancy.  Butalbital was found in the infant's serum.  The infant was given phenobarbital 5 mg/kg, which was tapered without further seizure or other withdrawal symptoms.</paragraph></text>
<effectiveTime value="20060223" />
</section>
</component>
</section>
</component>
<component>
<section ID="i4i_nursing_mothers_ID_268DCD9C-66E3-47A7-A8E5-F0C03CE312F9">
<id root="BB1FF166-0A73-0E57-A44B-E73EBB7BA3D1" />
<code code="34080-2" codeSystem="2.16.840.1.113883.6.1" codeSystemName="LOINC" displayName="Nursing Mothers section" />
<title mediaType="text/x-hl7-title+xml">Nursing Mothers  </title>
<text><paragraph>Caffeine, barbiturates and acetaminophen are excreted in breast milk in small amounts, but the significance of their effects on nursing infants is not known.  Because of potential for serious adverse reactions in nursing infants from butalbital, acetaminophen and caffeine, a decision should be made whether to discontinue nursing or to discontinue the drug, taking into account the importance of the drug to the mother.</paragraph></text>
<effectiveTime value="20060223" />
</section>
</component>
<component>
<section ID="i4i_pediatric_use_ID_B49E0732-7C66-40F1-8D83-8B4B0E84CDB4">
<id root="6E8E52E2-B6EA-E2BE-D456-6AA37BBBB33C" />
<code code="34081-0" codeSystem="2.16.840.1.113883.6.1" codeSystemName="LOINC" displayName="Pediatric section" />
<title mediaType="text/x-hl7-title+xml">Pediatric Use  </title>
<text><paragraph>Safety and effectiveness in pediatric patients have not been established.</paragraph></text>
<effectiveTime value="20060223" />
</section>
</component>
<component>
<section ID="i4i_geriatric_use_ID_D6F3E45E-A917-4209-AB90-B2177724BDB9">
<id root="26D16C6E-2EAF-7891-308A-14D48D06F160" />
<code code="34082-8" codeSystem="2.16.840.1.113883.6.1" codeSystemName="LOINC" displayName="Geriatric section" />
<title mediaType="text/x-hl7-title+xml">Geriatric Use  </title>
<text><paragraph>Clinical studies of Butalbital, Acetaminophen and Caffeine Tablets did not include sufficient numbers of subjects aged 65 and over to determine whether they respond differently from younger subjects.  Other reported clinical experience has not identified differences in responses between the elderly and younger patients.  In general, dose selection for an elderly patient should be cautious, usually starting at the low end of the dosing rage, reflecting the greater frequency of decreased hepatic, renal, or cardiac function, and of concomitant disease or renal drug therapy.</paragraph><paragraph>Butalbital is known to be substantially excreted by the kidney, and the risk of toxic reactions to this drug may be greater in patients with impaired renal function.  Because elderly patients are more likely to have decreased renal function, care should be taken in dose selection, and it may be useful to monitor renal function.</paragraph></text>
<effectiveTime value="20060223" />
</section>
</component>
</section>
</component>
<component>
<section ID="i4i_adverse_effects_ID_E02FC540-489F-43DF-B1B2-89B797D79471">
<id root="79C23CDC-2E7F-942F-E6E6-99242E1DD6D1" />
<code code="34084-4" codeSystem="2.16.840.1.113883.6.1" codeSystemName="LOINC" displayName="Adverse Reactions section" />
<title mediaType="text/x-hl7-title+xml">ADVERSE REACTIONS</title>
<effectiveTime value="20060223" />
<component>
<section ID="i4i_section_ID_4D3764AB-0221-46DF-8851-3C1C783817FE">
<id root="CCD048C7-A5E3-C1E5-B31C-4EDA0C60748E" />
<code code="42229-5" codeSystem="2.16.840.1.113883.6.1" codeSystemName="LOINC" displayName="SPL Unclassified section" />
<title mediaType="text/x-hl7-title+xml">Frequently Observed</title>
<text><paragraph>The most frequently reported adverse reactions are drowsiness, lightheadedness, dizziness, sedation, shortness of breath, nausea, vomiting, abdominal pain, and intoxicated feeling.</paragraph></text>
<effectiveTime value="20060223" />
</section>
</component>
<component>
<section ID="i4i_section_ID_7F4B9B58-98CD-4A66-9464-8C5885D9F68D">
<id root="519CF16C-D187-B3AF-D089-9C39C02B17CC" />
<code code="42229-5" codeSystem="2.16.840.1.113883.6.1" codeSystemName="LOINC" displayName="SPL Unclassified section" />
<title mediaType="text/x-hl7-title+xml">Infrequently Observed</title>
<text><paragraph>All adverse events tabulated below are classified as infrequent.</paragraph><paragraph><content styleCode="italics">Central Nervous System:</content>  headache, shaky feeling, tingling, agitation, fainting, fatigue, heavy eyelids, high energy, hot spells, numbness, sluggishness, seizure.  Mental confusion, excitement or depression can also occur due to intolerance, particularly in elderly or debilitated patients, or due to overdosage of butalbital.</paragraph><paragraph><content styleCode="italics">Autonomic Nervous System: </content> dry mouth, hyperhidrosis.</paragraph><paragraph><content styleCode="italics">Gastrointestinal:</content>  difficulty swallowing, heartburn, flatulence, constipation.</paragraph><paragraph><content styleCode="italics">Cardiovascular:</content>  tachycardia.</paragraph><paragraph><content styleCode="italics">Musculoskeletal:</content>  leg pain, muscle fatigue.</paragraph><paragraph><content styleCode="italics">Genitourinary:  </content>diuresis.</paragraph><paragraph><content styleCode="italics">Miscellaneous:&#160;</content>&#160;pruritus, fever, earache, nasal congestion, tinnitus, euphoria, allergic reactions.</paragraph><paragraph>Several cases of dermatological reactions, including toxic epidermal necrolysis and erythema multiforme, have been reported.</paragraph><paragraph><content styleCode="bold">The following adverse drug events may be borne in mind as potential effects of the components of this product.  Potential effects of high dosage are listed in the OVERDOSAGE section.</content></paragraph><paragraph><content styleCode="italics">Acetaminophen:</content>  allergic reactions, rash, thrombocytopenia, agranulocytosis.</paragraph><paragraph><content styleCode="italics">Caffeine:</content>  cardiac stimulation, irritability, tremor, dependence, nephrotoxicity, hyperglycemia.</paragraph></text>
<effectiveTime value="20060223" />
</section>
</component>
</section>
</component>
<component>
<section ID="i4i_abuse_dependence_ID_13EA1685-6437-4DE4-9D5A-D21D0C31FEFC">
<id root="62C536E4-7C2A-BF5A-CBDE-11C32EDD928F" />
<code code="42227-9" codeSystem="2.16.840.1.113883.6.1" codeSystemName="LOINC" displayName="Drug Abuse and Dependence section" />
<title mediaType="text/x-hl7-title+xml">DRUG ABUSE AND DEPENDENCE</title>
<effectiveTime value="20060223" />
<component>
<section ID="i4i_abuse_ID_E1250CE0-E2D9-4103-83B3-D6B9AB01FFCC">
<id root="C75A8C29-9368-F5BA-E6D1-BB3C76597820" />
<code code="34086-9" codeSystem="2.16.840.1.113883.6.1" codeSystemName="LOINC" displayName="Abuse section" />
<title mediaType="text/x-hl7-title+xml">Abuse and Dependence &#160;</title>
<text><paragraph><content styleCode="underline">Butalbital:</content><content styleCode="italics">Barbiturates may be habit&#8209;forming:</content>  Tolerance, psychological dependence, and physical dependence may occur especially following prolonged use of high doses of barbiturates.  The average daily dose for the barbiturate addict is usually about 1500 mg.  As tolerance to barbiturates develops, the amount needed to maintain the same level of intoxication increases; tolerance to a fatal dosage, however, does not increase more than two&#8209;fold.  As this occurs, the margin between an intoxication dosage and fatal dosage becomes smaller.  The lethal dose of a barbiturate is far less if alcohol is also ingested.  Major withdrawal symptoms (convulsions and delirium) may occur within 16 hours and last up to 5 days after abrupt cessation of these drugs.  Intensity of withdrawal symptoms gradually declines over a period of approximately 15 days.  Treatment of barbiturate dependence consists of cautious and gradual withdrawal of the drug.  Barbiturate&#8209;dependent patients can be withdrawn by using a number of different withdrawal regimens.  One method involves initiating treatment at the patient's regular dosage level and gradually decreasing the daily dosage as tolerated by the patient.</paragraph></text>
<effectiveTime value="20060223" />
</section>
</component>
</section>
</component>
<component>
<section ID="i4i_overdosage_ID_D4608892-09E5-4D60-A482-D3B6A3FF3B5A">
<id root="602ED25D-402D-5FAE-DF4E-106D9E20AAC8" />
<code code="34088-5" codeSystem="2.16.840.1.113883.6.1" codeSystemName="LOINC" displayName="Overdosage section" />
<title mediaType="text/x-hl7-title+xml">OVERDOSAGE</title>
<text><paragraph>Following an acute overdosage of butalbital, acetaminophen and caffeine, toxicity may result from the barbiturate or the acetaminophen.  Toxicity due to caffeine is less likely, due to the relatively small amounts in this formulation.</paragraph></text>
<effectiveTime value="20060223" />
<component>
<section ID="i4i_section_ID_9F4E136F-9316-42B4-853D-46FAA8E431AE">
<id root="76B43E77-D48B-7D09-3F40-8DB7A3B697A4" />
<code code="42229-5" codeSystem="2.16.840.1.113883.6.1" codeSystemName="LOINC" displayName="SPL Unclassified section" />
<title mediaType="text/x-hl7-title+xml">Signs and Symptoms</title>
<text><paragraph>Toxicity from&#160;<content styleCode="underline">barbiturate</content> poisoning include drowsiness, confusion, and coma; respiratory depression; hypotension; and hypovolemic shock.</paragraph><paragraph>In&#160;<content styleCode="underline">acetaminophen</content> overdosage:  dose&#8209;dependent, potentially fatal hepatic necrosis is the most serious adverse effect.  Renal tubular necroses, hypoglycemic coma and thrombocytopenia may also occur.  Early symptoms following a potentially hepatotoxic overdose may include:  nausea, vomiting, diaphoresis and general malaise.  Clinical and laboratory evidence of hepatic toxicity may not be apparent until 48 to 72 hours post&#8209;ingestion.  In adults hepatic toxicity has rarely been reported with acute overdoses of less than 10 grams, or fatalities with less than 15 grams.</paragraph><paragraph>Acute <content styleCode="underline">caffeine</content> poisoning may cause insomnia, restlessness, tremor, and delirium, tachycardia and extrasystoles.</paragraph></text>
<effectiveTime value="20060223" />
</section>
</component>
<component>
<section ID="i4i_section_ID_A9131FD7-F2C8-43FC-8EC5-9689E7C33060">
<id root="A725D08F-3A59-775A-3E1A-3E7D97181CBB" />
<code code="42229-5" codeSystem="2.16.840.1.113883.6.1" codeSystemName="LOINC" displayName="SPL Unclassified section" />
<title mediaType="text/x-hl7-title+xml">Treatment </title>
<text><paragraph>A single or multiple overdose with this combination product is a potentially lethal polydrug overdose, and consultation with a regional poison control center is recommended.</paragraph><paragraph>Immediate treatment includes support of cardiorespiratory function and measures to reduce drug absorption.  Vomiting should be induced mechanically, or with syrup of ipecac, if the patient is alert (adequate pharyngeal and laryngeal reflexes).  Oral activated charcoal (1 g/kg) should follow gastric emptying.  The first dose should be accompanied by an appropriate cathartic.  If repeated doses are used, the cathartic might be included with alternate doses as required.  </paragraph><paragraph>Hypotension is usually hypovolemic and should respond to fluids.  Pressors should be avoided.  A cuffed endotracheal tube should be inserted before gastric lavage of the unconscious patient and, when necessary, to provide assisted respiration.  If renal function is normal, forced diuresis may aid in the elimination of the barbiturate.  Alkalinization of the urine increases renal excretion of some barbiturates, especially phenobarbital.</paragraph><paragraph>Meticulous attention should be given to maintaining adequate pulmonary ventilation.  In severe cases of intoxication, peritoneal dialysis, or preferably hemodialysis may be considered.  If hypoprothrombinemia occurs due to acetaminophen overdose, vitamin K should be administered intravenously.</paragraph><paragraph>If the dose of acetaminophen may have exceeded 140 mg/kg, acetylcysteine should be administered as early as possible.  Serum acetaminophen levels should be obtained, since levels four or more hours following ingestion help predict acetaminophen toxicity.  Do not await acetaminophen assay results before initiating treatment.  Hepatic enzymes should be obtained initially, and repeated at 24&#8209;hour intervals.</paragraph><paragraph>Methemoglobinemia over 30% should be treated with methylene blue by slow intravenous administration.</paragraph></text>
<effectiveTime value="20060223" />
</section>
</component>
<component>
<section ID="i4i_section_ID_CA080F02-46BA-4EEC-BCDA-5F0A56E7BFCB">
<id root="5240230C-2EC0-2825-34E1-5FE66BBE445C" />
<code code="42229-5" codeSystem="2.16.840.1.113883.6.1" codeSystemName="LOINC" displayName="SPL Unclassified section" />
<title mediaType="text/x-hl7-title+xml">Toxic Doses (for adults)</title>
<text><paragraph>Butalbital: toxic dose   1 g(20 tablets)</paragraph><paragraph>Acetaminophen:  toxic dose 10 g(13 tablets)</paragraph><paragraph>Caffeine:  toxic dose   1 g (25 tablets)</paragraph><paragraph>In all cases of suspected overdosage, call your Regional Poison Control Center to obtain the most up-to-date information about the treatment of overdosage.  Telephone numbers of certified Regional Poison Control Centers are listed in the Physician&#8217;s Desk Reference<sup>&#174;</sup>*.&#160;</paragraph></text>
<effectiveTime value="20060223" />
</section>
</component>
</section>
</component>
<component>
<section ID="i4i_dosage_admin_ID_C1F2713F-2C3E-46A2-AEEE-D7D76405D9AB">
<id root="09649489-D6CB-AC13-6BA9-44E9DB571790" />
<code code="34068-7" codeSystem="2.16.840.1.113883.6.1" codeSystemName="LOINC" displayName="Dosage and Administration section" />
<title mediaType="text/x-hl7-title+xml">DOSAGE AND ADMINISTRATION</title>
<text><paragraph>One tablet every four hours.  Total daily dosage should not exceed 5 tablets.</paragraph><paragraph>Extended and repeated use of this product is not recommended because of the potential for physical dependence.</paragraph></text>
<effectiveTime value="20060223" />
</section>
</component>
<component>
<section ID="i4i_how_supplied_ID_381B0F4A-938A-49F6-A62C-9907BA940CF4">
<id root="BB9E33E1-2B38-4D12-B9A3-EC9F25536EFC" />
<code code="34069-5" codeSystem="2.16.840.1.113883.6.1" codeSystemName="LOINC" displayName="How Supplied section" />
<title mediaType="text/x-hl7-title+xml">HOW SUPPLIED</title>
<text><paragraph>Butalbital, Acetaminophen and Caffeine Tablets USP, containing butalbital 50 mg <content styleCode="bold">(Warning: May be habit-forming)</content>, acetaminophen 750 mg and caffeine 40 mg are pink, oval shaped tablets with a convex face and are debossed &#8220;ANDRX&#8221; on one side and &#8220;075&#8221; on the other side.  </paragraph><paragraph>They are supplied in bottles of 100, NDC 46672-184-10.</paragraph></text>
<effectiveTime value="20060223" />
<component>
<section ID="i4i_section_ID_F9929AC1-2769-4ABB-8351-3D51D22197D2">
<id root="CF3262F1-1323-20A0-3E9E-68BD56656854" />
<code code="44425-7" codeSystem="2.16.840.1.113883.6.1" codeSystemName="LOINC" displayName="STORAGE AND HANDLING section" />
<title mediaType="text/x-hl7-title+xml">STORAGE</title>
<text><paragraph>Store at controlled room temperature, 15&#176;C to 30&#176;C (59&#176;F to 86&#176;F) [see USP]. </paragraph><paragraph>Dispense in a tight, light&#8209;resistant container with a child&#8209;resistant closure.</paragraph><paragraph>*Trademark of Medical Economics Company, Inc.</paragraph><paragraph>Rx Only</paragraph><paragraph>Manufactured by:</paragraph><paragraph><content styleCode="bold">MIKART, INC.</content></paragraph><paragraph>Atlanta, GA 30318</paragraph><paragraph>Distributed by:</paragraph><paragraph><content styleCode="bold">ANDRX PHARMACEUTICALS, INC.</content></paragraph><paragraph>Madison, MS 39110</paragraph><paragraph>Rev. 01/03Code 886A00</paragraph></text>
<effectiveTime value="20060223" />
</section>
</component>
</section>
</component>
</structuredBody>
</component>
</document>
