<?xml version="1.0" encoding="utf-8"?>
<?xml-stylesheet href="http://www.fda.gov/oc/datacouncil/stylesheets/spl/spl.xsl" type="text/xsl"?>
<document xmlns:voc="http://www.hl7.org/v3/voc" xmlns="urn:hl7-org:v3" xmlns:xsi="http://www.w3.org/2001/XMLSchema-instance" xsi:schemaLocation="urn:hl7-org:v3 http://www.fda.gov/oc/datacouncil/schemas/spl/spl.xsd">
	<id root="dffb4544-0e47-40cd-9baa-d622075838cc"/>
	<code code="34391-3" codeSystem="2.16.840.1.113883.6.1" codeSystemName="LOINC" displayName="Human prescription drug label"/>
	<title mediaType="text/x-hl7-title+xml">Mykrox&#174; Tablets<br/>
		<br/>(metolazone tablets, USP)</title>
	<effectiveTime value="20060112"/>
	<setId root="dffb4544-0e47-40cd-9baa-d622075838cc"/>
	<versionNumber value="1"/>
	<author>
  <time/>
  <assignedEntity>
   <representedOrganization>
    <name>Celltech Pharmaceuticals, Inc.</name>
   </representedOrganization>
  </assignedEntity>
</author>
	<component>
		<structuredBody>
			<component>
				<section>
					<id root="dffb4544-0e47-40cd-9baa-d622075839cc"/>
					<effectiveTime value="20060112"/>
					<subject>
						<manufacturedProduct>
							<manufacturedMedicine>
								<code code="53014-847"/>
								<name>Mykrox Tablets</name>
								<formCode code="C42998" codeSystem="2.16.84.1.1138833.26.1.1" displayName="TABLET"/>
								<activeIngredient>
									<quantity>
										<numerator unit="ug" value="500">
											<translation code="C48152" codeSystem="2.16.840.1.113883.3.26.1.1" displayName="MICROGRAM" value="500"/>
										</numerator>
										<denominator value="1">
											<translation code="C48542" codeSystem="2.16.840.1.113883.3.26.1.1" displayName="TABLET" value="1"/>
										</denominator>
									</quantity>
									<activeIngredientSubstance>
										<code code="TZ7V40X7VX" codeSystem="2.16.840.1.113883.4.9" codeSystemName="FDA SRS"/>
										<name>metolazone</name>
										<activeMoiety>
											<activeMoiety>
												<code code="TZ7V40X7VX" codeSystem="2.16.840.1.113883.4.9" codeSystemName="FDA SRS"/>
												<name>metolazone</name>
											</activeMoiety>
										</activeMoiety>
									</activeIngredientSubstance>
								</activeIngredient>
								<asEntityWithGeneric>
									<genericMedicine>
										<name>metolazone tablets</name>
									</genericMedicine>
								</asEntityWithGeneric>
								<inactiveIngredient>
									<inactiveIngredientSubstance>
										<name>dibasic calcium phosphate</name>
									</inactiveIngredientSubstance>
								</inactiveIngredient>
								<inactiveIngredient>
									<inactiveIngredientSubstance>
										<name>magnesium stearate</name>
									</inactiveIngredientSubstance>
								</inactiveIngredient>
								<inactiveIngredient>
									<inactiveIngredientSubstance>
										<name>microcrystalline cellulose</name>
									</inactiveIngredientSubstance>
								</inactiveIngredient>
								<inactiveIngredient>
									<inactiveIngredientSubstance>
										<name>pregelatinized starch</name>
									</inactiveIngredientSubstance>
								</inactiveIngredient>
								<inactiveIngredient>
									<inactiveIngredientSubstance>
										<name>sodium starch glycolate</name>
									</inactiveIngredientSubstance>
								</inactiveIngredient>
								<asContent>
									<quantity>
										<numerator unit="1" value="100">
											<translation code="C48542" codeSystem="2.16.840.1.113883.3.26.1.1" displayName="TABLET" value="100"/>
										</numerator>
										<denominator>
											<translation value="1"/>
										</denominator>
									</quantity>
									<containerPackagedMedicine>
										<code code="53014-847-71" codeSystem="2.16.840.1.113883.6.69"/>
										<formCode code="C43173" codeSystem="2.16.840.1.113883.3.26.1.1" displayName="BOTTLE, PLASTIC"/>
									</containerPackagedMedicine>
								</asContent>
							</manufacturedMedicine>
							<subjectOf>
								<characteristic classCode="OBS">
									<code code="SPLCOLOR" codeSystem="2.16.840.1.113883.1.11.19255"/>
									<value code="C48325" codeSystem="2.16.840.1.113883.3.26.1.1" displayName="WHITE" xsi:type="CE">
										<originalText/>
									</value>
								</characteristic>
							</subjectOf>
							<subjectOf>
								<characteristic classCode="OBS">
									<code code="SPLSCORE" codeSystem="2.16.840.1.113883.1.11.19255"/>
									<value value="1" xsi:type="INT"/>
								</characteristic>
							</subjectOf>
							<subjectOf>
								<characteristic classCode="OBS">
									<code code="SPLSHAPE" codeSystem="2.16.840.1.113883.1.11.19255"/>
									<value code="C48348" codeSystem="2.16.840.1.113883.3.26.1.1" displayName="ROUND" xsi:type="CE">
										<originalText/>
									</value>
								</characteristic>
							</subjectOf>
							<subjectOf>
								<characteristic classCode="OBS">
									<code code="SPLSIZE" codeSystem="2.16.840.1.113883.1.11.19255"/>
									<value unit="mm" value="6" xsi:type="PQ"/>
								</characteristic>
							</subjectOf>
							<subjectOf>
								<characteristic classCode="OBS">
									<code code="SPLCOATING" codeSystem="2.16.840.1.113883.1.11.19255"/>
									<value value="false" xsi:type="BL"/>
								</characteristic>
							</subjectOf>
							<subjectOf>
								<characteristic classCode="OBS">
									<code code="SPLSYMBOL" codeSystem="2.16.840.1.113883.1.11.19255"/>
									<value value="false" xsi:type="BL"/>
								</characteristic>
							</subjectOf>
							<subjectOf>
								<characteristic classCode="OBS">
									<code code="SPLIMPRINT" codeSystem="2.16.840.1.113883.1.11.19255"/>
									<value xsi:type="ST">MYKROX;1/2</value>
								</characteristic>
							</subjectOf>
							<consumedIn>
								<substanceAdministration>
									<routeCode code="C38288" codeSystem="2.16.840.1.113883.3.26.1.1" displayName="ORAL"/>
								</substanceAdministration>
							</consumedIn>
						</manufacturedProduct>
					</subject>
				</section>
			</component>
			<component>
				<section>
					<id root="dffb4544-0e47-40cd-9baa-d622075840cc"/>
					<code code="42229-5" codeSystem="2.16.840.1.113883.6.1" codeSystemName="LOINC" displayName="SPL UNCLASSIFIED SECTION"/>
					<title mediaType="text/x-hl7-title+xml"/>
					<text>
						<paragraph>
							<content styleCode="bold underline">DO NOT INTERCHANGE:</content>
						</paragraph>
						<paragraph>
							<content styleCode="bold">MYKROX TABLETS ARE A RAPIDLY AVAILABLE FORMULATION OF METOLAZONE FOR ORAL ADMINISTRATION. MYKROX TABLETS AND OTHER FORMULATIONS OF METOLAZONE THAT SHARE ITS MORE RAPID AND COMPLETE BIOAVAILABILITY ARE </content>
							<content styleCode="bold underline">NOT</content>
							<content styleCode="bold"> THERAPEUTICALLY EQUIVALENT TO ZAROXOLYN&#174; TABLETS AND OTHER FORMULATIONS OF METOLAZONE THAT SHARE ITS SLOW AND INCOMPLETE BIOAVAILABILITY. FORMULATIONS BIOEQUIVALENT TO MYKROX AND FORMULATIONS BIOEQUIVALENT TO ZAROXOLYN SHOULD </content>
							<content styleCode="bold underline">NOT</content>
							<content styleCode="bold"> BE INTERCHANGED FOR ONE ANOTHER.</content>
						</paragraph>
					</text>
					<effectiveTime value="20060112"/>
				</section>
			</component>
			<component>
				<section>
					<id root="dffb4544-0e47-40cd-9baa-d622075841cc"/>
					<code code="34089-3" codeSystem="2.16.840.1.113883.6.1" codeSystemName="LOINC" displayName="DESCRIPTION SECTION"/>
					<title mediaType="text/x-hl7-title+xml">DESCRIPTION</title>
					<text>
						<paragraph>MYKROX Tablets (metolazone tablets, USP) for oral administration contain &#189; mg of metolazone, USP, a diuretic/saluretic/antihypertensive drug of the quinazoline class.</paragraph>
						<paragraph>Metolazone has the molecular formula C<sub>16</sub>H<sub>16</sub>ClN<sub>3</sub>O<sub>3</sub>S, the chemical name 7-chloro-1, 2, 3, 4-tetrahydro-2-methyl-3-(2-methylphenyl)-4-oxo-6-quinazolinesulfonamide, and a molecular weight of 365.83. The structural formula is:</paragraph>
						<paragraph>
							<renderMultiMedia referencedObject="MM1"/>
						</paragraph>
						<paragraph>Metolazone is only sparingly soluble in water, but more soluble in plasma, blood, alkali, and organic solvents.</paragraph>
						<paragraph>Inactive Ingredients: Dibasic calcium phosphate, magnesium stearate, microcrystalline cellulose, pregelatinized starch, sodium starch glycolate. </paragraph>
					</text>
					<effectiveTime value="20060112"/>
					<component>
						<observationMedia ID="MM1">
							<value mediaType="image/jpeg" xsi:type="ED">
								<reference value="mykrox-structure.jpg"/>
							</value>
						</observationMedia>
					</component>
				</section>
			</component>
			<component>
				<section>
					<id root="dffb4544-0e47-40cd-9baa-d622075842cc"/>
					<code code="34090-1" codeSystem="2.16.840.1.113883.6.1" codeSystemName="LOINC" displayName="CLINICAL PHARMACOLOGY SECTION"/>
					<title mediaType="text/x-hl7-title+xml">CLINICAL PHARMACOLOGY</title>
					<text>
						<paragraph>MYKROX (metolazone) is a quinazoline diuretic, with properties generally similar to the thiazide diuretics. The actions of MYKROX result from interference with the renal tubular mechanism of electrolyte reabsorption. MYKROX acts primarily to inhibit sodium reabsorption at the cortical diluting site and to a lesser extent in the proximal convoluted tubule. Sodium and chloride ions are excreted in approximately equivalent amounts. The increased delivery of sodium to the distal tubular exchange site results in increased potassium excretion. MYKROX does not inhibit carbonic anhydrase. A proximal action of metolazone has been shown in humans by increased excretion of phosphate and magnesium ions and by a markedly increased fractional excretion of sodium in patients with severely compromised glomerular filtration. This action has been demonstrated in animals by micropuncture studies. </paragraph>
						<paragraph>The antihypertensive mechanism of action of metolazone is not fully understood but is presumed to be related to its saluretic and diuretic properties. </paragraph>
						<paragraph>In two double-blind, controlled clinical trials of MYKROX Tablets, the maximum effect on mean blood pressure was achieved within 2 weeks of treatment and showed some evidence of an increased response at 1 mg compared to &#189; mg. There was no indication of an increased response with 2 mg. </paragraph>
						<paragraph>After six weeks of treatment, the mean fall in serum potassium was 0.42 mEq/L at &#189; mg, 0.66 mEq/L at 1 mg, and 0.7 mEq/L at 2 mg. Serum uric acid increased by 1.1 to 1.4 mg/dL at increasing doses. There were small falls in serum sodium and chloride and a 1.3-2.1 mg/dL increase in BUN at increasing doses.</paragraph>
						<paragraph>The rate and extent of absorption of metolazone from MYKROX Tablets were equivalent to those from an oral solution of metolazone. Peak blood levels are obtained within 2 to 4 hours of oral administration with an elimination half-life of approximately 14 hours. MYKROX Tablets have been shown to produce blood levels that are dose proportional between &#189; -2 mg. Steady state blood levels are usually reached in 4-5 days. </paragraph>
						<paragraph>In contrast, other formulations of metolazone produce peak blood concentrations approximately 8 hours following oral administration; absorption continues for an additional 12 hours.</paragraph>
					</text>
					<effectiveTime value="20060112"/>
				</section>
			</component>
			<component>
				<section>
					<id root="dffb4544-0e47-40cd-9baa-d622075843cc"/>
					<code code="34067-9" codeSystem="2.16.840.1.113883.6.1" codeSystemName="LOINC" displayName="INDICATIONS AND USAGE SECTION"/>
					<title mediaType="text/x-hl7-title+xml">INDICATIONS AND USAGE</title>
					<text>
						<paragraph>MYKROX Tablets are indicated for the treatment of hypertension, alone or in combination with other antihypertensive drugs of a different class. </paragraph>
						<paragraph>
							<content styleCode="bold">MYKROX TABLETS HAVE </content>
							<content styleCode="bold underline">NOT</content>
							<content styleCode="bold"> BEEN EVALUATED FOR THE TREATMENT OF CONGESTIVE HEART FAILURE OR FLUID RETENTION DUE TO RENAL OR HEPATIC DISEASE AND THE CORRECT DOSAGE FOR THESE CONDITIONS AND OTHER EDEMA STATES HAS NOT BEEN ESTABLISHED. </content>
						</paragraph>
						<paragraph>
							<content styleCode="bold">SINCE A SAFE AND EFFECTIVE </content>
							<content styleCode="bold underline">DIURETIC</content>
							<content styleCode="bold"> DOSE HAS NOT BEEN ESTABLISHED, MYKROX TABLETS SHOULD </content>
							<content styleCode="bold underline">NOT</content>
							<content styleCode="bold"> BE USED WHEN DIURESIS IS DESIRED. </content>
						</paragraph>
					</text>
					<effectiveTime value="20060112"/>
					<component>
						<section>
							<id root="dffb4544-0e47-40cd-9baa-d622075844cc"/>
							<code code="42228-7" codeSystem="2.16.840.1.113883.6.1" codeSystemName="LOINC" displayName="PREGNANCY SECTION"/>
							<title mediaType="text/x-hl7-title+xml">Usage in Pregnancy</title>
							<text>
								<paragraph>The routine use of diuretics in an otherwise healthy woman is inappropriate and exposes mother and fetus to unnecessary hazard. Diuretics do not prevent development of toxemia of pregnancy, and there is no evidence that they are useful in the treatment of developed toxemia (see <linkHtml href="#Pre">PRECAUTIONS</linkHtml>).</paragraph>
								<paragraph>Edema during pregnancy may arise from pathologic causes or from the physiologic and mechanical consequences of pregnancy. MYKROX is not indicated for the treatment of edema in pregnancy. Dependent edema in pregnancy resulting from restriction of venous return by the expanded uterus is properly treated through elevation of the lower extremities and use of support hose; use of diuretics to lower intravascular volume in this case is illogical and unnecessary. There is hypervolemia during normal pregnancy which is harmful to neither the fetus nor the mother (in the absence of cardiovascular disease), but which is associated with edema, including generalized edema, in the majority of pregnant women. If this edema produces discomfort, increased recumbency will often provide relief. In rare instances, this edema may cause extreme discomfort which is not relieved by rest. In these cases, a short course of diuretics may be appropriate.</paragraph>
							</text>
							<effectiveTime value="20060112"/>
						</section>
					</component>
				</section>
			</component>
			<component>
				<section>
					<id root="dffb4544-0e47-40cd-9baa-d622075845cc"/>
					<code code="34070-3" codeSystem="2.16.840.1.113883.6.1" codeSystemName="LOINC" displayName="CONTRAINDICATIONS SECTION"/>
					<title mediaType="text/x-hl7-title+xml">CONTRAINDICATIONS</title>
					<text>
						<paragraph>Anuria, hepatic coma or precoma, known allergy or hypersensitivity to metolazone.</paragraph>
					</text>
					<effectiveTime value="20060112"/>
				</section>
			</component>
			<component>
				<section ID="Warnings">
					<id root="dffb4544-0e47-40cd-9baa-d622075846cc"/>
					<code code="34071-1" codeSystem="2.16.840.1.113883.6.1" codeSystemName="LOINC" displayName="WARNINGS SECTION"/>
					<title mediaType="text/x-hl7-title+xml">WARNINGS</title>
					<effectiveTime value="20060112"/>
					<component>
						<section>
							<id root="dffb4544-0e47-40cd-9baa-d622075847cc"/>
							<code code="42229-5" codeSystem="2.16.840.1.113883.6.1" codeSystemName="LOINC" displayName="SPL UNCLASSIFIED SECTION"/>
							<title mediaType="text/x-hl7-title+xml">Rapid Onset Hyponatremia and/or Hypokalemia</title>
							<text>
								<paragraph>Rarely, the rapid onset of severe hyponatremia and/or hypokalemia has been reported following initial doses of thiazide and non-thiazide diuretics. When symptoms consistent with severe electrolyte imbalance appear rapidly, drug should be discontinued and supportive measures should be initiated immediately. Parenteral electrolytes may be required. Appropriateness of therapy with this class of drugs should be carefully reevaluated.</paragraph>
							</text>
							<effectiveTime value="20060112"/>
						</section>
					</component>
					<component>
						<section ID="WarningsHypo">
							<id root="dffb4544-0e47-40cd-9baa-d622075848cc"/>
							<code code="42229-5" codeSystem="2.16.840.1.113883.6.1" codeSystemName="LOINC" displayName="SPL UNCLASSIFIED SECTION"/>
							<title mediaType="text/x-hl7-title+xml">Hypokalemia</title>
							<text>
								<paragraph>Hypokalemia may occur with consequent weakness, cramps, and cardiac dysrhythmias. Serum potassium should be determined at regular and appropriate intervals, and dose reduction, potassium supplementation or addition of a potassium-sparing diuretic instituted whenever indicated. Hypokalemia is a particular hazard in patients who are digitalized or who have or have had a ventricular arrhythmia; dangerous or fatal arrhythmias may be precipitated. Hypokalemia is dose related.</paragraph>
								<paragraph>In controlled clinical trials, 1.5% of patients taking &#189; mg and 3.1% of patients taking 1 mg of MYKROX daily developed clinical hypokalemia (defined as hypokalemia accompanied by signs or symptoms); 21% of the patients taking &#189; mg and 30% of the patients taking 1 mg of MYKROX daily developed hypokalemia (defined as a serum potassium concentration below 3.5 mEq/L); in another controlled clinical trial in which the patients started therapy with a serum potassium level greater than 4.0 mEq/L, 8% of patients taking &#189; mg of MYKROX daily developed hypokalemia (defined as a serum potassium concentration below 3.5 mEq/L).</paragraph>
							</text>
							<effectiveTime value="20060112"/>
						</section>
					</component>
					<component>
						<section>
							<id root="dffb4544-0e47-40cd-9baa-d622075849cc"/>
							<code code="42229-5" codeSystem="2.16.840.1.113883.6.1" codeSystemName="LOINC" displayName="SPL UNCLASSIFIED SECTION"/>
							<title mediaType="text/x-hl7-title+xml">Concomitant Therapy</title>
							<effectiveTime value="20060112"/>
							<component>
								<section>
									<id root="dffb4544-0e47-40cd-9baa-d622075850cc"/>
									<code code="42229-5" codeSystem="2.16.840.1.113883.6.1" codeSystemName="LOINC" displayName="SPL UNCLASSIFIED SECTION"/>
									<title mediaType="text/x-hl7-title+xml"/>
									<text>
										<paragraph>Lithium</paragraph>
										<paragraph>In general, diuretics should not be given concomitantly with lithium because they reduce its renal clearance and add a high risk of lithium toxicity. Read prescribing information for lithium preparations before use of such concomitant therapy.</paragraph>
									</text>
									<effectiveTime value="20060112"/>
								</section>
							</component>
							<component>
								<section>
									<id root="dffb4544-0e47-40cd-9baa-d622075851cc"/>
									<code code="42229-5" codeSystem="2.16.840.1.113883.6.1" codeSystemName="LOINC" displayName="SPL UNCLASSIFIED SECTION"/>
									<title mediaType="text/x-hl7-title+xml"/>
									<text>
										<paragraph>Furosemide</paragraph>
										<paragraph>Unusually large or prolonged losses of fluids and electrolytes may result when metolazone is administered concomitantly to patients receiving furosemide (see <linkHtml href="#PreDI">PRECAUTIONS, Drug Interactions</linkHtml>).</paragraph>
									</text>
									<effectiveTime value="20060112"/>
								</section>
							</component>
							<component>
								<section>
									<id root="dffb4544-0e47-40cd-9baa-d622075852cc"/>
									<code code="42229-5" codeSystem="2.16.840.1.113883.6.1" codeSystemName="LOINC" displayName="SPL UNCLASSIFIED SECTION"/>
									<title mediaType="text/x-hl7-title+xml"/>
									<text>
										<paragraph>Other Antihypertensive Drugs</paragraph>
										<paragraph>When MYKROX Tablets are used with other antihypertensive drugs, particular care must be taken to avoid excessive reduction of blood pressure, especially during initial therapy.</paragraph>
									</text>
									<effectiveTime value="20060112"/>
								</section>
							</component>
						</section>
					</component>
					<component>
						<section>
							<id root="dffb4544-0e47-40cd-9baa-d622075853cc"/>
							<code code="42229-5" codeSystem="2.16.840.1.113883.6.1" codeSystemName="LOINC" displayName="SPL UNCLASSIFIED SECTION"/>
							<title mediaType="text/x-hl7-title+xml">Cross-Allergy</title>
							<text>
								<paragraph>Cross-allergy may occur when MYKROX Tablets are given to patients known to be allergic to sulfonamide-derived drugs, thiazides, or quinethazone.</paragraph>
							</text>
							<effectiveTime value="20060112"/>
						</section>
					</component>
					<component>
						<section>
							<id root="dffb4544-0e47-40cd-9baa-d622075854cc"/>
							<code code="42229-5" codeSystem="2.16.840.1.113883.6.1" codeSystemName="LOINC" displayName="SPL UNCLASSIFIED SECTION"/>
							<title mediaType="text/x-hl7-title+xml">Sensitivity Reactions</title>
							<text>
								<paragraph>Sensitivity reactions (e.g., angioedema, bronchospasm) may occur with or without a history of allergy or bronchial asthma and may occur with the first dose of MYKROX. </paragraph>
							</text>
							<effectiveTime value="20060112"/>
						</section>
					</component>
				</section>
			</component>
			<component>
				<section ID="Pre">
					<id root="dffb4544-0e47-40cd-9baa-d622075855cc"/>
					<code code="42232-9" codeSystem="2.16.840.1.113883.6.1" codeSystemName="LOINC" displayName="PRECAUTIONS SECTION"/>
					<title mediaType="text/x-hl7-title+xml">PRECAUTIONS</title>
					<text>
						<paragraph>
							<content styleCode="bold underline">DO NOT INTERCHANGE</content>
						</paragraph>
						<paragraph>
							<content styleCode="bold">MYKROX TABLETS ARE A RAPIDLY AVAILABLE FORMULATION OF METOLAZONE FOR ORAL ADMINISTRATION. MYKROX TABLETS AND OTHER FORMULATIONS OF METOLAZONE THAT SHARE ITS MORE RAPID AND COMPLETE BIOAVAILABILITY ARE </content>
							<content styleCode="bold underline">NOT</content>
							<content styleCode="bold"> THERAPEUTICALLY EQUIVALENT TO ZAROXOLYN TABLETS AND OTHER FORMULATIONS OF METOLAZONE THAT SHARE ITS SLOW AND INCOMPLETE BIOAVAILABILITY. FORMULATIONS BIOEQUIVALENT TO MYKROX AND FORMULATIONS BIOEQUIVALENT TO ZAROXOLYN SHOULD </content>
							<content styleCode="bold underline">NOT</content>
							<content styleCode="bold"> BE INTERCHANGED FOR ONE ANOTHER.</content>
						</paragraph>
					</text>
					<effectiveTime value="20060112"/>
					<component>
						<section>
							<id root="dffb4544-0e47-40cd-9baa-d622075856cc"/>
							<code code="34072-9" codeSystem="2.16.840.1.113883.6.1" codeSystemName="LOINC" displayName="GENERAL PRECAUTIONS SECTION"/>
							<title mediaType="text/x-hl7-title+xml">General</title>
							<effectiveTime value="20060112"/>
							<component>
								<section>
									<id root="dffb4544-0e47-40cd-9baa-d622075857cc"/>
									<code code="42229-5" codeSystem="2.16.840.1.113883.6.1" codeSystemName="LOINC" displayName="SPL UNCLASSIFIED SECTION"/>
									<title mediaType="text/x-hl7-title+xml"/>
									<text>
										<paragraph>Fluid and Electrolytes</paragraph>
										<paragraph>All patients receiving therapy with MYKROX Tablets should have serum electrolyte measurements done at appropriate intervals and be observed for clinical signs of fluid and/or electrolyte imbalance: namely, hyponatremia, hypochloremic alkalosis, and hypokalemia. In patients with severe edema accompanying cardiac failure or renal disease, a low-salt syndrome may be produced, especially with hot weather and a low-salt diet. Serum and urine electrolyte determinations are particularly important when the patient has protracted vomiting, severe diarrhea, or is receiving parenteral fluids. Warning signs of imbalance are: dryness of mouth, thirst, weakness, lethargy, drowsiness, restlessness, muscle pains or cramps, muscle fatigue, hypotension, oliguria, tachycardia, and gastrointestinal disturbances such as nausea and vomiting. Hyponatremia may occur at any time during long term therapy and, on rare occasions, may be life threatening.</paragraph>
										<paragraph>The risk of hypokalemia is increased when larger doses are used, when diuresis is rapid, when severe liver disease is present, when corticosteroids are given concomitantly, when oral intake is inadequate or when excess potassium is being lost extrarenally, such as with vomiting or diarrhea.</paragraph>
										<paragraph>Thiazide-like diuretics have been shown to increase the urinary excretion of magnesium; this may result in hypomagnesemia.</paragraph>
									</text>
									<effectiveTime value="20060112"/>
								</section>
							</component>
							<component>
								<section ID="PreGenGT">
									<id root="dffb4544-0e47-40cd-9baa-d622075858cc"/>
									<code code="42229-5" codeSystem="2.16.840.1.113883.6.1" codeSystemName="LOINC" displayName="SPL UNCLASSIFIED SECTION"/>
									<title mediaType="text/x-hl7-title+xml"/>
									<text>
										<paragraph>Glucose Tolerance</paragraph>
										<paragraph>Metolazone may raise blood glucose concentrations possibly causing hyperglycemia and glycosuria in patients with diabetes or latent diabetes.</paragraph>
									</text>
									<effectiveTime value="20060112"/>
								</section>
							</component>
							<component>
								<section>
									<id root="dffb4544-0e47-40cd-9baa-d622075859cc"/>
									<code code="42229-5" codeSystem="2.16.840.1.113883.6.1" codeSystemName="LOINC" displayName="SPL UNCLASSIFIED SECTION"/>
									<title mediaType="text/x-hl7-title+xml"/>
									<text>
										<paragraph>Hyperuricemia</paragraph>
										<paragraph>MYKROX regularly causes an increase in serum uric acid and can occasionally precipitate gouty attacks even in patients without a prior history of them.</paragraph>
									</text>
									<effectiveTime value="20060112"/>
								</section>
							</component>
							<component>
								<section>
									<id root="dffb4544-0e47-40cd-9baa-d622075860cc"/>
									<code code="42229-5" codeSystem="2.16.840.1.113883.6.1" codeSystemName="LOINC" displayName="SPL UNCLASSIFIED SECTION"/>
									<title mediaType="text/x-hl7-title+xml"/>
									<text>
										<paragraph>Azotemia</paragraph>
										<paragraph>Azotemia, presumably prerenal azotemia, may be precipitated during the administration of MYKROX Tablets. If azotemia and oliguria worsen during treatment of patients with severe renal disease, MYKROX Tablets should be discontinued.</paragraph>
									</text>
									<effectiveTime value="20060112"/>
								</section>
							</component>
							<component>
								<section>
									<id root="dffb4544-0e47-40cd-9baa-d622075861cc"/>
									<code code="42229-5" codeSystem="2.16.840.1.113883.6.1" codeSystemName="LOINC" displayName="SPL UNCLASSIFIED SECTION"/>
									<title mediaType="text/x-hl7-title+xml"/>
									<text>
										<paragraph>Renal Impairment</paragraph>
										<paragraph>Use caution when administering MYKROX Tablets to patients with severely impaired renal function. As most of the drug is excreted by the renal route, accumulation may occur.</paragraph>
									</text>
									<effectiveTime value="20060112"/>
								</section>
							</component>
							<component>
								<section>
									<id root="dffb4544-0e47-40cd-9baa-d622075862cc"/>
									<code code="42229-5" codeSystem="2.16.840.1.113883.6.1" codeSystemName="LOINC" displayName="SPL UNCLASSIFIED SECTION"/>
									<title mediaType="text/x-hl7-title+xml"/>
									<text>
										<paragraph>Orthostatic Hypotension</paragraph>
										<paragraph>Orthostatic hypotension may occur; this may be potentiated by alcohol, barbiturates, narcotics, or concurrent therapy with other antihypertensive drugs. In controlled clinical trials, 1.4% of patients treated with MYKROX Tablets (&#189; mg) had orthostatic hypotension; this effect was not reported in the placebo group. </paragraph>
									</text>
									<effectiveTime value="20060112"/>
								</section>
							</component>
							<component>
								<section>
									<id root="dffb4544-0e47-40cd-9baa-d622075863cc"/>
									<code code="42229-5" codeSystem="2.16.840.1.113883.6.1" codeSystemName="LOINC" displayName="SPL UNCLASSIFIED SECTION"/>
									<title mediaType="text/x-hl7-title+xml"/>
									<text>
										<paragraph>Hypercalcemia</paragraph>
										<paragraph>Hypercalcemia may infrequently occur with metolazone, especially in patients taking high doses of vitamin D or with high bone turnover states, and may signify hidden hyperparathyroidism. Metolazone should be discontinued before tests for parathyroid function are performed.</paragraph>
									</text>
									<effectiveTime value="20060112"/>
								</section>
							</component>
							<component>
								<section>
									<id root="dffb4544-0e47-40cd-9baa-d622075864cc"/>
									<code code="42229-5" codeSystem="2.16.840.1.113883.6.1" codeSystemName="LOINC" displayName="SPL UNCLASSIFIED SECTION"/>
									<title mediaType="text/x-hl7-title+xml"/>
									<text>
										<paragraph>Systemic Lupus Erythematosus</paragraph>
										<paragraph>Thiazide diuretics have exacerbated or activated systemic lupus erythematosus and this possibility should be considered with MYKROX Tablets.</paragraph>
									</text>
									<effectiveTime value="20060112"/>
								</section>
							</component>
						</section>
					</component>
					<component>
						<section>
							<id root="dffb4544-0e47-40cd-9baa-d622075865cc"/>
							<code code="34076-0" codeSystem="2.16.840.1.113883.6.1" codeSystemName="LOINC" displayName="INFORMATION FOR PATIENTS SECTION"/>
							<title mediaType="text/x-hl7-title+xml">Information for Patients</title>
							<text>
								<paragraph>Patients should be informed of possible adverse effects, advised to take the medication as directed, and promptly report any possible adverse reactions to the treating physician.</paragraph>
							</text>
							<effectiveTime value="20060112"/>
						</section>
					</component>
					<component>
						<section ID="PreDI">
							<id root="dffb4544-0e47-40cd-9baa-d622075866cc"/>
							<code code="34073-7" codeSystem="2.16.840.1.113883.6.1" codeSystemName="LOINC" displayName="DRUG INTERACTIONS SECTION"/>
							<title mediaType="text/x-hl7-title+xml">Drug Interactions</title>
							<effectiveTime value="20060112"/>
							<component>
								<section>
									<id root="dffb4544-0e47-40cd-9baa-d622075867cc"/>
									<code code="42229-5" codeSystem="2.16.840.1.113883.6.1" codeSystemName="LOINC" displayName="SPL UNCLASSIFIED SECTION"/>
									<title mediaType="text/x-hl7-title+xml"/>
									<text>
										<paragraph>Diuretics</paragraph>
										<paragraph>Furosemide and probably other loop diuretics given concomitantly with metolazone can cause unusually large or prolonged losses of fluid and electrolytes (see <linkHtml href="#Warnings">WARNINGS</linkHtml>).</paragraph>
									</text>
									<effectiveTime value="20060112"/>
								</section>
							</component>
							<component>
								<section>
									<id root="dffb4544-0e47-40cd-9baa-d622075868cc"/>
									<code code="42229-5" codeSystem="2.16.840.1.113883.6.1" codeSystemName="LOINC" displayName="SPL UNCLASSIFIED SECTION"/>
									<title mediaType="text/x-hl7-title+xml"/>
									<text>
										<paragraph>Other Antihypertensives</paragraph>
										<paragraph>When MYKROX Tablets are used with other antihypertensive drugs, care must be taken, especially during initial therapy. Dosage adjustments of other antihypertensives may be necessary.</paragraph>
									</text>
									<effectiveTime value="20060112"/>
								</section>
							</component>
							<component>
								<section>
									<id root="dffb4544-0e47-40cd-9baa-d622075869cc"/>
									<code code="42229-5" codeSystem="2.16.840.1.113883.6.1" codeSystemName="LOINC" displayName="SPL UNCLASSIFIED SECTION"/>
									<title mediaType="text/x-hl7-title+xml"/>
									<text>
										<paragraph>Alcohol, Barbiturates, and Narcotics</paragraph>
										<paragraph>The hypotensive effects of these drugs may be potentiated by the volume contraction that may be associated with metolazone therapy. </paragraph>
									</text>
									<effectiveTime value="20060112"/>
								</section>
							</component>
							<component>
								<section>
									<id root="dffb4544-0e47-40cd-9baa-d622075870cc"/>
									<code code="42229-5" codeSystem="2.16.840.1.113883.6.1" codeSystemName="LOINC" displayName="SPL UNCLASSIFIED SECTION"/>
									<title mediaType="text/x-hl7-title+xml"/>
									<text>
										<paragraph>Digitalis Glycosides</paragraph>
										<paragraph>Diuretic-induced hypokalemia can increase the sensitivity of the myocardium to digitalis. Serious arrhythmias can result.</paragraph>
									</text>
									<effectiveTime value="20060112"/>
								</section>
							</component>
							<component>
								<section>
									<id root="dffb4544-0e47-40cd-9baa-d622075871cc"/>
									<code code="42229-5" codeSystem="2.16.840.1.113883.6.1" codeSystemName="LOINC" displayName="SPL UNCLASSIFIED SECTION"/>
									<title mediaType="text/x-hl7-title+xml"/>
									<text>
										<paragraph>Corticosteroids or ACTH</paragraph>
										<paragraph>May increase the risk of hypokalemia and increase salt and water retention.</paragraph>
									</text>
									<effectiveTime value="20060112"/>
								</section>
							</component>
							<component>
								<section>
									<id root="dffb4544-0e47-40cd-9baa-d622075872cc"/>
									<code code="42229-5" codeSystem="2.16.840.1.113883.6.1" codeSystemName="LOINC" displayName="SPL UNCLASSIFIED SECTION"/>
									<title mediaType="text/x-hl7-title+xml"/>
									<text>
										<paragraph>Lithium</paragraph>
										<paragraph>Serum lithium levels may increase (see <linkHtml href="#Warnings">WARNINGS</linkHtml>). </paragraph>
									</text>
									<effectiveTime value="20060112"/>
								</section>
							</component>
							<component>
								<section>
									<id root="dffb4544-0e47-40cd-9baa-d622075822cc"/>
									<code code="42229-5" codeSystem="2.16.840.1.113883.6.1" codeSystemName="LOINC" displayName="SPL UNCLASSIFIED SECTION"/>
									<title mediaType="text/x-hl7-title+xml"/>
									<text>
										<paragraph>Curariform Drugs</paragraph>
										<paragraph>Diuretic-induced hypokalemia may enhance neuromuscular blocking effects of curariform drugs (such as tubocurarine) &#8211; the most serious effect would be respiratory depression which could proceed to apnea. Accordingly, it may be advisable to discontinue MYKROX&#174; Tablets (metolazone tablets, USP) three days before elective surgery.</paragraph>
									</text>
									<effectiveTime value="20060112"/>
								</section>
							</component>
							<component>
								<section>
									<id root="dffb4544-0e47-40cd-9baa-d622075873cc"/>
									<code code="42229-5" codeSystem="2.16.840.1.113883.6.1" codeSystemName="LOINC" displayName="SPL UNCLASSIFIED SECTION"/>
									<title mediaType="text/x-hl7-title+xml"/>
									<text>
										<paragraph>Salicylates and Other Non-Steroidal Anti-Inflammatory Drugs</paragraph>
										<paragraph>May decrease the antihypertensive effects of MYKROX Tablets. </paragraph>
									</text>
									<effectiveTime value="20060112"/>
								</section>
							</component>
							<component>
								<section>
									<id root="dffb4544-0e47-40cd-9baa-d622075874cc"/>
									<code code="42229-5" codeSystem="2.16.840.1.113883.6.1" codeSystemName="LOINC" displayName="SPL UNCLASSIFIED SECTION"/>
									<title mediaType="text/x-hl7-title+xml"/>
									<text>
										<paragraph>Sympathomimetics</paragraph>
										<paragraph>Metolazone may decrease arterial responsiveness to norepinephrine, but this diminution is not sufficient to preclude effectiveness of the pressor agent for therapeutic use. </paragraph>
									</text>
									<effectiveTime value="20060112"/>
								</section>
							</component>
							<component>
								<section>
									<id root="dffb4544-0e47-40cd-9baa-d622075875cc"/>
									<code code="42229-5" codeSystem="2.16.840.1.113883.6.1" codeSystemName="LOINC" displayName="SPL UNCLASSIFIED SECTION"/>
									<title mediaType="text/x-hl7-title+xml"/>
									<text>
										<paragraph>Insulin and Oral Antidiabetic Agents</paragraph>
										<paragraph>See <linkHtml href="PreGenGT">Glucose Tolerance</linkHtml> under PRECAUTIONS, General. </paragraph>
									</text>
									<effectiveTime value="20060112"/>
								</section>
							</component>
							<component>
								<section>
									<id root="dffb4544-0e47-40cd-9baa-d622075876cc"/>
									<code code="42229-5" codeSystem="2.16.840.1.113883.6.1" codeSystemName="LOINC" displayName="SPL UNCLASSIFIED SECTION"/>
									<title mediaType="text/x-hl7-title+xml"/>
									<text>
										<paragraph>Methenamine</paragraph>
										<paragraph>Efficacy may be decreased due to urinary alkalizing effect of metolazone.</paragraph>
									</text>
									<effectiveTime value="20060112"/>
								</section>
							</component>
							<component>
								<section>
									<id root="dffb4544-0e47-40cd-9baa-d622075877cc"/>
									<code code="42229-5" codeSystem="2.16.840.1.113883.6.1" codeSystemName="LOINC" displayName="SPL UNCLASSIFIED SECTION"/>
									<title mediaType="text/x-hl7-title+xml"/>
									<text>
										<paragraph>Anticoagulants</paragraph>
										<paragraph>Metolazone, as well as other thiazide-like diuretics, may affect the hypoprothrombinemic response to anticoagulants; dosage adjustments may be necessary.</paragraph>
									</text>
									<effectiveTime value="20060112"/>
								</section>
							</component>
						</section>
					</component>
					<component>
						<section>
							<id root="dffb4544-0e47-40cd-9baa-d622075878cc"/>
							<code code="34074-5" codeSystem="2.16.840.1.113883.6.1" codeSystemName="LOINC" displayName="DRUG AND OR LABORATORY TEST INTERACTIONS SECTION"/>
							<title mediaType="text/x-hl7-title+xml">Drug/Laboratory Test Interactions</title>
							<text>
								<paragraph>None reported.</paragraph>
							</text>
							<effectiveTime value="20060112"/>
						</section>
					</component>
					<component>
						<section>
							<id root="dffb4544-0e47-40cd-9baa-d622075879cc"/>
							<code code="34083-6" codeSystem="2.16.840.1.113883.6.1" codeSystemName="LOINC" displayName="CARCINOGENESIS AND MUTAGENESIS AND IMPAIRMENT OF FERTILITY SECTION"/>
							<title mediaType="text/x-hl7-title+xml">Carcinogenesis, Mutagenesis, Impairment of Fertility</title>
							<text>
								<paragraph>Mice and rats administered metolazone 5 days/week for up to 18 and 24 months, respectively, at daily doses of 2, 10, and 50 mg/kg, exhibited no evidence of a tumorigenic effect of the drug. The small number of animals examined histologically and poor survival in the mice limit the conclusions that can be reached from these studies. </paragraph>
								<paragraph>Metolazone was not mutagenic <content styleCode="italics">in vitro</content> in the Ames Test using Salmonella typhimurium strains TA-97, TA-98, TA-100, TA-102, and TA-1535. </paragraph>
								<paragraph>Reproductive performance has been evaluated in mice and rats. There is no evidence that metolazone possesses the potential for altering reproductive capacity in mice. In a rat study, in which males were treated orally with metolazone at doses of 2, 10, and 50 mg/kg for 127 days prior to mating with untreated females, an increased number of resorption sites was observed in dams mated with males from the 50 mg/kg group. In addition, the birth weight of offspring was decreased and the pregnancy rate was reduced in dams mated with males from the 10 and 50 mg/kg groups. </paragraph>
							</text>
							<effectiveTime value="20060112"/>
						</section>
					</component>
					<component>
						<section>
							<id root="dffb4544-0e47-40cd-9baa-d622075880cc"/>
							<code code="42228-7" codeSystem="2.16.840.1.113883.6.1" codeSystemName="LOINC" displayName="PREGNANCY SECTION"/>
							<title mediaType="text/x-hl7-title+xml">Pregnancy</title>
							<effectiveTime value="20060112"/>
							<component>
								<section>
									<id root="dffb4544-0e47-40cd-9baa-d622075881cc"/>
									<code code="34077-8" codeSystem="2.16.840.1.113883.6.1" codeSystemName="LOINC" displayName="TERATOGENIC EFFECTS SECTION"/>
									<title mediaType="text/x-hl7-title+xml">Teratogenic Effects</title>
									<effectiveTime value="20060112"/>
									<component>
										<section>
											<id root="dffb4544-0e47-40cd-9baa-d622075882cc"/>
											<code code="42229-5" codeSystem="2.16.840.1.113883.6.1" codeSystemName="LOINC" displayName="SPL UNCLASSIFIED SECTION"/>
											<title mediaType="text/x-hl7-title+xml">
												<content styleCode="italics">Pregnancy Category B</content>
											</title>
											<text>
												<paragraph>Reproduction studies performed in mice, rabbits, and rats treated during the appropriate period of gestation at doses up to 50 mg/kg/day have revealed no evidence of harm to the fetus due to metolazone. There are, however, no adequate and well-controlled studies in pregnant women. Because animal reproduction studies are not always predictive of human response, MYKROX Tablets should be used during pregnancy only if clearly needed. Metolazone crosses the placental barrier and appears in cord blood.</paragraph>
											</text>
											<effectiveTime value="20060112"/>
										</section>
									</component>
								</section>
							</component>
							<component>
								<section>
									<id root="dffb4544-0e47-40cd-9baa-d622075883cc"/>
									<code code="34078-6" codeSystem="2.16.840.1.113883.6.1" codeSystemName="LOINC" displayName="NONTERATOGENIC EFFECTS SECTION"/>
									<title mediaType="text/x-hl7-title+xml">Non-Teratogenic Effects</title>
									<text>
										<paragraph>The use of MYKROX Tablets in pregnant women requires that the anticipated benefit be weighed against possible hazards to the fetus. These hazards include fetal or neonatal jaundice, thrombocytopenia, and possibly other adverse reactions which have occurred in the adult. It is not known what effect the use of the drug during pregnancy has on the later growth, development, and functional maturation of the child. No such effects have been reported with metolazone. </paragraph>
									</text>
									<effectiveTime value="20060112"/>
								</section>
							</component>
						</section>
					</component>
					<component>
						<section>
							<id root="dffb4544-0e47-40cd-9baa-d622075884cc"/>
							<code code="34079-4" codeSystem="2.16.840.1.113883.6.1" codeSystemName="LOINC" displayName="LABOR AND DELIVERY SECTION"/>
							<title mediaType="text/x-hl7-title+xml">Labor and Delivery</title>
							<text>
								<paragraph>Based on clinical studies in which women received metolazone in late pregnancy until the time of delivery, there is no evidence that the drug has any adverse effects on the normal course of labor or delivery.</paragraph>
							</text>
							<effectiveTime value="20060112"/>
						</section>
					</component>
					<component>
						<section>
							<id root="dffb4544-0e47-40cd-9baa-d622075885cc"/>
							<code code="34080-2" codeSystem="2.16.840.1.113883.6.1" codeSystemName="LOINC" displayName="NURSING MOTHERS SECTION"/>
							<title mediaType="text/x-hl7-title+xml">Nursing Mothers</title>
							<text>
								<paragraph>Metolazone appears in breast milk. Because of the potential for serious adverse reactions in nursing infants from metolazone, a decision should be made whether to discontinue nursing or to discontinue the drug, taking into account the importance of the drug to the mother.</paragraph>
							</text>
							<effectiveTime value="20060112"/>
						</section>
					</component>
					<component>
						<section>
							<id root="dffb4544-0e47-40cd-9baa-d622075886cc"/>
							<code code="34081-0" codeSystem="2.16.840.1.113883.6.1" codeSystemName="LOINC" displayName="PEDIATRIC USE SECTION"/>
							<title mediaType="text/x-hl7-title+xml">Pediatric Use</title>
							<text>
								<paragraph>Safety and effectiveness of MYKROX Tablets in pediatric patients have not been established, and such use is not recommended. </paragraph>
							</text>
							<effectiveTime value="20060112"/>
						</section>
					</component>
					<component>
						<section>
							<id root="dffb4544-0e47-40cd-9baa-d622075887cc"/>
							<code code="34082-8" codeSystem="2.16.840.1.113883.6.1" codeSystemName="LOINC" displayName="GERIATRIC USE SECTION"/>
							<title mediaType="text/x-hl7-title+xml">Geriatric Use</title>
							<text>
								<paragraph>Clinical studies of MYKROX did not include sufficient numbers of subjects aged 65 and over to determine whether they respond differently from younger subjects. Other reported clinical experience has not identified differences in responses between the elderly and younger patients. In general, dose selection for an elderly patient should be cautious, usually starting at the low end of the dosing range, reflecting the greater frequency of decreased hepatic, renal, or cardiac function, and of concomitant disease or other drug therapy. </paragraph>
								<paragraph>This drug is known to be substantially excreted by the kidney, and the risk of toxic reactions to this drug may be greater in patients with impaired renal function. Because elderly patients are more likely to have decreased renal function, care should be taken in dose selection, and it may be useful to monitor renal function.</paragraph>
							</text>
							<effectiveTime value="20060112"/>
						</section>
					</component>
				</section>
			</component>
			<component>
				<section>
					<id root="dffb4544-0e47-40cd-9baa-d622075888cc"/>
					<code code="34084-4" codeSystem="2.16.840.1.113883.6.1" codeSystemName="LOINC" displayName="ADVERSE REACTIONS SECTION"/>
					<title mediaType="text/x-hl7-title+xml">ADVERSE REACTIONS</title>
					<text>
						<paragraph>Adverse experience information is available from more than 14 years of accumulated marketing experience with other formulations of metolazone for which reliable quantitative information is lacking and from controlled clinical trials with MYKROX from which incidences can be calculated. </paragraph>
						<paragraph>In controlled clinical trials with MYKROX, adverse experiences resulted in discontinuation of therapy in 6.7-6.8% of patients given &#189; to 1 mg of MYKROX.</paragraph>
						<paragraph>Adverse experiences occurring in controlled clinical trials with MYKROX with an incidence of >2%, whether or not considered drug-related, are summarized in the following table.</paragraph>
						<table width="90%">
							<caption>Incidence of Adverse Experiences Volunteered or Elicited (by Patient in Percent)*</caption>
							<col align="left"/>
							<col align="center"/>
							<tfoot>
								<tr>
									<td align="left" colspan="2">* Percent of patients reporting an adverse experience one or more times.</td>
								</tr>
								<tr>
									<td align="left" colspan="2">&#8224; All doses combined (&#189;, 1, and 2 mg).</td>
								</tr>
							</tfoot>
							<tbody>
								<tr>
									<td/>
									<td>
										<content styleCode="bold">MYKROX</content>
										<br/>
										<br/>
										<content styleCode="bold underline">n = 226&#8224;</content>
									</td>
								</tr>
								<tr>
									<td>
										<content styleCode="bold">Dizziness (lightheadedness)</content>
									</td>
									<td>10.2</td>
								</tr>
								<tr>
									<td>
										<content styleCode="bold">Headaches </content>
									</td>
									<td>9.3</td>
								</tr>
								<tr>
									<td>
										<content styleCode="bold">Muscle Cramps</content>
									</td>
									<td>5.8</td>
								</tr>
								<tr>
									<td>
										<content styleCode="bold">Fatigue (malaise, lethargy, lassitude)</content>
									</td>
									<td>4.4</td>
								</tr>
								<tr>
									<td>
										<content styleCode="bold">Joint Pain, swelling</content>
									</td>
									<td>3.1</td>
								</tr>
								<tr>
									<td>
										<content styleCode="bold">Chest Pain (precordial discomfort)</content>
									</td>
									<td>2.7</td>
								</tr>
							</tbody>
						</table>
						<paragraph>Some of the adverse effects reported in association with MYKROX also occur frequently in untreated hypertensive patients, such as headache and dizziness, which occurred in 14.8 and 7.4% of patients in a smaller parallel placebo group.</paragraph>
						<paragraph>The following adverse effects were reported in less than 2% of the MYKROX treated patients.</paragraph>
					</text>
					<effectiveTime value="20060112"/>
					<component>
						<section>
							<id root="dffb4544-0e47-40cd-9baa-d622075889cc"/>
							<code code="42229-5" codeSystem="2.16.840.1.113883.6.1" codeSystemName="LOINC" displayName="SPL UNCLASSIFIED SECTION"/>
							<title mediaType="text/x-hl7-title+xml">Cardiovascular</title>
							<text>
								<paragraph>Cold extremities, edema, orthostatic hypotension, palpitations.</paragraph>
							</text>
							<effectiveTime value="20060112"/>
						</section>
					</component>
					<component>
						<section>
							<id root="dffb4544-0e47-40cd-9baa-d622075890cc"/>
							<code code="42229-5" codeSystem="2.16.840.1.113883.6.1" codeSystemName="LOINC" displayName="SPL UNCLASSIFIED SECTION"/>
							<title mediaType="text/x-hl7-title+xml">Central and Peripheral Nervous System</title>
							<text>
								<paragraph>Anxiety, depression, dry mouth, impotence, nervousness, neuropathy, weakness, &#8220;weird&#8221; feeling.</paragraph>
							</text>
							<effectiveTime value="20060112"/>
						</section>
					</component>
					<component>
						<section>
							<id root="dffb4544-0e47-40cd-9baa-d622075891cc"/>
							<code code="42229-5" codeSystem="2.16.840.1.113883.6.1" codeSystemName="LOINC" displayName="SPL UNCLASSIFIED SECTION"/>
							<title mediaType="text/x-hl7-title+xml">Dermatological</title>
							<text>
								<paragraph>Pruritus, rash, skin dryness.</paragraph>
							</text>
							<effectiveTime value="20060112"/>
						</section>
					</component>
					<component>
						<section>
							<id root="dffb4544-0e47-40cd-9baa-d622075892cc"/>
							<code code="42229-5" codeSystem="2.16.840.1.113883.6.1" codeSystemName="LOINC" displayName="SPL UNCLASSIFIED SECTION"/>
							<title mediaType="text/x-hl7-title+xml">Eyes, Ears, Nose, Throat</title>
							<text>
								<paragraph>Cough, epistaxis, eye itching, sinus congestion, sore throat, tinnitus.</paragraph>
							</text>
							<effectiveTime value="20060112"/>
						</section>
					</component>
					<component>
						<section>
							<id root="dffb4544-0e47-40cd-9baa-d622075893cc"/>
							<code code="42229-5" codeSystem="2.16.840.1.113883.6.1" codeSystemName="LOINC" displayName="SPL UNCLASSIFIED SECTION"/>
							<title mediaType="text/x-hl7-title+xml">Gastrointestinal</title>
							<text>
								<paragraph>Abdominal discomfort (pain, bloating), bitter taste, constipation, diarrhea, nausea, vomiting.</paragraph>
							</text>
							<effectiveTime value="20060112"/>
						</section>
					</component>
					<component>
						<section>
							<id root="dffb4544-0e47-40cd-9baa-d622075894cc"/>
							<code code="42229-5" codeSystem="2.16.840.1.113883.6.1" codeSystemName="LOINC" displayName="SPL UNCLASSIFIED SECTION"/>
							<title mediaType="text/x-hl7-title+xml">Genitourinary</title>
							<text>
								<paragraph>Nocturia.</paragraph>
							</text>
							<effectiveTime value="20060112"/>
						</section>
					</component>
					<component>
						<section>
							<id root="dffb4544-0e47-40cd-9baa-d622075895cc"/>
							<code code="42229-5" codeSystem="2.16.840.1.113883.6.1" codeSystemName="LOINC" displayName="SPL UNCLASSIFIED SECTION"/>
							<title mediaType="text/x-hl7-title+xml">Musculoskeletal</title>
							<text>
								<paragraph>Back pain.</paragraph>
							</text>
							<effectiveTime value="20060112"/>
						</section>
					</component>
					<component>
						<section>
							<id root="dffb4544-0e47-40cd-9baa-d622075896cc"/>
							<code code="42229-5" codeSystem="2.16.840.1.113883.6.1" codeSystemName="LOINC" displayName="SPL UNCLASSIFIED SECTION"/>
							<title mediaType="text/x-hl7-title+xml">Other Adverse Experiences</title>
							<text>
								<paragraph>Adverse experiences reported with other marketed metolazone formulations and most thiazide diuretics, for which quantitative data are not available, are listed in decreasing order of severity within body systems. Several are single or rare occurrences.</paragraph>
							</text>
							<effectiveTime value="20060112"/>
							<component>
								<section>
									<id root="dffb4544-0e47-40cd-9baa-d622075897cc"/>
									<code code="42229-5" codeSystem="2.16.840.1.113883.6.1" codeSystemName="LOINC" displayName="SPL UNCLASSIFIED SECTION"/>
									<title mediaType="text/x-hl7-title+xml"/>
									<text>
										<paragraph>Cardiovascular</paragraph>
										<paragraph>excessive volume depletion, hemoconcentration, venous thrombosis.</paragraph>
									</text>
									<effectiveTime value="20060112"/>
								</section>
							</component>
							<component>
								<section>
									<id root="dffb4544-0e47-40cd-9baa-d622075898cc"/>
									<code code="42229-5" codeSystem="2.16.840.1.113883.6.1" codeSystemName="LOINC" displayName="SPL UNCLASSIFIED SECTION"/>
									<title mediaType="text/x-hl7-title+xml"/>
									<text>
										<paragraph>Central and Peripheral Nervous System</paragraph>
										<paragraph>syncope, paresthesias, drowsiness, restlessness (sometimes resulting in insomnia).</paragraph>
									</text>
									<effectiveTime value="20060112"/>
								</section>
							</component>
							<component>
								<section>
									<id root="dffb4544-0e47-40cd-9baa-d622075899cc"/>
									<code code="42229-5" codeSystem="2.16.840.1.113883.6.1" codeSystemName="LOINC" displayName="SPL UNCLASSIFIED SECTION"/>
									<title mediaType="text/x-hl7-title+xml"/>
									<text>
										<paragraph>Dermatologic/Hypersensitivity</paragraph>
										<paragraph>toxic epidermal necrolysis (TEN), Stevens-Johnson Syndrome, necrotizing angiitis (cutaneous vasculitis), skin necrosis, purpura, petechiae, dermatitis, photosensitivity, urticaria, pruritus, skin rashes.</paragraph>
									</text>
									<effectiveTime value="20060112"/>
								</section>
							</component>
							<component>
								<section>
									<id root="dffb4544-0e47-40cd-9baa-d622075801cc"/>
									<code code="42229-5" codeSystem="2.16.840.1.113883.6.1" codeSystemName="LOINC" displayName="SPL UNCLASSIFIED SECTION"/>
									<title mediaType="text/x-hl7-title+xml"/>
									<text>
										<paragraph>Gastrointestinal</paragraph>
										<paragraph>hepatitis, intrahepatic cholestatic jaundice, pancreatitis, anorexia, nausea, diarrhea, abdominal pain.</paragraph>
									</text>
									<effectiveTime value="20060112"/>
								</section>
							</component>
							<component>
								<section>
									<id root="dffb4544-0e47-40cd-9baa-d622075802cc"/>
									<code code="42229-5" codeSystem="2.16.840.1.113883.6.1" codeSystemName="LOINC" displayName="SPL UNCLASSIFIED SECTION"/>
									<title mediaType="text/x-hl7-title+xml"/>
									<text>
										<paragraph>Hematologic</paragraph>
										<paragraph>aplastic (hypoplastic) anemia, agranulocytosis, leukopenia, thrombocytopenia.</paragraph>
									</text>
									<effectiveTime value="20060112"/>
								</section>
							</component>
							<component>
								<section>
									<id root="dffb4544-0e47-40cd-9baa-d622075803cc"/>
									<code code="42229-5" codeSystem="2.16.840.1.113883.6.1" codeSystemName="LOINC" displayName="SPL UNCLASSIFIED SECTION"/>
									<title mediaType="text/x-hl7-title+xml"/>
									<text>
										<paragraph>Metabolic</paragraph>
										<paragraph>hypokalemia (see <linkHtml href="#WarningsHypo">WARNINGS, Hypokalemia</linkHtml>), hyponatremia, hyperuricemia, hypochloremia, hypochloremic alkalosis, hyperglycemia, glycosuria, increase in serum urea nitrogen (BUN) or creatinine, hypophosphatemia, hypomagnesemia, hypercalcemia. </paragraph>
									</text>
									<effectiveTime value="20060112"/>
								</section>
							</component>
							<component>
								<section>
									<id root="dffb4544-0e47-40cd-9baa-d622075804cc"/>
									<code code="42229-5" codeSystem="2.16.840.1.113883.6.1" codeSystemName="LOINC" displayName="SPL UNCLASSIFIED SECTION"/>
									<title mediaType="text/x-hl7-title+xml"/>
									<text>
										<paragraph>Musculoskeletal</paragraph>
										<paragraph>acute gouty attacks.</paragraph>
									</text>
									<effectiveTime value="20060112"/>
								</section>
							</component>
							<component>
								<section>
									<id root="dffb4544-0e47-40cd-9baa-d622075805cc"/>
									<code code="42229-5" codeSystem="2.16.840.1.113883.6.1" codeSystemName="LOINC" displayName="SPL UNCLASSIFIED SECTION"/>
									<title mediaType="text/x-hl7-title+xml"/>
									<text>
										<paragraph>Other</paragraph>
										<paragraph>transient blurred vision, chills.</paragraph>
										<paragraph>In addition, rare adverse experiences reported in association with similar antihypertensive-diuretics but not reported to date for metolazone include: sialadenitis, xanthopsia, respiratory distress (including pneumonitis), and anaphylactic reactions. These experiences could occur with clinical use of metolazone.</paragraph>
									</text>
									<effectiveTime value="20060112"/>
								</section>
							</component>
						</section>
					</component>
				</section>
			</component>
			<component>
				<section>
					<id root="dffb4544-0e47-40cd-9baa-d622075806cc"/>
					<code code="34088-5" codeSystem="2.16.840.1.113883.6.1" codeSystemName="LOINC" displayName="OVERDOSAGE SECTION"/>
					<title mediaType="text/x-hl7-title+xml">OVERDOSAGE</title>
					<text>
						<paragraph>Intentional overdosage has been reported rarely with metolazone and similar diuretic drugs.</paragraph>
					</text>
					<effectiveTime value="20060112"/>
					<component>
						<section>
							<id root="dffb4544-0e47-40cd-9baa-d622075807cc"/>
							<code code="42229-5" codeSystem="2.16.840.1.113883.6.1" codeSystemName="LOINC" displayName="SPL UNCLASSIFIED SECTION"/>
							<title mediaType="text/x-hl7-title+xml">Signs and Symptoms</title>
							<text>
								<paragraph>Orthostatic hypotension, dizziness, drowsiness, syncope, electrolyte abnormalities, hemoconcentration and hemodynamic changes due to plasma volume depletion may occur. In some instances depressed respiration may be observed. At high doses, lethargy of varying degree may progress to coma within a few hours. The mechanism of CNS depression with thiazide overdosage is unknown. Also, GI irritation and hypermotility may occur. Temporary elevation of BUN has been reported, especially in patients with impairment of renal function. Serum electrolyte changes and cardiovascular and renal function should be closely monitored. </paragraph>
							</text>
							<effectiveTime value="20060112"/>
						</section>
					</component>
					<component>
						<section>
							<id root="dffb4544-0e47-40cd-9baa-d622075808cc"/>
							<code code="42229-5" codeSystem="2.16.840.1.113883.6.1" codeSystemName="LOINC" displayName="SPL UNCLASSIFIED SECTION"/>
							<title mediaType="text/x-hl7-title+xml">Treatment</title>
							<text>
								<paragraph>There is no specific antidote available but immediate evacuation of stomach contents is advised. Dialysis is not likely to be effective. Care should be taken when evacuating the gastric contents to prevent aspiration, especially in the stuporous or comatose patient. Supportive measures should be initiated as required to maintain hydration, electrolyte balance, respiration, and cardiovascular and renal function.</paragraph>
							</text>
							<effectiveTime value="20060112"/>
						</section>
					</component>
				</section>
			</component>
			<component>
				<section>
					<id root="dffb4544-0e47-40cd-9baa-d622075809cc"/>
					<code code="34068-7" codeSystem="2.16.840.1.113883.6.1" codeSystemName="LOINC" displayName="DOSAGE AND ADMINISTRATION SECTION"/>
					<title mediaType="text/x-hl7-title+xml">DOSAGE AND ADMINISTRATION</title>
					<text>
						<paragraph>Therapy should be individualized according to patient response.</paragraph>
						<paragraph>For initial treatment of mild to moderate hypertension, the recommended dose is one MYKROX Tablet (&#189; mg) once daily, usually in the morning. If patients are inadequately controlled with one &#189; mg tablet, the dose can be increased to two MYKROX Tablets (1 mg) once a day. An increase in hypokalemia may occur. Doses larger than 1 mg do not give increased effectiveness.</paragraph>
						<paragraph>The same dose titration is necessary if MYKROX Tablets are to be substituted for other dosage forms of metolazone in the treatment of hypertension.</paragraph>
						<paragraph>If blood pressure is not adequately controlled with two MYKROX Tablets alone, the dose should not be increased; rather, another antihypertensive agent with a different mechanism of action should be added to therapy with MYKROX Tablets.</paragraph>
					</text>
					<effectiveTime value="20060112"/>
				</section>
			</component>
			<component>
				<section>
					<id root="dffb4544-0e47-40cd-9baa-d622075810cc"/>
					<code code="34069-5" codeSystem="2.16.840.1.113883.6.1" codeSystemName="LOINC" displayName="HOW SUPPLIED SECTION"/>
					<title mediaType="text/x-hl7-title+xml">HOW SUPPLIED</title>
					<text>
						<paragraph>MYKROX Tablets (metolazone tablets, USP), &#189; mg are white, flat-faced, round tablets, debossed &#8220;MYKROX&#8221; on one side, and &#8220;&#189;&#8221; on reverse side.</paragraph>
						<paragraph>NDC 53014-847-71&#160;&#160;&#160;&#160;&#160;&#160;&#160;&#160;Bottle of 100&#8217;s </paragraph>
						<paragraph>Store at 25&#176;C (77&#176;F); excursions permitted to 15&#176;-30&#176;C (59&#176;-86&#176;F) [See USP Controlled Room Temperature]. Protect from light. Keep out of the reach of children.</paragraph>
					</text>
					<effectiveTime value="20060112"/>
				</section>
			</component>
			<component>
				<section>
					<id root="dffb4544-0e47-40cd-9baa-d622075811cc"/>
					<code code="42229-5" codeSystem="2.16.840.1.113883.6.1" codeSystemName="LOINC" displayName="SPL UNCLASSIFIED SECTION"/>
					<title mediaType="text/x-hl7-title+xml"/>
					<text>
						<paragraph>
							<content styleCode="bold">Celltech Pharmaceuticals, Inc.</content>
							<br/>
							<br/>Rochester, NY 14623  USA </paragraph>
						<paragraph>&#174; Celltech Manufacturing, Inc.<br/>
							<br/>&#169; 2003, Celltech Pharmaceuticals, Inc.<br/>
							<br/>All rights reserved.</paragraph>
						<paragraph>Rev. 2/03<br/>
							<br/>R528B</paragraph>
					</text>
					<effectiveTime value="20060112"/>
				</section>
			</component>
		</structuredBody>
	</component>
</document>
