<?xml version="1.0" encoding="utf-8"?>
<?xml-stylesheet href="http://www.fda.gov/oc/datacouncil/stylesheets/spl/spl.xsl" type="text/xsl"?>
<document xmlns:voc="http://www.hl7.org/v3/voc" xmlns="urn:hl7-org:v3" xmlns:xsi="http://www.w3.org/2001/XMLSchema-instance" xsi:schemaLocation="urn:hl7-org:v3 http://www.fda.gov/oc/datacouncil/schemas/spl/spl.xsd">
	<id root="AFCB6CB3-6964-4E5D-AED3-7A7B49A8A20C"/>
	<code code="34391-3" codeSystem="2.16.840.1.113883.6.1" codeSystemName="LOINC" displayName="HUMAN PRESCRIPTION DRUG LABELING"/>
	<title mediaType="text/x-hl7-title+xml">
		<content styleCode="italics">Monodox</content>
		<sup>&#174;</sup>
		<br/>
		<content styleCode="italics">Doxycycline</content>
		<br/>
		<content styleCode="italics">Monohydrate</content>
		<br/>
		<content styleCode="italics">Capsules</content>
		<br/>
Rx only<br/>
	</title>
	<effectiveTime value="20060412"/>
	<setId root="AFCB6CB3-6964-4E5D-AED3-7A7B49A8A20C"/>
	<versionNumber value="1"/>
	<author>
  <time/>
  <assignedEntity>
   <representedOrganization>
    <name>Oclassen Dermatologics</name>
   </representedOrganization>
  </assignedEntity>
</author>
	<component>
		<structuredBody>
			<component>
				<section>
					<id root="257CD28B-1D9D-F251-F519-7BF77CD7E362"/>
					<effectiveTime value="20060412"/>
					<subject>
						<manufacturedProduct>
							<manufacturedMedicine>
								<code code="55515-260" codeSystem="2.16.840.1.113883.6.69"/>
								<name>Monodox</name>
								<formCode code="C25158" codeSystem="2.16.840.1.113883.3.26.1.1" displayName="CAPSULE"/>
								<activeIngredient>
									<quantity>
										<numerator unit="mg" value="50">
											<translation code="C28253" codeSystem="2.16.840.1.113883.3.26.1.1" displayName="MILLIGRAM" value="50"/>
										</numerator>
										<denominator value="1">
											<translation code="C48480" codeSystem="2.16.840.1.113883.3.26.1.1" displayName="CAPSULE" value="1"/>
										</denominator>
									</quantity>
									<activeIngredientSubstance>
										<code code="N12000U13O" codeSystem="2.16.840.1.113883.4.9" codeSystemName="FDA SRS"/>
										<name>Doxycycline</name>
										<activeMoiety>
											<activeMoiety>
												<code code="N12000U13O" codeSystem="2.16.840.1.113883.4.9" codeSystemName="FDA SRS"/>
												<name>Doxycycline</name>
											</activeMoiety>
										</activeMoiety>
									</activeIngredientSubstance>
								</activeIngredient>
								<asEntityWithGeneric>
									<genericMedicine>
										<name>Doxycycline</name>
									</genericMedicine>
								</asEntityWithGeneric>
								<inactiveIngredient>
									<inactiveIngredientSubstance>
										<name>Colloidal silicon dioxide</name>
									</inactiveIngredientSubstance>
								</inactiveIngredient>
								<inactiveIngredient>
									<inactiveIngredientSubstance>
										<name>Hard gelatin capsule</name>
									</inactiveIngredientSubstance>
								</inactiveIngredient>
								<inactiveIngredient>
									<inactiveIngredientSubstance>
										<code code="70097M6I30" codeSystem="2.16.840.1.113883.4.9" codeSystemName="FDA SRS"/>
										<name>Magnesium stearate</name>
									</inactiveIngredientSubstance>
								</inactiveIngredient>
								<inactiveIngredient>
									<inactiveIngredientSubstance>
										<name>Microcrystalline cellulose</name>
									</inactiveIngredientSubstance>
								</inactiveIngredient>
								<inactiveIngredient>
									<inactiveIngredientSubstance>
										<name>Sodium Starch glycolate</name>
									</inactiveIngredientSubstance>
								</inactiveIngredient>
								<asContent>
									<quantity>
										<numerator value="100">
											<translation code="C48480" codeSystem="2.16.840.1.113883.3.26.1.1" displayName="CAPSULE" value="100"/>
										</numerator>
										<denominator value="1">
											<translation value="1"/>
										</denominator>
									</quantity>
									<containerPackagedMedicine>
										<code code="55515-260-06" codeSystem="2.16.840.1.113883.6.69" codeSystemName="NDC"/>
										<formCode code="C43169" codeSystem="2.16.840.1.113883.3.26.1.1" displayName="BOTTLE"/>
									</containerPackagedMedicine>
								</asContent>
							</manufacturedMedicine>
							<subjectOf>
								<characteristic classCode="OBS">
									<code code="SPLCOLOR" codeSystem="2.16.840.1.113883.1.11.19255"/>
									<value code="C48325" codeSystem="C48556" displayName="WHITE" xsi:type="CE">
										<originalText>white opaque and yellow opaque</originalText>
									</value>
								</characteristic>
							</subjectOf>
							<subjectOf>
								<characteristic classCode="OBS">
									<code code="SPLCOLOR" codeSystem="2.16.840.1.113883.1.11.19255"/>
									<value code="C48330" codeSystem="C48556" displayName="YELLOW" xsi:type="CE">
										<originalText>white opaque and yellow opaque</originalText>
									</value>
								</characteristic>
							</subjectOf>
							<subjectOf>
								<characteristic classCode="OBS">
									<code code="SPLSHAPE" codeSystem="2.16.840.1.113883.1.11.19255"/>
									<value code="C48336" codeSystem="C48557" displayName="CAPSULE" xsi:type="CE"/>
								</characteristic>
							</subjectOf>
							<subjectOf>
								<characteristic classCode="OBS">
									<code code="SPLSIZE" codeSystem="2.16.840.1.113883.1.11.19255"/>
									<value unit="mm" value="14" xsi:type="PQ"/>
								</characteristic>
							</subjectOf>
							<subjectOf>
								<characteristic classCode="OBS">
									<code code="SPLCOATING" codeSystem="2.16.840.1.113883.1.11.19255"/>
									<value value="false" xsi:type="BL"/>
								</characteristic>
							</subjectOf>
							<subjectOf>
								<characteristic classCode="OBS">
									<code code="SPLSCORE" codeSystem="2.16.840.1.113883.1.11.19255"/>
									<value value="1" xsi:type="INT"/>
								</characteristic>
							</subjectOf>
							<subjectOf>
								<characteristic classCode="OBS">
									<code code="SPLIMPRINT" codeSystem="2.16.840.1.113883.1.11.19255"/>
									<value xsi:type="ST">MONODOX;50;M;260</value>
								</characteristic>
							</subjectOf>
							<subjectOf>
								<characteristic classCode="OBS">
									<code code="SPLSYMBOL" codeSystem="2.16.840.1.113883.1.11.19255"/>
									<value value="false" xsi:type="BL"/>
								</characteristic>
							</subjectOf>
							<consumedIn>
								<substanceAdministration>
									<routeCode code="C38288" codeSystem="2.16.840.1.113883.3.26.1.1" displayName="ORAL"/>
								</substanceAdministration>
							</consumedIn>
						</manufacturedProduct>
					</subject>
					<subject>
						<manufacturedProduct>
							<manufacturedMedicine>
								<code code="55515-259" codeSystem="2.16.840.1.113883.6.69"/>
								<name>Monodox</name>
								<formCode code="C25158" codeSystem="2.16.840.1.113883.3.26.1.1" displayName="CAPSULE"/>
								<activeIngredient>
									<quantity>
										<numerator unit="mg" value="100">
											<translation code="C28253" codeSystem="2.16.840.1.113883.3.26.1.1" displayName="MILLIGRAM" value="100"/>
										</numerator>
										<denominator value="1">
											<translation code="C48480" codeSystem="2.16.840.1.113883.3.26.1.1" displayName="CAPSULE" value="1"/>
										</denominator>
									</quantity>
									<activeIngredientSubstance>
										<code code="N12000U13O" codeSystem="2.16.840.1.113883.4.9" codeSystemName="FDA SRS"/>
										<name>Doxycycline</name>
										<activeMoiety>
											<activeMoiety>
												<code code="N12000U13O" codeSystem="2.16.840.1.113883.4.9" codeSystemName="FDA SRS"/>
												<name>Doxycycline</name>
											</activeMoiety>
										</activeMoiety>
									</activeIngredientSubstance>
								</activeIngredient>
								<asEntityWithGeneric>
									<genericMedicine>
										<name>Doxycycline</name>
									</genericMedicine>
								</asEntityWithGeneric>
								<inactiveIngredient>
									<inactiveIngredientSubstance>
										<name>Colloidal silicon dioxide</name>
									</inactiveIngredientSubstance>
								</inactiveIngredient>
								<inactiveIngredient>
									<inactiveIngredientSubstance>
										<name>Hard gelatin capsule</name>
									</inactiveIngredientSubstance>
								</inactiveIngredient>
								<inactiveIngredient>
									<inactiveIngredientSubstance>
										<code code="70097M6I30" codeSystem="2.16.840.1.113883.4.9" codeSystemName="FDA SRS"/>
										<name>Magnesium stearate</name>
									</inactiveIngredientSubstance>
								</inactiveIngredient>
								<inactiveIngredient>
									<inactiveIngredientSubstance>
										<name>Microcrystalline cellulose</name>
									</inactiveIngredientSubstance>
								</inactiveIngredient>
								<inactiveIngredient>
									<inactiveIngredientSubstance>
										<name>Sodium Starch glycolate</name>
									</inactiveIngredientSubstance>
								</inactiveIngredient>
								<asContent>
									<quantity>
										<numerator value="50">
											<translation code="C48480" codeSystem="2.16.840.1.113883.3.26.1.1" displayName="CAPSULE" value="50"/>
										</numerator>
										<denominator value="1">
											<translation value="1"/>
										</denominator>
									</quantity>
									<containerPackagedMedicine>
										<code code="55515-259-04" codeSystem="2.16.840.1.113883.6.69" codeSystemName="NDC"/>
										<formCode code="C43169" codeSystem="2.16.840.1.113883.3.26.1.1" displayName="BOTTLE"/>
									</containerPackagedMedicine>
								</asContent>
								<asContent>
									<quantity>
										<numerator value="250">
											<translation code="C48480" codeSystem="2.16.840.1.113883.3.26.1.1" displayName="CAPSULE" value="250"/>
										</numerator>
										<denominator value="1">
											<translation value="1"/>
										</denominator>
									</quantity>
									<containerPackagedMedicine>
										<code code="55515-259-07" codeSystem="2.16.840.1.113883.6.69" codeSystemName="NDC"/>
										<formCode code="C43169" codeSystem="2.16.840.1.113883.3.26.1.1" displayName="BOTTLE"/>
									</containerPackagedMedicine>
								</asContent>
							</manufacturedMedicine>
							<subjectOf>
								<characteristic classCode="OBS">
									<code code="SPLCOLOR" codeSystem="2.16.840.1.113883.1.11.19255"/>
									<value code="C48332" codeSystem="C48556" displayName="BROWN" xsi:type="CE">
										<originalText>yellow opaque and brown opaque</originalText>
									</value>
								</characteristic>
							</subjectOf>
							<subjectOf>
								<characteristic classCode="OBS">
									<code code="SPLCOLOR" codeSystem="2.16.840.1.113883.1.11.19255"/>
									<value code="C48330" codeSystem="C48556" displayName="YELLOW" xsi:type="CE">
										<originalText>yellow opaque and brown opaque</originalText>
									</value>
								</characteristic>
							</subjectOf>
							<subjectOf>
								<characteristic classCode="OBS">
									<code code="SPLSHAPE" codeSystem="2.16.840.1.113883.1.11.19255"/>
									<value code="C48336" codeSystem="C48557" displayName="CAPSULE" xsi:type="CE"/>
								</characteristic>
							</subjectOf>
							<subjectOf>
								<characteristic classCode="OBS">
									<code code="SPLSIZE" codeSystem="2.16.840.1.113883.1.11.19255"/>
									<value unit="mm" value="19" xsi:type="PQ"/>
								</characteristic>
							</subjectOf>
							<subjectOf>
								<characteristic classCode="OBS">
									<code code="SPLCOATING" codeSystem="2.16.840.1.113883.1.11.19255"/>
									<value value="false" xsi:type="BL"/>
								</characteristic>
							</subjectOf>
							<subjectOf>
								<characteristic classCode="OBS">
									<code code="SPLSCORE" codeSystem="2.16.840.1.113883.1.11.19255"/>
									<value value="1" xsi:type="INT"/>
								</characteristic>
							</subjectOf>
							<subjectOf>
								<characteristic classCode="OBS">
									<code code="SPLIMPRINT" codeSystem="2.16.840.1.113883.1.11.19255"/>
									<value xsi:type="ST">MONODOX;100;M;259</value>
								</characteristic>
							</subjectOf>
							<subjectOf>
								<characteristic classCode="OBS">
									<code code="SPLSYMBOL" codeSystem="2.16.840.1.113883.1.11.19255"/>
									<value value="false" xsi:type="BL"/>
								</characteristic>
							</subjectOf>
							<consumedIn>
								<substanceAdministration>
									<routeCode code="C38288" codeSystem="2.16.840.1.113883.3.26.1.1" displayName="ORAL"/>
								</substanceAdministration>
							</consumedIn>
						</manufacturedProduct>
					</subject>
				</section>
			</component>
			<component>
				<section>
					<id root="D6D57957-48EA-8A9D-A124-0AE8590C97FF"/>
					<code code="42229-5" codeSystem="2.16.840.1.113883.6.1" displayName="SPL UNCLASSIFIED SECTION"/>
					<text>
						<paragraph>To reduce the development of drug-resistant bacteria and maintain the effectiveness of Monodox<sup>&#174;</sup> and other antibacterial drugs, Monodox should be used only to treat or prevent infections that are proven or strongly suspected to be caused by bacteria.</paragraph>
					</text>
					<effectiveTime value="20060412"/>
				</section>
			</component>
			<component>
				<section>
					<id root="3BA6F447-293C-9342-33B1-024AF0923BA5"/>
					<code code="34089-3" codeSystem="2.16.840.1.113883.6.1" displayName="DESCRIPTION SECTION"/>
					<title mediaType="text/x-hl7-title+xml">DESCRIPTION</title>
					<text>
						<paragraph>Doxycycline is a broad-spectrum antibiotic synthetically derived from oxytetracycline. Monodox 100 mg and 50 mg capsules contain doxycycline monohydrate equivalent to 100 mg or 50 mg of doxycycline for oral administration. The chemical designation of the light-yellow crystalline powder is alpha-6-deoxy-5-oxytetracycline.</paragraph>
						<paragraph>Structural formula:</paragraph>
						<renderMultiMedia referencedObject="MM1">
							<caption>C<sub>22</sub>H<sub>24</sub>N<sub>2</sub>O<sub>8</sub>&#8226; H<sub>2</sub>O&#8195;&#8195;&#8195;&#8195;&#8195;&#8195;&#8195;&#8195;&#8195;M.W.=462.45</caption>
						</renderMultiMedia>
						<paragraph>Doxycycline has a high degree of lipid solubility and a low affinity for calcium binding. It is highly stable in normal human serum. Doxycycline will not degrade into an epianhydro form.</paragraph>
						<paragraph>Inert ingredients: colloidal silicon dioxide; hard gelatin capsule; magnesium stearate; microcrystalline cellulose; and sodium starch glycolate.</paragraph>
					</text>
					<effectiveTime value="20060412"/>
				</section>
			</component>
			<component>
				<section>
					<id root="1FFAA25D-88E3-72D8-773A-00B6A59214F7"/>
					<code code="34090-1" codeSystem="2.16.840.1.113883.6.1" displayName="CLINICAL PHARMACOLOGY SECTION"/>
					<title mediaType="text/x-hl7-title+xml">CLINICAL PHARMACOLOGY</title>
					<text>
						<paragraph>Tetracyclines are readily absorbed and are bound to plasma proteins in varying degrees. They are concentrated by the liver in the bile and excreted in the urine and feces at high concentrations in a biologically active form. Doxycycline is virtually completely absorbed after oral administration.</paragraph>
						<paragraph>Following a 200 mg dose of doxycycline monohydrate, 24 normal adult volunteers averaged the following serum concentration values:</paragraph>
						<table frame="hsides">
							<thead>
								<tr>
									<td align="left" valign="top"/>
									<td align="left" valign="top"/>
									<td align="left" valign="top"/>
									<td align="left" valign="top"/>
									<td align="left" valign="top"/>
									<td align="left" valign="top"/>
									<td align="left" valign="top"/>
									<td align="left" valign="top"/>
									<td align="left" valign="top"/>
									<td align="left" valign="top"/>
									<td align="left" valign="top"/>
									<td align="left" valign="top"/>
									<td align="left" valign="top"/>
								</tr>
							</thead>
							<tbody>
								<tr>
									<td align="left" valign="top">Time(hr):</td>
									<td align="left" valign="top">0.5</td>
									<td align="left" valign="top">1.0</td>
									<td align="left" valign="top">1.5</td>
									<td align="left" valign="top">2.0</td>
									<td align="left" valign="top">3.0</td>
									<td align="left" valign="top">4.0</td>
									<td align="left" valign="top">8.0</td>
									<td align="left" valign="top">12.0</td>
									<td align="left" valign="top">24.0</td>
									<td align="left" valign="top">48.0</td>
									<td align="left" valign="top">72.0</td>
									<td align="left" valign="top"/>
								</tr>
								<tr>
									<td align="left" valign="top">Conc.</td>
									<td align="left" valign="top">1.02</td>
									<td align="left" valign="top">2.26</td>
									<td align="left" valign="top">2.67</td>
									<td align="left" valign="top">3.01</td>
									<td align="left" valign="top">3.16</td>
									<td align="left" valign="top">3.03</td>
									<td align="left" valign="top">2.03</td>
									<td align="left" valign="top">1.62</td>
									<td align="left" valign="top">0.95</td>
									<td align="left" valign="top">0.37</td>
									<td align="left" valign="top">0.15</td>
									<td align="left" valign="top">(mcg/mL)</td>
								</tr>
							</tbody>
						</table>
						<table frame="hsides">
							<thead>
								<tr>
									<td align="center" colspan="2" valign="top">Average Observed Values</td>
								</tr>
							</thead>
							<tbody>
								<tr>
									<td align="left" valign="top">Maximum Concentration</td>
									<td align="left" valign="top">3.61 mcg/mL (&#177; 0.9 sd)</td>
								</tr>
								<tr>
									<td align="left" valign="top">Time of Maximum Concentration</td>
									<td align="left" valign="top">2.60 hr (&#177; 1.10 sd)</td>
								</tr>
								<tr>
									<td align="left" valign="top">Elimination Rate Constant</td>
									<td align="left" valign="top">0.049 per hr (&#177; 0.030 sd)</td>
								</tr>
								<tr>
									<td align="left" valign="top">Half-Life</td>
									<td align="left" valign="top">16.33 hr (&#177; 4.53 sd)</td>
								</tr>
							</tbody>
						</table>
						<paragraph>Excretion of doxycycline by the kidney is about 40%/72 hours in individuals with normal function (creatinine clearance about 75 mL/min). This percentage excretion may fall as low as 1-5%/72 hours in individuals with severe renal insufficiency (creatinine clearance below 10 mL/min). Studies have shown no significant difference in serum half-life of doxycycline (range 18-22 hours) in individuals with normal and severely impaired renal function.</paragraph>
						<paragraph>Hemodialysis does not alter serum half-life.</paragraph>
						<paragraph>
							<content styleCode="bold">Microbiology:</content> The tetracyclines are primarily bacteriostatic and are thought to exert their antimicrobial effect by the inhibition of protein synthesis. The tetracyclines, including doxycycline, have a similar antimicrobial spectrum of activity against a wide range of gram-positive and gram-negative microorganisms. Cross-resistance of these microorganisms to tetracyclines is common.</paragraph>
						<paragraph>Doxycycline has been shown to be active against most strains of the following microorganisms, both <content styleCode="italics">in vitro</content> and in clinical infections as described in the <content styleCode="bold">INDICATIONS AND USAGE</content> section.</paragraph>
						<paragraph>
							<content styleCode="bold">Aerobic Gram-Positive Microorganisms:</content>
						</paragraph>
						<paragraph>Because many strains of the following groups of gram-positive microorganisms have been shown to be resistant to tetracyclines, culture and susceptibility testing are recommended.</paragraph>
						<table frame="hsides">
							<thead>
								<tr>
									<td align="left" valign="top"/>
								</tr>
							</thead>
							<tbody>
								<tr>
									<td align="left" valign="top">
										<content styleCode="italics">Bacillus anthracis</content>
									</td>
								</tr>
								<tr>
									<td align="left" valign="top">
										<content styleCode="italics">Listeria monocytogenes</content>
									</td>
								</tr>
								<tr>
									<td align="left" valign="top">
										<content styleCode="italics">Staphylococcus aureus</content>*</td>
								</tr>
							</tbody>
						</table>
						<paragraph>*Doxycycline is not the drug of choice in the treatment of any type of staphylococcal infection.</paragraph>
						<paragraph>Up to 44 percent of strains of <content styleCode="italics">Streptococcus pyogenes</content> and 74 percent of<content styleCode="italics">Streptococcus faecalis</content> have been found to be resistant to tetracycline drugs. Therefore, tetracyclines should not be used to treat streptococcal infections unless the microorganism has been demonstrated to be susceptible.</paragraph>
						<paragraph>
							<content styleCode="italics">Streptococcus pneumoniae</content>
						</paragraph>
						<paragraph>
							<content styleCode="bold">Aerobic Gram-Negative Microorganisms:</content>
						</paragraph>
						<table frame="hsides">
							<thead>
								<tr>
									<td align="left" valign="top"/>
									<td align="left" valign="top"/>
								</tr>
							</thead>
							<tbody>
								<tr>
									<td align="left" valign="top">
										<content styleCode="italics">Bartonella bacilliformis</content>
									</td>
									<td align="left" valign="top">
										<content styleCode="italics">Haemophilus ducreyi</content>
									</td>
								</tr>
								<tr>
									<td align="left" valign="top">
										<content styleCode="italics">Brucella species</content>
									</td>
									<td align="left" valign="top">
										<content styleCode="italics">Haemophilus influenzae</content>
									</td>
								</tr>
								<tr>
									<td align="left" valign="top">
										<content styleCode="italics">Calymmatobacterium granulomatis</content>
									</td>
									<td align="left" valign="top">
										<content styleCode="italics">Neisseria gonorrhoeae</content>
									</td>
								</tr>
								<tr>
									<td align="left" valign="top">
										<content styleCode="italics">Campylobacter fetus</content>
									</td>
									<td align="left" valign="top">
										<content styleCode="italics">Vibrio cholerae</content>
									</td>
								</tr>
								<tr>
									<td align="left" valign="top">
										<content styleCode="italics">Francisella tularensis</content>
									</td>
									<td align="left" valign="top">
										<content styleCode="italics">Yersinia pestis</content>
									</td>
								</tr>
							</tbody>
						</table>
						<paragraph>Because many strains of the following groups of gram-negative microorganisms have been shown to be resistant to tetracyclines, culture and susceptibility testing are recommended:</paragraph>
						<table frame="hsides">
							<thead>
								<tr>
									<td align="left" valign="top"/>
									<td align="left" valign="top"/>
								</tr>
							</thead>
							<tbody>
								<tr>
									<td align="left" valign="top">
										<content styleCode="italics">Acinetobacter species</content>
									</td>
									<td align="left" valign="top">
										<content styleCode="italics">Klebsiella species</content>
									</td>
								</tr>
								<tr>
									<td align="left" valign="top">
										<content styleCode="italics">Enterobacter aerogenes</content>
									</td>
									<td align="left" valign="top">
										<content styleCode="italics">Shigella species</content>
									</td>
								</tr>
								<tr>
									<td align="left" valign="top">
										<content styleCode="italics">Escherichia coli</content>
									</td>
									<td align="left" valign="top"/>
								</tr>
							</tbody>
						</table>
						<paragraph>
							<content styleCode="bold">Anaerobic Microorganisms:</content>
						</paragraph>
						<table frame="hsides">
							<thead>
								<tr>
									<td align="left" valign="top"/>
									<td align="left" valign="top"/>
								</tr>
							</thead>
							<tbody>
								<tr>
									<td align="left" valign="top">
										<content styleCode="italics">Actinomyces israelii</content>
									</td>
									<td align="left" valign="top">
										<content styleCode="italics">Fusobacterium fusiforme</content>
									</td>
								</tr>
								<tr>
									<td align="left" valign="top">
										<content styleCode="italics">Clostridium species</content>
									</td>
									<td align="left" valign="top"/>
								</tr>
							</tbody>
						</table>
						<paragraph>
							<content styleCode="bold">Other Microorganisms:</content>
						</paragraph>
						<table frame="hsides">
							<thead>
								<tr>
									<td align="left" valign="top"/>
									<td align="left" valign="top"/>
								</tr>
							</thead>
							<tbody>
								<tr>
									<td align="left" valign="top">
										<content styleCode="italics">Borrelia recurrentis</content>
									</td>
									<td align="left" valign="top">Rickettsiae</td>
								</tr>
								<tr>
									<td align="left" valign="top">
										<content styleCode="italics">Chlamydia psittaci</content>
									</td>
									<td align="left" valign="top">
										<content styleCode="italics">Treponema pallidum</content>
									</td>
								</tr>
								<tr>
									<td align="left" valign="top">
										<content styleCode="italics">Chlamydia trachomatis</content>
									</td>
									<td align="left" valign="top">
										<content styleCode="italics">Treponema pertenue</content>
									</td>
								</tr>
								<tr>
									<td align="left" valign="top">
										<content styleCode="italics">Mycoplasma pneumoniae</content>
									</td>
									<td align="left" valign="top"/>
								</tr>
							</tbody>
						</table>
						<paragraph>
							<content styleCode="bold">Susceptibility Tests:</content>
						</paragraph>
						<paragraph>
							<content styleCode="bold">Dilution Techniques:</content>
						</paragraph>
						<paragraph>Quantitative methods are used to determine antimicrobial minimum inhibitory concentrations (MIC&#8217;s). These MIC&#8217;s provide estimates of the susceptibility of bacteria to antimicrobial compounds. The MIC&#8217;s should be determined using a standardized procedure. Standardized procedures are based on a dilution method<sup>1,3</sup> (broth or agar) or equivalent with standardized inoculum concentrations and standardized concentrations of tetracycline powder. The MIC values should be interpreted according to the following criteria for indicated aerobic microorganisms other than <content styleCode="italics">Haemophilus</content> species, <content styleCode="italics">Neisseria gonorrhoeae</content>, and <content styleCode="italics">Streptococcus pneumoniae:</content>
						</paragraph>
						<table frame="hsides">
							<thead>
								<tr>
									<td align="center" valign="top"/>
									<td align="left" valign="top"/>
								</tr>
							</thead>
							<tfoot>
								<tr>
									<td align="left" colspan="2" valign="top">a. Interpretative criteria applicable only to tests performed by broth microdilution method using <content styleCode="italics">Haemophilus</content> Test Medium (HTM).<sup>1,3</sup>
									</td>
								</tr>
								<tr>
									<td align="left" colspan="2" valign="top">b. Interpretative criteria applicable only to tests performed by agar dilution method using GC agar base with 1% defined growth supplement.<sup>1,3</sup>
									</td>
								</tr>
								<tr>
									<td align="left" colspan="2" valign="top">c. Interpretative criteria applicable only to tests performed by broth microdilution method using cation-adjusted Mueller-Hinton broth with 2 to 5% lysed horse blood.<sup>1,3</sup>
									</td>
								</tr>
							</tfoot>
							<tbody>
								<tr>
									<td align="center" valign="top">
										<content styleCode="bold underline">MIC (mcg/mL)</content>
									</td>
									<td align="left" valign="top">
										<content styleCode="bold underline">Interpretation</content>
									</td>
								</tr>
								<tr>
									<td align="center" valign="top">&#8804; 4</td>
									<td align="left" valign="top">Susceptible (S)</td>
								</tr>
								<tr>
									<td align="center" valign="top">  8</td>
									<td align="left" valign="top">Intermediate (I)</td>
								</tr>
								<tr>
									<td align="center" valign="top">&#8805; 16</td>
									<td align="left" valign="top">Resistant (R)</td>
								</tr>
								<tr>
									<td align="left" colspan="2" valign="top">When testing <content styleCode="italics">Haemophilus </content>spp.<sup>a</sup>
									</td>
								</tr>
								<tr>
									<td align="center" valign="top">
										<content styleCode="bold underline">MIC (mcg/mL)</content>
									</td>
									<td align="left" valign="top">
										<content styleCode="bold underline">Interpretation</content>
									</td>
								</tr>
								<tr>
									<td align="center" valign="top">&#8804; 2</td>
									<td align="left" valign="top">Susceptible (S)</td>
								</tr>
								<tr>
									<td align="center" valign="top">4</td>
									<td align="left" valign="top">Intermediate (I)</td>
								</tr>
								<tr>
									<td align="center" valign="top">&#8805; 8</td>
									<td align="left" valign="top">Resistant (R)</td>
								</tr>
								<tr>
									<td align="left" colspan="2" valign="top">When testing <content styleCode="italics">Neisseria gonorrhoeae</content>
										<sup>b</sup>
									</td>
								</tr>
								<tr>
									<td align="center" valign="top">
										<content styleCode="bold underline">MIC (mcg/mL)</content>
									</td>
									<td align="left" valign="top">
										<content styleCode="bold underline">Interpretation</content>
									</td>
								</tr>
								<tr>
									<td align="center" valign="top">&#8804; 0.25</td>
									<td align="left" valign="top">Susceptible (S)</td>
								</tr>
								<tr>
									<td align="center" valign="top">0.5-1</td>
									<td align="left" valign="top">Intermediate (I)</td>
								</tr>
								<tr>
									<td align="center" valign="top">&#8805; 2</td>
									<td align="left" valign="top">Resistant (R)</td>
								</tr>
								<tr>
									<td align="left" colspan="2" valign="top">When testing <content styleCode="italics">Streptococcus pneumoniae </content>
										<sup>c</sup>
									</td>
								</tr>
								<tr>
									<td align="center" valign="top">
										<content styleCode="bold underline">MIC (mcg/mL)</content>
									</td>
									<td align="left" valign="top">
										<content styleCode="bold underline">Interpretation</content>
									</td>
								</tr>
								<tr>
									<td align="center" valign="top">&#8804; 2</td>
									<td align="left" valign="top">Susceptible (S)</td>
								</tr>
								<tr>
									<td align="center" valign="top">4</td>
									<td align="left" valign="top">Intermediate (I)</td>
								</tr>
								<tr>
									<td align="center" valign="top">&#8805; 8</td>
									<td align="left" valign="top">Resistant (R)</td>
								</tr>
							</tbody>
						</table>
						<paragraph>A report of &#8220;Susceptible&#8221; indicates that the pathogen is likely to be inhibited if the antimicrobial compound in the blood reaches the concentrations usually achievable. A report of &#8220;Intermediate&#8221; indicates that the result should be considered equivocal, and, if the microorganism is not fully susceptible to alternative, clinically feasible drugs, the test should be repeated. This category implies possible clinical applicability in body sites where the drug is physiologically concentrated or in situations where high dosage of drug can be used. This category also provides a buffer zone which prevents small uncontrolled technical factors from causing major discrepancies in interpretation. A report of &#8220;Resistant&#8221; indicates that the pathogen is not likely to be inhibited if the antimicrobial compound in the blood reaches the concentrations usually achievable; other therapy should be selected.</paragraph>
						<paragraph>Standardized susceptibility test procedures require the use of laboratory control microorganisms to control the technical aspects of the laboratory procedures. Standard tetracycline powder should provide the following MIC values:</paragraph>
						<table frame="hsides">
							<thead>
								<tr>
									<td align="left" valign="top">
										<content styleCode="bold underline">Microorganism</content>
									</td>
									<td align="center" valign="top"/>
									<td align="center" valign="top">
										<content styleCode="bold underline">MIC (mcg/mL)</content>
									</td>
								</tr>
							</thead>
							<tfoot>
								<tr>
									<td align="left" colspan="3" valign="top">a. Range applicable only to tests performed by broth microdilution method using <content styleCode="italics">Haemophilus</content> Test Medium (HTM).<sup>1,3</sup>
									</td>
								</tr>
								<tr>
									<td align="left" colspan="3" valign="top">b. Range applicable only to tests performed by agar dilution method using GC agar base with 1% defined growth supplement.<sup>1,3</sup>
									</td>
								</tr>
								<tr>
									<td align="left" colspan="3" valign="top">c. Range applicable only to tests performed by broth microdilution method using cation-adjusted Mueller-Hinton broth with 2 to 5% lysed horse blood.<sup>1,3</sup>
									</td>
								</tr>
							</tfoot>
							<tbody>
								<tr>
									<td align="left" valign="top">
										<content styleCode="italics">Enterococcus faecalis</content>
									</td>
									<td align="center" valign="top">ATCC 29212</td>
									<td align="center" valign="top">8-32</td>
								</tr>
								<tr>
									<td align="left" valign="top">
										<content styleCode="italics">Escherichia coli</content>
									</td>
									<td align="center" valign="top">ATCC 25922</td>
									<td align="center" valign="top">0.5-2</td>
								</tr>
								<tr>
									<td align="left" valign="top">
										<content styleCode="italics">Haemophilus influenzae </content>
										<sup>a</sup>
									</td>
									<td align="center" valign="top">ATCC 49247</td>
									<td align="center" valign="top">4-32</td>
								</tr>
								<tr>
									<td align="left" valign="top">
										<content styleCode="italics">Neisseria gonorrhoeae </content>
										<sup>b</sup>
									</td>
									<td align="center" valign="top">ATCC 49226</td>
									<td align="center" valign="top">0.25-1</td>
								</tr>
								<tr>
									<td align="left" valign="top">
										<content styleCode="italics">Pseudomonas aeruginosa</content>
									</td>
									<td align="center" valign="top">ATCC 27853</td>
									<td align="center" valign="top">8-32</td>
								</tr>
								<tr>
									<td align="left" valign="top">
										<content styleCode="italics">Staphylococcus aureus</content>
									</td>
									<td align="center" valign="top">ATCC 29213</td>
									<td align="center" valign="top">0.12-1</td>
								</tr>
								<tr>
									<td align="left" valign="top">
										<content styleCode="italics">Streptococcus pneumoniae </content>
										<sup>c</sup>
									</td>
									<td align="center" valign="top">ATCC 49619</td>
									<td align="center" valign="top">0.12-0.5</td>
								</tr>
							</tbody>
						</table>
						<paragraph>
							<content styleCode="bold">Diffusion Techniques:</content>
						</paragraph>
						<paragraph>Quantitative methods that require measurement of zone diameters also provide reproducible estimates of the susceptibility of bacteria to antimicrobial compounds. One such standardized procedure<sup>2,3</sup> requires the use of standardized inoculum concentrations. This procedure uses paper disks impregnated with 30-mcg tetracycline or 30-mcg doxycycline to test the susceptibility of microorganisms to doxycycline.</paragraph>
						<paragraph>Reports from the laboratory providing results of the standard single-disk susceptibility test with a 30-mcg tetracycline-class disk or the 30-mcg doxycycline disk should be interpreted according to the following criteria for indicated aerobic microorganisms other than <content styleCode="italics">Haemophilus</content> species, <content styleCode="italics">Neisseria gonorrhoeae</content>, and <content styleCode="italics">Streptococcus pneumoniae:</content>
						</paragraph>
						<table frame="hsides">
							<thead>
								<tr>
									<td align="center" colspan="2" valign="top"/>
									<td align="center" valign="top"/>
								</tr>
							</thead>
							<tfoot>
								<tr>
									<td align="left" colspan="3" valign="top">a. Interpretative criteria applicable only to tests performed by disk diffusion method using a 30-mcg tetracycline-class disk and using <content styleCode="italics">Haemophilus</content> Test Medium (HTM).<sup>2,3</sup>
									</td>
								</tr>
								<tr>
									<td align="left" colspan="3" valign="top">b. Interpretative criteria applicable only to tests performed by disk diffusion method using a 30-mcg tetracycline-class disk and using GC agar base with 1% defined growth supplement.<sup>2,3</sup>
									</td>
								</tr>
								<tr>
									<td align="left" colspan="3" valign="top">c. Interpretative criteria applicable only to tests performed by disk diffusion method using a 30-mcg tetracycline-class disk and using Mueller-Hinton agar with 5% defibrinated sheep blood and incubated in 5% CO<sub>2</sub>.<sup>2,3</sup>
									</td>
								</tr>
							</tfoot>
							<tbody>
								<tr>
									<td align="center" colspan="2" valign="top">
										<content styleCode="bold underline">Zone Diameter (mm)</content>
									</td>
									<td align="left" valign="top">
										<content styleCode="bold underline">Interpretation</content>
									</td>
								</tr>
								<tr>
									<td align="center" valign="top">tetracycline</td>
									<td align="center" valign="top">doxycycline</td>
									<td align="left" valign="top"/>
								</tr>
								<tr>
									<td align="center" valign="top">&#8805;19</td>
									<td align="center" valign="top">&#8805;16</td>
									<td align="left" valign="top">Susceptible (S)</td>
								</tr>
								<tr>
									<td align="center" valign="top">15-18</td>
									<td align="center" valign="top">13-15</td>
									<td align="left" valign="top">Intermediate (I)</td>
								</tr>
								<tr>
									<td align="center" valign="top">&#8804;14</td>
									<td align="center" valign="top">&#8804;12</td>
									<td align="left" valign="top">Resistant (R)</td>
								</tr>
								<tr>
									<td align="left" colspan="3" valign="top">When testing <content styleCode="italics">Haemophilus spp.</content>
										<sup>a</sup>
									</td>
								</tr>
								<tr>
									<td align="center" colspan="2" valign="top">
										<content styleCode="bold underline">Zone Diameter (mm)</content>
									</td>
									<td align="left" valign="top">
										<content styleCode="bold underline">Interpretation</content>
									</td>
								</tr>
								<tr>
									<td align="center" colspan="2" valign="top">tetracycline</td>
									<td align="left" valign="top"/>
								</tr>
								<tr>
									<td align="center" colspan="2" valign="top">&#8805; 29</td>
									<td align="left" valign="top">Susceptible (S)</td>
								</tr>
								<tr>
									<td align="center" colspan="2" valign="top">26-28</td>
									<td align="left" valign="top">Intermediate (I)</td>
								</tr>
								<tr>
									<td align="center" colspan="2" valign="top">&#8804; 25</td>
									<td align="left" valign="top">Resistant (R)</td>
								</tr>
								<tr>
									<td align="left" colspan="3" valign="top">When testing <content styleCode="italics">Neisseria gonorrhoeae</content>
										<sup>b</sup>
									</td>
								</tr>
								<tr>
									<td align="center" colspan="2" valign="top">
										<content styleCode="bold underline">Zone Diameter (mm)</content>
									</td>
									<td align="left" valign="top">
										<content styleCode="bold underline">Interpretation</content>
									</td>
								</tr>
								<tr>
									<td align="center" colspan="2" valign="top">tetracycline</td>
									<td align="left" valign="top"/>
								</tr>
								<tr>
									<td align="center" colspan="2" valign="top">&#8805; 38</td>
									<td align="left" valign="top">Susceptible (S)</td>
								</tr>
								<tr>
									<td align="center" colspan="2" valign="top">31-37</td>
									<td align="left" valign="top">Intermediate (I)</td>
								</tr>
								<tr>
									<td align="center" colspan="2" valign="top">&#8804; 30</td>
									<td align="left" valign="top">Resistant (R)</td>
								</tr>
								<tr>
									<td align="left" colspan="3" valign="top">Zone diameters &#8804;19 mm may indicate a plasmid-mediated tetracycline-resistant <content styleCode="italics">Neisseria gonorrhoeae</content> (TRNG) isolate. These TRNG strains should be confirmed by the dilution test (MIC &#8805; 16 mcg/mL). When testing <content styleCode="italics">Streptococcus pneumoniae </content>
										<sup>c</sup>
									</td>
								</tr>
								<tr>
									<td align="center" colspan="2" valign="top">
										<content styleCode="bold underline">Zone Diameter (mm)</content>
									</td>
									<td align="left" valign="top">
										<content styleCode="bold underline">Interpretation</content>
									</td>
								</tr>
								<tr>
									<td align="center" colspan="2" valign="top">tetracycline</td>
									<td align="left" valign="top"/>
								</tr>
								<tr>
									<td align="center" colspan="2" valign="top">&#8805; 23</td>
									<td align="left" valign="top">Susceptible (S)</td>
								</tr>
								<tr>
									<td align="center" colspan="2" valign="top">19-22</td>
									<td align="left" valign="top">Intermediate (I)</td>
								</tr>
								<tr>
									<td align="center" colspan="2" valign="top">&#8804;18</td>
									<td align="left" valign="top">Resistant (R)</td>
								</tr>
							</tbody>
						</table>
						<paragraph>Interpretation should be as stated above for results using dilution techniques. Interpretation involves correlation of the diameter obtained in the disk test with the MIC for tetracycline or doxycycline, respectively.</paragraph>
						<paragraph>As with standardized dilution techniques, diffusion methods require the use of laboratory control microorganisms that are used to control the technical aspects of the laboratory procedures. For the diffusion technique, the 30-mcg tetracycline-class disk or the 30-mcg doxycycline disk should provide the following zone diameters in these laboratory test quality control strains:</paragraph>
						<table frame="hsides">
							<thead>
								<tr>
									<td align="left" valign="top">
										<content styleCode="bold underline">Microorganism</content>
									</td>
									<td align="left" valign="top"/>
									<td align="center" colspan="2" valign="top">
										<content styleCode="bold underline">Zone Diameter (mm)</content>
									</td>
								</tr>
							</thead>
							<tfoot>
								<tr>
									<td align="left" colspan="4" valign="top">a. Range applicable only to tests performed by disk diffusion method using a 30-mcg tetracycline-class disk and using <content styleCode="italics">Haemophilus</content> Test Medium (HTM).<sup>2,3</sup>
									</td>
								</tr>
								<tr>
									<td align="left" colspan="4" valign="top">b. Range applicable only to tests performed by disk diffusion method using a 30-mcg tetracycline-class disk and using GC agar base with 1% defined growth supplement.<sup>2,3</sup>
									</td>
								</tr>
								<tr>
									<td align="left" colspan="4" valign="top">c. Range applicable only to tests performed by disk diffusion method using a 30-mcg tetracycline-class disk and using Mueller-Hinton agar with 5% defibrinated sheep blood and incubated in 5% CO<sub>2</sub>.<sup>2,3</sup>
									</td>
								</tr>
							</tfoot>
							<tbody>
								<tr>
									<td align="left" valign="top"/>
									<td align="left" valign="top"/>
									<td align="center" valign="top">tetracycline</td>
									<td align="center" valign="top">doxycycline</td>
								</tr>
								<tr>
									<td align="left" valign="top">
										<content styleCode="italics">Escherichia coli</content>
									</td>
									<td align="left" valign="top">ATCC 25922</td>
									<td align="center" valign="top">18-25</td>
									<td align="center" valign="top">18-24</td>
								</tr>
								<tr>
									<td align="left" valign="top">
										<content styleCode="italics">Haemophilus influenzae </content>
										<sup>a</sup>
									</td>
									<td align="left" valign="top">ATCC 49247</td>
									<td align="center" valign="top">14-22</td>
									<td align="center" valign="top">&#8212;</td>
								</tr>
								<tr>
									<td align="left" valign="top">
										<content styleCode="italics">Neisseria gonorrhoeae </content>
										<sup>b</sup>
									</td>
									<td align="left" valign="top">ATCC 49226</td>
									<td align="center" valign="top">30-42</td>
									<td align="center" valign="top">&#8212;</td>
								</tr>
								<tr>
									<td align="left" valign="top">
										<content styleCode="italics">Staphylococcus aureus</content>
									</td>
									<td align="left" valign="top">ATCC 25923</td>
									<td align="center" valign="top">24-30</td>
									<td align="center" valign="top">23-29</td>
								</tr>
								<tr>
									<td align="left" valign="top">
										<content styleCode="italics">Streptococcus pneumoniae </content>
										<sup>c</sup>
									</td>
									<td align="left" valign="top">ATCC 49619</td>
									<td align="center" valign="top">27-31</td>
									<td align="center" valign="top">&#8212;</td>
								</tr>
							</tbody>
						</table>
						<paragraph>
							<content styleCode="bold">Anaerobic Techniques:</content>
						</paragraph>
						<paragraph>For anaerobic bacteria, the susceptibility to tetracycline as MIC&#8217;s can be determined by standardized test methods.<sup>4</sup> The MIC values obtained should be interpreted according to the following criteria:</paragraph>
						<table frame="hsides">
							<thead>
								<tr>
									<td align="center" valign="top">
										<content styleCode="bold underline">MIC (mcg/mL)</content>
									</td>
									<td align="center" valign="top">
										<content styleCode="bold underline">Interpretation</content>
									</td>
								</tr>
							</thead>
							<tbody>
								<tr>
									<td align="center" valign="top">&#8804; 4</td>
									<td align="center" valign="top">Susceptible (S)</td>
								</tr>
								<tr>
									<td align="center" valign="top">8</td>
									<td align="center" valign="top">Intermediate (I)</td>
								</tr>
								<tr>
									<td align="center" valign="top">&#8805;16</td>
									<td align="center" valign="top">Resistant (R)</td>
								</tr>
							</tbody>
						</table>
						<paragraph>Interpretation is identical to that stated above for results using dilution techniques.</paragraph>
						<paragraph>As with other susceptibility techniques, the use of laboratory control microorganisms is required to control the technical aspects of the laboratory standardized procedures. Standardized tetracycline powder should provide the following MIC values:</paragraph>
						<table frame="hsides">
							<thead>
								<tr>
									<td align="left" valign="top">
										<content styleCode="bold underline">Microorganism</content>
									</td>
									<td align="center" valign="top"/>
									<td align="center" valign="top">
										<content styleCode="bold underline">MIC (mcg/mL)</content>
									</td>
								</tr>
							</thead>
							<tfoot>
								<tr>
									<td align="left" colspan="3" valign="top">a. Range applicable only to tests performed by the reference agar dilution method.</td>
								</tr>
							</tfoot>
							<tbody>
								<tr>
									<td align="left" valign="top">
										<content styleCode="italics">Bacteroides fragilis </content>
										<sup>a</sup>
									</td>
									<td align="center" valign="top">ATCC 25285</td>
									<td align="center" valign="top">0.12-0.5</td>
								</tr>
								<tr>
									<td align="left" valign="top">
										<content styleCode="italics">Bacteroides thetaiotaomicron </content>
										<sup>a</sup>
									</td>
									<td align="center" valign="top">ATCC 29741</td>
									<td align="center" valign="top">8-32</td>
								</tr>
							</tbody>
						</table>
					</text>
					<effectiveTime value="20060412"/>
				</section>
			</component>
			<component>
				<section>
					<id root="389B4558-8934-D1B1-F63E-28076A59854F"/>
					<code code="34067-9" codeSystem="2.16.840.1.113883.6.1" displayName="INDICATIONS &amp; USAGE SECTION"/>
					<title mediaType="text/x-hl7-title+xml">INDICATIONS AND USAGE</title>
					<text>
						<paragraph>To reduce the development of drug-resistant bacteria and maintain effectiveness of Monodox<sup>&#174;</sup> and other antibacterial drugs, Monodox should be used only to treat or prevent infections that are proven or strongly suspected to be caused by susceptible bacteria. When culture and susceptibility information are available, they should be considered in selecting or modifying antibacterial therapy. In the absence of such data, local epidemiology and susceptibility patterns may contribute to the empiric selection of therapy.</paragraph>
						<paragraph>Doxycycline is indicated for the treatment of the following infections:</paragraph>
						<paragraph>Rocky mountain spotted fever, typhus fever and the typhus group, Q fever, rickettsialpox, and tick fevers caused by <content styleCode="italics">Rickettsiae</content>.</paragraph>
						<paragraph>Respiratory tract infections caused by <content styleCode="italics">Mycoplasma pneumoniae</content>.</paragraph>
						<paragraph>Lymphogranuloma venereum caused by <content styleCode="italics">Chlamydia trachomatis</content>.</paragraph>
						<paragraph>Psittacosis (ornithosis) caused by <content styleCode="italics">Chlamydia psittaci</content>.</paragraph>
						<paragraph>Trachoma caused by <content styleCode="italics">Chlamydia trachomatis</content>, although the infectious agent is not always eliminated as judged by immunofluorescence.</paragraph>
						<paragraph>Inclusion conjunctivitis caused by <content styleCode="italics">Chlamydia trachomatis</content>.</paragraph>
						<paragraph>Uncomplicated urethral, endocervical or rectal infections in adults caused by <content styleCode="italics">Chlamydia trachomatis</content>.</paragraph>
						<paragraph>Nongonococcal urethritis caused by <content styleCode="italics">Ureaplasma urealyticum</content>.</paragraph>
						<paragraph>Relapsing fever due to <content styleCode="italics">Borrelia recurrentis</content>.</paragraph>
						<paragraph>Doxycycline is also indicated for the treatment of infections caused by the following gram-negative microorganisms:</paragraph>
						<paragraph>Chancroid caused by <content styleCode="italics">Haemophilus ducreyi</content>.</paragraph>
						<paragraph>Plague due to <content styleCode="italics">Yersinia pestis</content> (formerly <content styleCode="italics">Pasteurella pestis</content>).</paragraph>
						<paragraph>Tularemia due to <content styleCode="italics">Francisella tularensis</content> (formerly <content styleCode="italics">Pasteurella tularensis</content>).</paragraph>
						<paragraph>Cholera caused by <content styleCode="italics">Vibrio cholerae</content> (formerly <content styleCode="italics">Vibrio comma</content>).</paragraph>
						<paragraph>Campylobacter fetus infections caused by <content styleCode="italics">Campylobacter fetus</content> (formerly <content styleCode="italics">Vibrio fetus</content>).</paragraph>
						<paragraph>Brucellosis due to <content styleCode="italics">Brucella species</content> (in conjunction with streptomycin).</paragraph>
						<paragraph>Bartonellosis due to <content styleCode="italics">Bartonella bacilliformis</content>.</paragraph>
						<paragraph>Granuloma inguinale caused by <content styleCode="italics">Calymmatobacterium granulomatis</content>.</paragraph>
						<paragraph>Because many strains of the following groups of microorganisms have been shown to be resistant to doxycycline, culture and susceptibility testing are recommended.</paragraph>
						<paragraph>Doxycycline is indicated for treatment of infections caused by the following gram-negative microorganisms, when bacteriologic testing indicates appropriate susceptibility to the drug:</paragraph>
						<paragraph>
							<content styleCode="italics">Escherichia coli</content>
						</paragraph>
						<paragraph>
							<content styleCode="italics">Enterobacter aerogenes</content> (formerly <content styleCode="italics">Aerobacter aerogenes</content>)</paragraph>
						<paragraph>
							<content styleCode="italics">Shigella species</content>
						</paragraph>
						<paragraph>
							<content styleCode="italics">Acinetobacter species</content> (formerly <content styleCode="italics">Mima</content> species and <content styleCode="italics">Herellea </content>species)</paragraph>
						<paragraph>Respiratory tract infections caused by <content styleCode="italics">Haemophilus influenzae</content>.</paragraph>
						<paragraph>Respiratory tract and urinary tract infections caused by <content styleCode="italics">Klebsiella species</content>.</paragraph>
						<paragraph>Doxycycline is indicated for treatment of infections caused by the following gram-positive microorganisms when bacteriologic testing indicates appropriate susceptibility to the drug:</paragraph>
						<paragraph>Upper respiratory infections caused by <content styleCode="italics">Streptococcus pneumoniae</content> (formerly <content styleCode="italics">Diplococcus pneumoniae</content>).</paragraph>
						<paragraph>Skin and skin structure infections caused by <content styleCode="italics">Staphylococcus aureus</content>.</paragraph>
						<paragraph>Anthrax due to <content styleCode="italics">Bacillus anthracis</content>, including inhalational anthrax (post-exposure): to reduce the incidence or progression of disease following exposure to aerosolized Bacillus anthracis.</paragraph>
						<paragraph>Doxycycline is not the drug of choice in the treatment of any type of staphylococcal infections.</paragraph>
						<paragraph>When penicillin is contraindicated, doxycycline is an alternative drug in the treatment of the following infections:</paragraph>
						<paragraph>Uncomplicated gonorrhea caused by <content styleCode="italics">Neisseria gonorrhoeae</content>.</paragraph>
						<paragraph>Syphilis caused by <content styleCode="italics">Treponema pallidum</content>.</paragraph>
						<paragraph>Yaws caused by <content styleCode="italics">Treponema pertenue</content>.</paragraph>
						<paragraph>Listeriosis due to <content styleCode="italics">Listeria monocytogenes</content>.</paragraph>
						<paragraph>Vincent&#8217;s infection caused by <content styleCode="italics">Fusobacterium fusiforme</content>.</paragraph>
						<paragraph>Actinomycosis caused by <content styleCode="italics">Actinomyces israelii</content>.</paragraph>
						<paragraph>Infections caused by <content styleCode="italics">Clostridium species</content>.</paragraph>
						<paragraph>In acute intestinal amebiasis, doxycycline may be a useful adjunct to amebicides.</paragraph>
						<paragraph>In severe acne, doxycycline may be useful adjunctive therapy.</paragraph>
					</text>
					<effectiveTime value="20060412"/>
				</section>
			</component>
			<component>
				<section>
					<id root="AC92B290-9ACC-0305-158A-AFE825B35796"/>
					<code code="34070-3" codeSystem="2.16.840.1.113883.6.1" displayName="CONTRAINDICATIONS SECTION"/>
					<title mediaType="text/x-hl7-title+xml">CONTRAINDICATIONS</title>
					<text>
						<paragraph>This drug is contraindicated in persons who have shown hypersensitivity to any of the tetracyclines.</paragraph>
					</text>
					<effectiveTime value="20060412"/>
				</section>
			</component>
			<component>
				<section ID="AD37AE53-E37B-42E7-B166-CEBDE3C61CB7">
					<id root="A82779E6-DDA4-CEC6-067A-1D1343F056AF"/>
					<code code="34071-1" codeSystem="2.16.840.1.113883.6.1" displayName="WARNINGS SECTION"/>
					<title mediaType="text/x-hl7-title+xml">WARNINGS</title>
					<text>
						<paragraph>THE USE OF DRUGS OF THE TETRACYCLINE CLASS DURING TOOTH DEVELOPMENT (LAST HALF OF PREGNANCY, INFANCY, AND CHILDHOOD TO THE AGE OF 8 YEARS) MAY CAUSE PERMANENT DISCOLORATION OF THE TEETH (YELLOW-GRAY-BROWN). This adverse reaction is more common during long-term use of the drugs but has been observed following repeated short-term courses. Enamel hypoplasia has also been reported. TETRACYCLINE DRUGS, THEREFORE, SHOULD NOT BE USED IN THIS AGE GROUP, EXCEPT FOR ANTHRAX, INCLUDING INHALATIONAL ANTHRAX (POST-EXPOSURE), UNLESS OTHER DRUGS ARE NOT LIKELY TO BE EFFECTIVE OR ARE CONTRAINDICATED.</paragraph>
						<paragraph>PSEUDOMEMBRANOUS COLITIS HAS BEEN REPORTED WITH NEARLY ALL ANTIBACTERIAL AGENTS, INCLUDING DOXYCYCLINE, AND MAY RANGE IN SEVERITY FROM MILD TO LIFE-THREATENING. THEREFORE, IT IS IMPORTANT TO CONSIDER THIS DIAGNOSIS IN PATIENTS WHO PRESENT WITH DIARRHEA SUBSEQUENT TO THE ADMINISTRATION OF ANTIBACTERIAL AGENTS.</paragraph>
						<paragraph>Treatment with antibacterial agents alters the normal flora of the colon and may permit overgrowth of clostridia. Studies indicate that a toxin produced by <content styleCode="italics">Clostridium difficile</content> is a primary cause of &#8220;antibiotic-associated colitis&#8221;.</paragraph>
						<paragraph>After the diagnosis of pseudomembranous colitis has been established, therapeutic measures should be initiated. Mild cases of pseudomembranous colitis usually respond to discontinuation of the drug alone. In moderate to severe cases, consideration should be given to management with fluids and electrolytes, protein supplementation, and treatment with an antibacterial drug clinically effective against <content styleCode="italics">Clostridium difficile</content> colitis.</paragraph>
						<paragraph>All tetracyclines form a stable calcium complex in any bone-forming tissue. A decrease in the fibula growth rate has been observed in prematures given oral tetracycline in doses of 25 mg/kg every six hours. This reaction was shown to be reversible when the drug was discontinued.</paragraph>
						<paragraph>Results of animal studies indicate that tetracyclines cross the placenta, are found in fetal tissues, and can have toxic effects on the developing fetus (often related to retardation of skeletal development). Evidence of embryo toxicity has been noted in animals treated early in pregnancy. If any tetracycline is used during pregnancy or if the patient becomes pregnant while taking these drugs, the patient should be apprised of the potential hazard to the fetus.</paragraph>
						<paragraph>The antianabolic action of the tetracyclines may cause an increase in BUN. Studies to date indicate that this does not occur with the use of doxycycline in patients with impaired renal function.</paragraph>
						<paragraph>Photosensitivity manifested by an exaggerated sunburn reaction has been observed in some individuals taking tetracyclines. Patients apt to be exposed to direct sunlight or ultraviolet light should be advised that this reaction can occur with tetracycline drugs, and treatment should be discontinued at the first evidence of skin erythema.</paragraph>
					</text>
					<effectiveTime value="20060412"/>
				</section>
			</component>
			<component>
				<section>
					<id root="70707CC2-82A2-BEC8-1061-03CD43AD9F10"/>
					<code code="42232-9" codeSystem="2.16.840.1.113883.6.1" displayName="PRECAUTIONS SECTION"/>
					<title mediaType="text/x-hl7-title+xml">PRECAUTIONS</title>
					<effectiveTime value="20060412"/>
					<component>
						<section ID="A3F49B59-061F-4A93-AA6E-524043845B5C">
							<id root="F48FDA6C-111E-4598-AD9B-248F5681BB79"/>
							<code code="34072-9" codeSystem="2.16.840.1.113883.6.1" displayName="GENERAL PRECAUTIONS SECTION"/>
							<title mediaType="text/x-hl7-title+xml">General</title>
							<text>
								<paragraph>As with other antibiotic preparations, use of this drug may result in overgrowth of non-susceptible organisms, including fungi. If superinfection occurs, the antibiotic should be discontinued and appropriate therapy instituted.</paragraph>
								<paragraph>Bulging fontanels in infants and benign intracranial hypertension in adults have been reported in individuals receiving tetracyclines. These conditions disappeared when the drug was discontinued.</paragraph>
								<paragraph>Incision and drainage or other surgical procedures should be performed in conjunction with antibiotic therapy when indicated.</paragraph>
								<paragraph>Prescribing Monodox<sup>&#174;</sup> in the absence of proven or strongly suspected bacterial infection or a prophylactic indication is unlikely to provide benefit to the patient and increases the risk of the development of drug-resistant bacteria.</paragraph>
							</text>
							<effectiveTime value="20060412"/>
						</section>
					</component>
					<component>
						<section>
							<id root="95CCC82E-0DEA-110F-6DC5-6E7A49A8F6D8"/>
							<code code="34076-0" codeSystem="2.16.840.1.113883.6.1" displayName="INFORMATION FOR PATIENTS SECTION"/>
							<title mediaType="text/x-hl7-title+xml">Information for Patients</title>
							<text>
								<paragraph>All patients taking doxycycline should be advised:</paragraph>
								<paragraph>&#8211;to avoid excessive sunlight or artificial ultraviolet light while receiving doxycycline and to discontinue therapy if phototoxicity (e.g., skin eruptions, etc.) occurs. Sunscreen or sunblock should be considered. (See <linkHtml href="#AD37AE53-E37B-42E7-B166-CEBDE3C61CB7">WARNINGS</linkHtml>.)</paragraph>
								<paragraph>&#8211;to drink fluids liberally along with doxycycline to reduce the risk of esophageal irritation and ulceration. (See <linkHtml href="#A871604C-F71D-4469-8020-696BA35A5D45">ADVERSE REACTIONS</linkHtml>.)</paragraph>
								<paragraph>&#8211;that the absorption of tetracyclines is reduced when taken with foods, especially those which contain calcium. However, the absorption of doxycycline is not markedly influenced by simultaneous ingestion of food or milk. (See <linkHtml href="#A0149EFC-11DA-4ACD-A3AE-F2427974B129">Drug Interactions</linkHtml>.)</paragraph>
								<paragraph>&#8211;that the absorption of tetracyclines is reduced when taking bismuth subsalicylate. (See <linkHtml href="#A0149EFC-11DA-4ACD-A3AE-F2427974B129">Drug Interactions</linkHtml>.)</paragraph>
								<paragraph>&#8211;not to use outdated or poorly stored doxycycline.</paragraph>
								<paragraph>&#8211;that the use of doxycycline might increase the incidence of vaginal candidiasis.</paragraph>
								<paragraph>Patients should be counseled that antibacterial drugs including Monodox<sup>&#174;</sup> should only be used to treat bacterial infections. They do not treat viral infections (e.g., the common cold). When Monodox is prescribed to treat a bacterial infection, patients should be told that although it is common to feel better early in the course of therapy, the medication should be taken exactly as directed. Skipping doses or not completing the full course of therapy may (1) decrease the effectiveness of the immediate treatment and (2) increase the likelihood that bacteria will develop resistance and will not be treatable by Monodox or other antibacterial drugs in the future.</paragraph>
							</text>
							<effectiveTime value="20060412"/>
						</section>
					</component>
					<component>
						<section>
							<id root="4BA0B0F3-5ECE-89E9-6DC4-41F4420B8263"/>
							<code code="34075-2" codeSystem="2.16.840.1.113883.6.1" displayName="LABORATORY TESTS SECTION"/>
							<title mediaType="text/x-hl7-title+xml">Laboratory Tests</title>
							<text>
								<paragraph>In venereal disease when coexistent syphilis is suspected, a dark-field examination should be done before treatment is started and the blood serology repeated monthly for at least four months.</paragraph>
								<paragraph>In long-term therapy, periodic laboratory evaluations of organ systems, including hematopoietic, renal, and hepatic studies should be performed.</paragraph>
							</text>
							<effectiveTime value="20060412"/>
						</section>
					</component>
					<component>
						<section ID="A0149EFC-11DA-4ACD-A3AE-F2427974B129">
							<id root="B2EECD70-CB39-FF6D-EB03-4DD2DE9D1BAD"/>
							<code code="34073-7" codeSystem="2.16.840.1.113883.6.1" displayName="DRUG INTERACTIONS SECTION"/>
							<title mediaType="text/x-hl7-title+xml">Drug Interactions</title>
							<text>
								<paragraph>Because tetracyclines have been shown to depress plasma prothrombin activity, patients who are on anticoagulant therapy may require downward adjustment of their anticoagulant dosage.</paragraph>
								<paragraph>Since bacteriostatic drugs may interfere with the bactericidal action of penicillin, it is advisable to avoid giving tetracyclines in conjunction with penicillin.</paragraph>
								<paragraph>Absorption of tetracyclines is impaired by antacids containing aluminum, calcium, or magnesium, and iron-containing preparations.</paragraph>
								<paragraph>Barbiturates, carbamazepine, and phenytoin decrease the half-life of doxycycline.</paragraph>
								<paragraph>The concurrent use of tetracycline and methoxyflurane has been reported to result in fatal renal toxicity.</paragraph>
								<paragraph>Concurrent use of tetracycline may render oral contraceptives less effective.</paragraph>
							</text>
							<effectiveTime value="20060412"/>
						</section>
					</component>
					<component>
						<section>
							<id root="F6B9FA9E-5362-DD04-A732-DE63A2F10553"/>
							<code code="34074-5" codeSystem="2.16.840.1.113883.6.1" displayName="DRUG &amp;OR LABORATORY TEST INTERACTIONS SECTION"/>
							<title mediaType="text/x-hl7-title+xml">Drug/Laboratory Test Interactions</title>
							<text>
								<paragraph>False elevations of urinary catecholamine levels may occur due to interference with the fluorescence test.</paragraph>
							</text>
							<effectiveTime value="20060412"/>
						</section>
					</component>
					<component>
						<section>
							<id root="7C934BCD-8618-D549-0887-8928B3711146"/>
							<code code="34083-6" codeSystem="2.16.840.1.113883.6.1" displayName="CARCINOGENESIS &amp; MUTAGENESIS &amp; IMPAIRMENT OF FERTILITY SECTION"/>
							<title mediaType="text/x-hl7-title+xml">Carcinogenesis, Mutagenesis, Impairment of Fertility</title>
							<text>
								<paragraph>Long-term studies in animals to evaluate the carcinogenic potential of doxycycline have not been conducted. However, there has been evidence of oncogenic activity in rats in studies with related antibiotics, oxytetracycline (adrenal and pituitary tumors) and minocycline (thyroid tumors). Likewise, although mutagenicity studies of doxycycline have not been conducted, positive results in <content styleCode="italics">in vitro</content> mammalian cell assays have been reported for related antibiotics (tetracycline, oxytetracycline). Doxycycline administered orally at dosage levels as high as 250 mg/kg/day had no apparent effect on the fertility of female rats. Effect on male fertility has not been studied.</paragraph>
							</text>
							<effectiveTime value="20060412"/>
						</section>
					</component>
					<component>
						<section>
							<id root="CADBCB5D-C2F0-96A6-D3E8-C0AFCAB4AB05"/>
							<code code="42228-7" codeSystem="2.16.840.1.113883.6.1" displayName="PREGNANCY SECTION"/>
							<title mediaType="text/x-hl7-title+xml">Pregnancy</title>
							<effectiveTime value="20060412"/>
							<component>
								<section>
									<id root="F31855F2-0DFD-408F-AF21-412F2883E632"/>
									<code code="34077-8" codeSystem="2.16.840.1.113883.6.1" displayName="TERATOGENIC EFFECTS SECTION"/>
									<title mediaType="text/x-hl7-title+xml">Teratogenic Effects. Pregnancy Category D</title>
									<text>
										<paragraph>There are no adequate and well-controlled studies on the use of doxycycline in pregnant short-term, first trimester exposure. There are no human data available to assess the effects of long-term therapy of doxycycline in pregnant women such as that proposed for treatment of anthrax exposure. An expert review of published data on experiences with doxycycline use during pregnancy by TERIS - the Teratogen Information System - concluded that therapeutic doses during pregnancy are unlikely to pose a substantial teratogenic risk (the quantity and quality of data were assessed as limited to fair), but the data are insufficient to state that there is no risk<sup>a</sup>.</paragraph>
										<paragraph>A case-control study (18,515 mothers of infants with congenital anomalies and 32,804 mothers of infants with no congenital anomalies) shows a weak but marginally statistically significant association with total malformations and use of doxycycline anytime during pregnancy. (Sixty-three [0.19%] of the controls and 56 [0.30%] of the cases were treated with doxycycline.) This association was not seen when the analysis was confined to maternal treatment during the period of organogenesis (i.e., in the second and third months of gestation) with the exception of a marginal relationship with neural tube defect based on only two exposed cases<sup>b</sup>.</paragraph>
										<paragraph>A small prospective study of 81 pregnancies describes 43 pregnant women treated for 10 days with doxycycline during early first trimester. All mothers reported their exposed infants were normal at 1 year of age<sup>c</sup>.</paragraph>
									</text>
									<effectiveTime value="20060412"/>
								</section>
							</component>
						</section>
					</component>
					<component>
						<section>
							<id root="B37A4501-C139-9C06-7B91-57ED7F79B98E"/>
							<code code="34079-4" codeSystem="2.16.840.1.113883.6.1" displayName="LABOR &amp; DELIVERY SECTION"/>
							<title mediaType="text/x-hl7-title+xml">Labor and Delivery</title>
							<text>
								<paragraph>The effect of tetracyclines on labor and delivery is unknown.</paragraph>
							</text>
							<effectiveTime value="20060412"/>
						</section>
					</component>
					<component>
						<section>
							<id root="F355BDF5-71B6-6255-B17B-BDE1D6F61861"/>
							<code code="34080-2" codeSystem="2.16.840.1.113883.6.1" displayName="NURSING MOTHERS SECTION"/>
							<title mediaType="text/x-hl7-title+xml">Nursing Mothers</title>
							<text>
								<paragraph>Tetracyclines are excreted in human milk, however, the extent of absorption of tetracyclines, including doxycycline, by the breastfed infant is not known. Short-term use by lactating women is not necessarily contraindicated; however, the effects of prolonged exposure to doxycycline in breast milk are unknown<sup>d</sup>. Because of the potential for adverse reactions in nursing infants from doxycycline, a decision should be made whether to discontinue nursing or to discontinue the drug, taking into account the importance of the drug to the mother. (See <linkHtml href="#AD37AE53-E37B-42E7-B166-CEBDE3C61CB7">WARNINGS</linkHtml>.)</paragraph>
							</text>
							<effectiveTime value="20060412"/>
						</section>
					</component>
					<component>
						<section>
							<id root="E8013B6B-E706-B1A8-30C0-41AA4EFD3838"/>
							<code code="34081-0" codeSystem="2.16.840.1.113883.6.1" displayName="PEDIATRIC USE SECTION"/>
							<title mediaType="text/x-hl7-title+xml">Pediatric Use</title>
							<text>
								<paragraph>See <linkHtml href="#AD37AE53-E37B-42E7-B166-CEBDE3C61CB7">WARNINGS</linkHtml> and <linkHtml href="#A4027D9E-4D58-4037-A092-837E70FE2C23">DOSAGE AND ADMINISTRATION</linkHtml> sections.</paragraph>
							</text>
							<effectiveTime value="20060412"/>
						</section>
					</component>
				</section>
			</component>
			<component>
				<section ID="A871604C-F71D-4469-8020-696BA35A5D45">
					<id root="33B15C18-0335-5F70-528E-981C9102CE06"/>
					<code code="34084-4" codeSystem="2.16.840.1.113883.6.1" displayName="ADVERSE REACTIONS SECTION"/>
					<title mediaType="text/x-hl7-title+xml">ADVERSE REACTIONS</title>
					<text>
						<paragraph>Due to oral doxycycline&#8217;s virtually complete absorption, side effects to the lower bowel, particularly diarrhea, have been infrequent. The following adverse reactions have been observed in patients receiving tetracyclines.</paragraph>
						<paragraph>
							<content styleCode="bold">Gastrointestinal:</content> Anorexia, nausea, vomiting, diarrhea, glossitis, dysphagia, enterocolitis, and inflammatory lesions (with monilial overgrowth) in the anogenital region. These reactions have been caused by both the oral and parenteral administration of tetracyclines. Rare instances of esophagitis and esophageal ulcerations have been reported in patients receiving capsule and tablet forms of drugs in the tetracycline class. Most of these patients took medications immediately before going to bed. (See <linkHtml href="#A4027D9E-4D58-4037-A092-837E70FE2C23">DOSAGE AND ADMINISTRATION</linkHtml>.)</paragraph>
						<paragraph>
							<content styleCode="bold">Skin:</content> Maculopapular and erythematous rashes. Exfoliative dermatitis has been reported but is uncommon. Photosensitivity is discussed above. (See <linkHtml href="#AD37AE53-E37B-42E7-B166-CEBDE3C61CB7">WARNINGS</linkHtml>.)</paragraph>
						<paragraph>
							<content styleCode="bold">Renal Toxicity:</content> Rise in BUN has been reported and is apparently dose related. (See <linkHtml href="#AD37AE53-E37B-42E7-B166-CEBDE3C61CB7">WARNINGS</linkHtml>.)</paragraph>
						<paragraph>
							<content styleCode="bold">Hypersensitivity Reactions:</content> Urticaria, angioneurotic edema, anaphylaxis, anaphylactoid purpura, pericarditis, and exacerbation of systemic lupus erythematosus.</paragraph>
						<paragraph>
							<content styleCode="bold">Blood:</content> Hemolytic anemia, thrombocytopenia, neutropenia, and eosinophilia have been reported with tetracyclines.</paragraph>
						<paragraph>
							<content styleCode="bold">Other:</content> Bulging fontanels in infants and intracranial hypertension in adults. (See <linkHtml href="#A3F49B59-061F-4A93-AA6E-524043845B5C">PRECAUTIONS-General</linkHtml>.)</paragraph>
						<paragraph>When given over prolonged periods, tetracyclines have been reported to produce brown-black microscopic discoloration of the thyroid gland. No abnormalities of thyroid function are known to occur.</paragraph>
					</text>
					<effectiveTime value="20060412"/>
				</section>
			</component>
			<component>
				<section>
					<id root="741C4351-B06B-8F1E-AC59-6BF43DE21FC6"/>
					<code code="34088-5" codeSystem="2.16.840.1.113883.6.1" displayName="OVERDOSAGE SECTION"/>
					<title mediaType="text/x-hl7-title+xml">OVERDOSAGE</title>
					<text>
						<paragraph>In case of overdosage, discontinue medication, treat symptomatically and institute supportive measures. Dialysis does not alter serum half-life, and it would not be of benefit in treating cases of overdosage.</paragraph>
					</text>
					<effectiveTime value="20060412"/>
				</section>
			</component>
			<component>
				<section ID="A4027D9E-4D58-4037-A092-837E70FE2C23">
					<id root="1E8CAFC4-C889-D548-9FAE-9D4CC0CAFC4F"/>
					<code code="34068-7" codeSystem="2.16.840.1.113883.6.1" displayName="DOSAGE &amp; ADMINISTRATION SECTION"/>
					<title mediaType="text/x-hl7-title+xml">DOSAGE AND ADMINISTRATION</title>
					<text>
						<paragraph>THE USUAL DOSAGE AND FREQUENCY OF ADMINISTRATION OF DOXYCYCLINE DIFFERS FROM THAT OF THE OTHER TETRACYCLINES. EXCEEDING THE RECOMMENDED DOSAGE MAY RESULT IN AN INCREASED INCIDENCE OF SIDE EFFECTS.</paragraph>
						<paragraph>
							<content styleCode="bold">Adults:</content> The usual dose of oral doxycycline is 200 mg on the first day of treatment (administered 100 mg every 12 hours or 50 mg every 6 hours) followed by a maintenance dose of 100 mg/day. The maintenance dose may be administered as a single dose or as 50 mg every 12 hours. In the management of more severe infections (particularly chronic infections of the urinary tract), 100 mg every 12 hours is recommended.</paragraph>
						<paragraph>
							<content styleCode="bold">For pediatric patients above eight years of age:</content> The recommended dosage schedule for pediatric patients weighing 100 pounds or less is 2 mg/lb of body weight divided into two doses on the first day of treatment, followed by 1 mg/lb of body weight given as a single daily dose or divided into two doses, on subsequent days. For more severe infections up to 2 mg/lb of body weight may be used. For pediatric patients over 100 pounds the usual adult dose should be used.</paragraph>
						<paragraph>
							<content styleCode="bold">Uncomplicated gonococcal infections in adults (except anorectal infections in men):</content> 100 mg, by mouth, twice a day for 7 days. As an alternate single visit dose, administer 300 mg stat followed in one hour by a second 300 mg dose.</paragraph>
						<paragraph>
							<content styleCode="bold">Acute epididymo-orchitis caused by </content>
							<content styleCode="bold italics">N. gonorrhoeae:</content> 100 mg, by mouth, twice a day for at least 10 days.</paragraph>
						<paragraph>
							<content styleCode="bold">Primary and secondary syphilis:</content> 300 mg a day in divided doses for at least 10 days.</paragraph>
						<paragraph>
							<content styleCode="bold">Uncomplicated urethral, endocervical, or rectal infection in adults caused by </content>
							<content styleCode="bold italics">Chlamydia trachomatis:</content> 100 mg, by mouth, twice a day for at least 7 days.</paragraph>
						<paragraph>
							<content styleCode="bold">Nongonococcal urethritis caused by </content>
							<content styleCode="bold italics">C. trachomatis and U. urealyticum:</content> 100 mg, by mouth, twice a day for at least 7 days.</paragraph>
						<paragraph>
							<content styleCode="bold">Acute epididymo-orchitis caused by </content>
							<content styleCode="bold italics">C. trachomatis:</content> 100 mg, by mouth, twice a day for at least 10 days.</paragraph>
						<paragraph>
							<content styleCode="bold">Inhalational anthrax (post-exposure):</content> ADULTS: 100 mg of doxycycline, by mouth, twice a day for 60 days. CHILDREN: weighing less than 100 pounds (45 kg); 1 mg/lb (2.2 mg/kg) of body weight, by mouth, twice a day for 60 days. Children weighing 100 pounds or more should receive the adult dose.</paragraph>
						<paragraph>When used in streptococcal infections, therapy should be continued for 10 days.</paragraph>
						<paragraph>Administration of adequate amounts of fluid along with capsule and tablet forms of drugs in the tetracycline class is recommended to wash down the drugs and reduce the risk of esophageal irritation and ulceration. (See <linkHtml href="#A871604C-F71D-4469-8020-696BA35A5D45">ADVERSE REACTIONS</linkHtml>.) If gastric irritation occurs, doxycycline may be given with food. Ingestion of a high fat meal has been shown to delay the time to peak plasma concentrations by an average of one hour and 20 minutes. However, in the same study, food enhanced the average peak concentration by 7.5% and the area under the curve by 5.7%.</paragraph>
					</text>
					<effectiveTime value="20060412"/>
				</section>
			</component>
			<component>
				<section>
					<id root="BC77C1F1-6D19-70AB-6C2C-98C7E15592E8"/>
					<code code="34069-5" codeSystem="2.16.840.1.113883.6.1" displayName="HOW SUPPLIED SECTION"/>
					<title mediaType="text/x-hl7-title+xml">HOW SUPPLIED</title>
					<text>
						<paragraph>MONODOX<sup>&#174;</sup> 50 mg Capsules have a white opaque body with a yellow opaque cap. The capsule bears the inscription &#8220;MONODOX 50&#8221; in brown and &#8220;M 260&#8221; in brown. Each capsule contains doxycycline monohydrate equivalent to 50 mg doxycycline.</paragraph>
						<paragraph>MONODOX<sup>&#174;</sup> 50 mg is available in:</paragraph>
						<paragraph>
							<content styleCode="italics">Bottles of 100 capsules</content> ......................................................<content styleCode="italics">NDC 55515-260-06</content>
						</paragraph>
						<paragraph>MONODOX<sup>&#174;</sup> 100 mg Capsules have a yellow opaque body with a brown opaque cap. The capsule bears the inscription &#8220;MONODOX 100&#8221; in white and &#8220;M 259&#8221; in brown. Each capsule contains doxycycline monohydrate equivalent to 100 mg of doxycycline.</paragraph>
						<paragraph>MONODOX<sup>&#174;</sup> 100 mg is available in:</paragraph>
						<paragraph>
							<content styleCode="italics">Bottles of 50 capsules</content> ........................................................<content styleCode="italics">NDC 55515-259-04</content>
						</paragraph>
						<paragraph>
							<content styleCode="italics">Bottles of 250 capsules</content> ......................................................<content styleCode="italics">NDC 55515-259-07</content>
						</paragraph>
						<paragraph>
							<content styleCode="bold">STORE AT CONTROLLED ROOM TEMPERATURE 15&#176;C TO 30&#176;C (59&#176;F TO 86&#176;F).</content>
						</paragraph>
						<paragraph>
							<content styleCode="bold">PROTECT FROM LIGHT.</content>
						</paragraph>
					</text>
					<effectiveTime value="20060412"/>
				</section>
			</component>
			<component>
				<section>
					<id root="77AC2378-5297-E0D9-A062-E112D13A382E"/>
					<code code="34091-9" codeSystem="2.16.840.1.113883.6.1" displayName="ANIMAL PHARMACOLOGY &amp;OR TOXICOLOGY SECTION"/>
					<title mediaType="text/x-hl7-title+xml">ANIMAL PHARMACOLOGY AND ANIMAL TOXICOLOGY</title>
					<text>
						<paragraph>Hyperpigmentation of the thyroid has been produced by members of the tetracycline class in the following species: in rats by oxytetracycline, doxycycline, tetracycline PO<sub>4</sub>, and methacycline; in minipigs by doxycycline, minocycline, tetracycline PO<sub>4</sub>, and methacycline; in dogs by doxycycline and minocycline; in monkeys by minocycline.</paragraph>
						<paragraph>Minocycline, tetracycline PO<sub>4</sub>, methacycline, doxycycline, tetracycline base, oxytetracycline HCl and tetracycline HCl were goitrogenic in rats fed a low iodine diet. This goitrogenic effect was accompanied by high radioactive iodine uptake. Administration of minocycline also produced a large goiter with high radioiodine uptake in rats fed a relatively high iodine diet.</paragraph>
						<paragraph>Treatment of various animal species with this class of drugs has also resulted in the induction of thyroid hyperplasia in the following: in rats and dogs (minocycline), in chickens (chlortetracycline) and in rats and mice (oxytetracycline). Adrenal gland hyperplasia has been observed in goats and rats treated with oxytetracycline.</paragraph>
					</text>
					<effectiveTime value="20060412"/>
				</section>
			</component>
			<component>
				<section>
					<id root="CD28B2C3-A0BC-01A8-999C-ABC3097F0669"/>
					<code code="34093-5" codeSystem="2.16.840.1.113883.6.1" displayName="REFERENCES SECTION"/>
					<title mediaType="text/x-hl7-title+xml">REFERENCES</title>
					<text>
						<list listType="ordered" styleCode="Arabic">
							<item>
								<paragraph>National Committee for Clinical Laboratory Standards. <content styleCode="italics">Methods for Dilution Antimicrobial Susceptibility Tests for Bacteria that Grow Aerobically</content>&#8211; Fifth Edition. Approved Standard NCCLS Document M7-A5, Vol. 20, No. 2, NCCLS, Wayne, PA, January, 2000.</paragraph>
							</item>
							<item>
								<paragraph>National Committee for Clinical Laboratory Standards. <content styleCode="italics">Performance Standards for Antimicrobial Disk Susceptibility Tests</content>&#8211; Seventh Edition. Approved Standard NCCLS Document M2-A7, Vol. 20, No. 1, NCCLS, Wayne, PA, January, 2000.</paragraph>
							</item>
							<item>
								<paragraph>National Committee for Clinical Laboratory Standards. <content styleCode="italics">Performance Standards for Antimicrobial Susceptibility Testing &#8211; Eleventh Informational Supplement.</content> NCCLS Document M100-S11, Vol. 21, No. 1, NCCLS, Wayne, PA, January, 2001.</paragraph>
							</item>
							<item>
								<paragraph>National Committee for Clinical Laboratory Standards. <content styleCode="italics">Methods for Antimicrobial Susceptibility Testing of Anaerobic Bacteria</content>&#8211; Fourth Edition. Approved Standard NCCLS Document M11-A4, Vol. 17, No. 22, NCCLS, Wayne, PA, December 1997.</paragraph>
								<list listType="ordered" styleCode="LittleAlpha">
									<item>
										<paragraph>Friedman JM and Polifka JE. <content styleCode="italics">Teratogenic Effects of Drugs. A Resource for Clinicians (TERIS).</content> Baltimore, MD: The Johns Hopkins University Press: 2000: 149-195.</paragraph>
									</item>
									<item>
										<paragraph>Cziezel AE and Rockenbauer M. Teratogenic study of doxycycline. <content styleCode="italics">Obstet Gynecol</content> 1997;89:524-528.</paragraph>
									</item>
									<item>
										<paragraph>Horne HW Jr. and Kundsin RB. The role of mycoplasma among 81 consecutive pregnancies: a prospective study. <content styleCode="italics">Int J Fertil</content> 1980; 25:315-317.</paragraph>
									</item>
									<item>
										<paragraph>Hale T. <content styleCode="italics">Medications and Mothers Milk.</content> 9<sup>th</sup> edition. Amarillo, TX: Pharmasoft Publishing 2000; 225-226.</paragraph>
									</item>
								</list>
							</item>
						</list>
						<paragraph>
							<content styleCode="bold">
								Oclassen
							</content>
							<content styleCode="bold">
								<br/>
							</content>DERMATOLOGICS<br/>A Division of Watson Pharma, Inc.<br/>Corona, CA 92880 USA<br/>
						</paragraph>
					</text>
					<effectiveTime value="20060412"/>
					<component>
						<observationMedia ID="MM1">
							<value mediaType="image/jpeg" xsi:type="ED">
								<reference value="monodox-figure-01.jpg"/>
							</value>
						</observationMedia>
					</component>
				</section>
			</component>
		</structuredBody>
	</component>
</document>
